user_id,gym_id,login_ts,logout_ts
3804,1,1700032393,1700035846
2088,1,1700393176,1700399344
4015,2,1700474978,1700482145
3577,2,1700732715,1700735262
4627,1,1701066529,1701072056
3699,2,1701211365,1701213915
2705,2,1701322824,1701328832
2705,2,1701396440,1701399359
1207,2,1701417778,1701424386
4937,2,1701418404,1701420338
4015,2,1701696822,1701702917
4937,3,1702017888,1702020321
1952,2,1702034822,1702038659
3219,1,1702116787,1702123882
1594,1,1702203608,1702205716
1053,1,1702403441,1702410608
4837,5,1702448888,1702451294
4732,4,1702450363,1702454527
4837,3,1702484867,1702491912
2304,2,1702496654,1702503242
4937,4,1702623730,1702629548
4732,5,1702631579,1702634348
2927,1,1702746331,1702751540
4952,1,1702823962,1702827225
3349,3,1702902771,1702908139
1585,2,1702970102,1702975150
3630,4,1703010799,1703017229
2576,3,1703110067,1703113262
1613,5,1703340492,1703345444
3349,5,1703358624,1703362148
4980,1,1703428459,1703430475
2255,1,1703524026,1703530927
2961,4,1703548799,1703553802
3223,5,1703565676,1703568398
1724,1,1703613956,1703616920
1260,2,1703643900,1703649812
2304,3,1703655659,1703662376
1486,3,1703690252,1703696928
1165,2,1703747069,1703752556
3100,1,1703809008,1703812442
1232,3,1703827008,1703833768
2072,1,1703873577,1703875451
2927,3,1703950279,1703956220
2719,1,1703952651,1703958956
1053,2,1703962928,1703964804
2165,1,1704005185,1704009998
1437,5,1704030482,1704036109
3615,1,1704045169,1704049034
4959,5,1704102516,1704104363
3630,5,1704111255,1704115366
3100,4,1704121675,1704123999
4018,1,1704207471,1704214245
2626,4,1704259124,1704265080
4736,5,1704274953,1704277416
2626,3,1704312259,1704314726
1878,5,1704333079,1704339708
2255,3,1704359891,1704363639
2544,2,1704421891,1704428361
3270,5,1704495315,1704499189
1165,3,1704571418,1704577977
2358,3,1704573552,1704577034
4605,2,1704592922,1704596331
4837,2,1704640215,1704647409
4579,1,1704658279,1704661116
2088,2,1704678263,1704682699
2787,4,1704686934,1704688889
2522,4,1704697296,1704701162
2576,5,1704732883,1704738790
2255,1,1704741215,1704747078
2563,4,1704778547,1704780976
4810,3,1704820534,1704827368
2686,3,1705017107,1705021048
3666,3,1705034929,1705038870
2033,3,1705036444,1705043602
4959,4,1705048897,1705052784
4284,5,1705112434,1705119521
1159,3,1705165207,1705170383
4944,5,1705174503,1705180999
2085,4,1705208259,1705211815
4164,1,1705209121,1705215552
4015,3,1705233589,1705235700
4040,3,1705233630,1705238610
3119,3,1705286135,1705288132
2262,4,1705289888,1705296546
4067,2,1705299264,1705305040
1285,2,1705407547,1705410788
3486,1,1705437338,1705441742
1587,5,1705441817,1705448577
1837,1,1705453217,1705458124
4674,4,1705463617,1705470252
2861,1,1705473243,1705477843
2967,2,1705482593,1705485125
3010,2,1705492797,1705496937
3898,1,1705522857,1705526047
3732,1,1705529354,1705532044
4688,4,1705596941,1705603342
2576,1,1705614727,1705617229
2968,5,1705626422,1705631942
2033,4,1705653086,1705658663
3109,2,1705713639,1705718149
2020,2,1705716310,1705720878
2961,5,1705720648,1705725262
4098,5,1705782510,1705789637
2888,1,1705816203,1705821671
2033,2,1706003559,1706009233
1207,3,1706011372,1706015530
4837,5,1706011962,1706018990
3942,4,1706057000,1706060158
1416,2,1706060422,1706065417
2227,2,1706091329,1706095754
1537,5,1706099183,1706101089
3707,3,1706115611,1706121429
1551,1,1706118264,1706123391
1053,2,1706134633,1706139865
1776,3,1706148608,1706150565
2619,2,1706235921,1706241635
4735,3,1706252533,1706259063
2425,3,1706354407,1706358566
2033,5,1706354544,1706360742
1647,2,1706371582,1706377280
2921,5,1706410379,1706414622
2335,5,1706443875,1706450502
1285,1,1706469982,1706471990
3026,4,1706478760,1706482275
2810,4,1706544466,1706548720
1878,5,1706554354,1706560360
1704,2,1706560414,1706567089
1627,3,1706570850,1706576705
4674,5,1706591560,1706595540
2225,4,1706611541,1706618541
1394,5,1706618416,1706624666
2271,5,1706630500,1706632453
4959,1,1706637328,1706643805
1394,1,1706657202,1706662772
1463,2,1706667628,1706670866
3916,4,1706718699,1706725697
4443,4,1706749932,1706755243
3026,4,1706783807,1706788496
2796,3,1706785516,1706792486
2420,5,1706789280,1706791883
3349,4,1706791586,1706798511
1141,3,1706803689,1706806270
1349,5,1706821988,1706827590
4322,5,1706822834,1706827075
2600,3,1706847618,1706850118
3140,4,1706848161,1706850221
2420,3,1706868320,1706871672
4098,3,1706911524,1706916317
2833,4,1706925199,1706928808
4688,3,1706936449,1706938581
4010,4,1706948036,1706950322
2019,1,1706957858,1706964783
4164,2,1706996100,1706998871
3386,1,1707012864,1707015481
3219,5,1707016219,1707018304
1837,1,1707049027,1707054376
2888,5,1707069874,1707073257
1647,1,1707104974,1707108633
3125,3,1707109343,1707116178
3539,1,1707120597,1707124830
1552,1,1707124170,1707130326
3226,2,1707124660,1707129599
3026,4,1707143043,1707146231
2935,5,1707146326,1707149861
3572,4,1707172440,1707178347
2522,5,1707215501,1707217986
2165,4,1707215959,1707218346
2876,2,1707252289,1707255612
2576,3,1707293164,1707299939
2386,1,1707298230,1707300308
3795,2,1707313272,1707317394
3219,3,1707316444,1707322872
4471,5,1707355704,1707362106
3630,2,1707390999,1707398197
2343,2,1707442965,1707445856
1015,4,1707450694,1707457335
3587,2,1707459816,1707461675
4763,1,1707541360,1707543930
4010,5,1707559501,1707565523
4363,1,1707568443,1707570361
4403,4,1707576558,1707580573
2805,1,1707582539,1707589736
1285,2,1707695771,1707699774
4098,1,1707713028,1707717333
3703,2,1707765742,1707769448
2927,1,1707768655,1707774406
1394,4,1707792148,1707794033
3623,4,1707796562,1707801819
2622,1,1707806147,1707812968
2465,1,1707817286,1707824037
1976,2,1707818195,1707823173
3898,5,1707819019,1707825331
4484,3,1707827831,1707832658
2335,2,1707891835,1707896559
2927,4,1707911271,1707917867
1435,1,1707928173,1707932617
2633,3,1707937900,1707940887
4810,3,1707962464,1707964582
3047,1,1707970154,1707974384
1572,4,1707981946,1707986361
1435,2,1707986704,1707990413
4688,5,1707988939,1707991445
3967,1,1707991488,1707994853
2307,4,1708000683,1708006512
2165,5,1708010512,1708013070
3154,5,1708016994,1708023739
2425,1,1708028109,1708034303
2236,2,1708046244,1708049835
2097,4,1708046556,1708049292
4003,3,1708064536,1708069681
4164,1,1708072278,1708074827
3119,3,1708105007,1708109271
1650,3,1708122194,1708127026
2695,4,1708134941,1708141246
3703,2,1708151723,1708155990
3500,2,1708176157,1708182683
3047,1,1708197008,1708202150
3309,4,1708216898,1708221352
2633,3,1708223331,1708226675
4959,5,1708233604,1708237152
3711,3,1708241594,1708245061
2861,4,1708266071,1708271039
4323,3,1708309967,1708312169
3036,4,1708339048,1708344272
1862,4,1708365617,1708371672
3572,3,1708382019,1708387944
4164,4,1708390459,1708395153
2304,3,1708399119,1708400933
3815,2,1708419414,1708422463
2271,2,1708421198,1708427971
1647,2,1708425499,1708429569
3703,1,1708468451,1708472468
2097,5,1708523565,1708526400
1125,1,1708551735,1708557871
4067,1,1708557400,1708559962
4076,3,1708557851,1708561562
3710,1,1708576210,1708581269
4147,3,1708588906,1708595474
3156,1,1708600412,1708604559
4018,2,1708603038,1708606200
4763,5,1708610259,1708616090
1858,4,1708619978,1708625565
4743,4,1708629109,1708635005
4664,4,1708673433,1708678203
4726,4,1708679721,1708683365
1572,4,1708704618,1708709010
3858,3,1708710602,1708714546
3649,2,1708711236,1708714296
4804,2,1708733104,1708738525
3916,5,1708738026,1708742939
4833,4,1708744502,1708747197
4587,3,1708771618,1708775503
1647,1,1708773884,1708776070
4215,3,1708792546,1708796093
1486,3,1708795124,1708802208
2048,4,1708801433,1708808267
1564,3,1708832328,1708835898
1838,2,1708876237,1708880215
4732,3,1708879395,1708884315
3463,1,1708885099,1708889445
3710,3,1708886242,1708892662
2344,2,1708892322,1708897249
4892,3,1708902922,1708909299
2165,1,1708907763,1708911084
3732,4,1708914236,1708916561
4322,1,1708942989,1708945628
2572,2,1708946339,1708952976
2019,3,1708964282,1708967847
1627,3,1708965401,1708971582
1951,3,1708968452,1708971840
1107,2,1708974018,1708981174
2435,4,1708975736,1708980371
3911,4,1709016395,1709020014
3010,4,1709022108,1709029018
1053,4,1709035208,1709041601
4018,2,1709057647,1709062430
2712,3,1709067875,1709072865
4952,5,1709092228,1709094928
2465,1,1709093712,1709096568
4874,5,1709106229,1709111799
3376,1,1709120764,1709124335
2020,4,1709143254,1709149710
4492,2,1709159679,1709166031
2358,2,1709191357,1709195971
1232,4,1709206060,1709211990
1796,2,1709207109,1709210874
4098,4,1709214920,1709219988
4937,3,1709230830,1709232683
3511,5,1709231975,1709238037
3347,4,1709232276,1709234896
3579,2,1709246968,1709253991
4015,4,1709255856,1709261358
2435,4,1709256512,1709260759
2758,1,1709274560,1709276601
3324,1,1709275931,1709278708
4980,2,1709287493,1709292016
1876,2,1709303772,1709308758
4408,1,1709303929,1709309514
1878,4,1709304971,1709309451
3219,3,1709313765,1709320821
4214,1,1709322462,1709326620
4040,2,1709342376,1709348985
4496,1,1709425503,1709428572
2207,2,1709476491,1709480845
3708,5,1709502502,1709507604
2192,5,1709542024,1709548756
2561,1,1709542718,1709547818
2758,4,1709548985,1709553630
3235,5,1709551689,1709557135
2212,5,1709557757,1709560673
3707,1,1709575901,1709581899
3942,5,1709596829,1709603818
4018,1,1709620073,1709625882
2600,4,1709625587,1709631110
4627,3,1709633009,1709638249
3982,4,1709637302,1709642278
2484,3,1709647933,1709653773
1878,5,1709656678,1709662795
3579,2,1709661766,1709665297
4627,3,1709685181,1709690255
2778,2,1709698312,1709702862
3463,4,1709705709,1709711041
2921,4,1709754583,1709758378
2097,5,1709777897,1709784779
2450,1,1709781982,1709785156
1866,3,1709787293,1709789348
2305,5,1709790132,1709797329
2304,5,1709813504,1709817396
3036,4,1709814371,1709818944
3734,4,1709815701,1709820430
3572,5,1709825911,1709832689
1776,5,1709856612,1709862533
2271,5,1709863212,1709865750
1435,1,1709915101,1709920172
4763,3,1709917856,1709921937
3140,2,1709920955,1709922912
3241,4,1709922177,1709926302
1009,5,1709935986,1709942620
3347,1,1709946059,1709947865
1125,2,1709947936,1709955104
4101,5,1709986700,1709993813
1232,2,1709991306,1709997858
3153,5,1710012050,1710015339
1580,3,1710012683,1710019153
2908,2,1710021908,1710028785
3507,5,1710033650,1710038972
2861,5,1710057448,1710060216
2967,3,1710059524,1710063604
3428,1,1710073758,1710076169
2138,2,1710077183,1710080978
1386,1,1710081292,1710084973
2141,3,1710087640,1710094840
4192,2,1710089904,1710094764
2335,5,1710110295,1710115965
3143,4,1710117706,1710124196
1285,3,1710118740,1710122365
3956,1,1710131675,1710137157
4743,1,1710148184,1710150496
3761,3,1710153629,1710160559
4091,1,1710155294,1710161605
3100,1,1710173339,1710179892
1159,3,1710221648,1710225579
3630,2,1710256362,1710258332
2495,1,1710275954,1710279925
3709,2,1710334402,1710337653
4042,3,1710341176,1710346771
1898,4,1710370235,1710374638
2260,2,1710380164,1710382788
4015,3,1710381829,1710385838
4496,1,1710410331,1710414843
4091,1,1710422519,1710427149
2888,1,1710425393,1710429890
4743,2,1710434332,1710441047
2163,5,1710442107,1710449296
4844,5,1710445859,1710452943
3511,3,1710474723,1710479300
4314,4,1710486808,1710490592
4098,1,1710504003,1710509992
1613,4,1710514273,1710516135
1486,2,1710530279,1710536088
1090,2,1710554086,1710559015
2425,4,1710631338,1710634617
4792,1,1710652930,1710657876
3956,3,1710660855,1710663740
4330,5,1710701066,1710707624
2810,5,1710702197,1710709010
4443,3,1710714064,1710720315
1495,5,1710736399,1710741707
1329,1,1710745453,1710747701
1702,4,1710758958,1710764034
4456,1,1710762472,1710764473
2325,3,1710782723,1710787261
3235,2,1710825014,1710832161
3727,2,1710839473,1710845119
4471,1,1710852356,1710858170
2927,4,1710863506,1710866602
3367,4,1710894293,1710898179
4147,2,1710895072,1710899635
2212,4,1710901145,1710904904
2085,1,1710956440,1710958585
1394,3,1710971100,1710973357
4587,1,1710979665,1710982183
1739,5,1710983758,1710987266
1479,5,1710997700,1711004432
4363,2,1711002357,1711005331
2739,4,1711033504,1711038794
3577,4,1711034391,1711040477
2335,4,1711047564,1711054646
3500,2,1711066098,1711071894
1021,1,1711075361,1711078774
1015,1,1711077381,1711083066
2343,5,1711082297,1711085176
2666,5,1711088610,1711091840
4658,3,1711103090,1711109704
2305,2,1711158482,1711161991
4605,1,1711163579,1711166064
1236,2,1711206429,1711209529
2255,3,1711207669,1711214001
3376,5,1711283487,1711286319
4743,5,1711287264,1711289406
4304,2,1711293124,1711298454
1512,3,1711310682,1711315489
3699,2,1711329570,1711335058
1416,4,1711330118,1711333524
4612,2,1711331125,1711336247
4391,3,1711348984,1711352366
3666,2,1711349804,1711356895
1936,3,1711359416,1711361380
4801,1,1711365643,1711368383
3386,3,1711366432,1711371790
4323,2,1711374628,1711377666
1330,2,1711392439,1711399364
2927,5,1711426614,1711430747
4356,1,1711429091,1711433779
3666,1,1711438935,1711443781
4010,5,1711444456,1711448339
1125,2,1711456933,1711462555
2796,4,1711470644,1711475724
1159,2,1711494929,1711497727
4129,3,1711503091,1711508990
3830,4,1711507864,1711511501
3226,1,1711514631,1711521674
3966,1,1711563281,1711565522
2361,2,1711568147,1711573640
2307,1,1711574419,1711576479
4830,4,1711577549,1711580088
1647,3,1711585708,1711587918
1632,3,1711600151,1711603376
1551,2,1711640751,1711645311
1125,2,1711661036,1711664177
3714,3,1711704370,1711706909
3036,3,1711747139,1711750806
4441,3,1711793128,1711796672
2165,5,1711809728,1711814657
4408,3,1711824769,1711831340
3602,1,1711831775,1711836383
4218,5,1711845397,1711851205
4012,3,1711872874,1711874689
2271,3,1711889812,1711891942
2544,3,1711890798,1711896968
2690,3,1711899373,1711904729
1272,1,1711915440,1711920232
1552,3,1711920550,1711925433
2967,4,1711930337,1711936376
2065,4,1711934985,1711937427
3705,2,1711988268,1711991070
1976,5,1711991696,1711995353
3830,5,1711998681,1712001687
4940,2,1712005102,1712008910
1260,2,1712015568,1712020228
4587,3,1712019889,1712026567
1520,1,1712021974,1712027963
3539,2,1712034551,1712038267
2163,2,1712034625,1712039004
3594,4,1712036914,1712039970
4010,2,1712063467,1712069640
3707,4,1712070052,1712075471
4403,3,1712070237,1712073432
4426,3,1712085368,1712088976
2752,2,1712114964,1712117288
3026,4,1712115520,1712119389
1163,4,1712133041,1712135892
1018,5,1712200091,1712206676
1296,5,1712200719,1712207062
4484,4,1712204997,1712210305
4801,5,1712256652,1712259466
2020,3,1712263101,1712266748
2003,5,1712303283,1712306416
1776,5,1712303398,1712309306
2888,2,1712303521,1712306110
2476,5,1712307218,1712314272
1207,1,1712309248,1712312109
2144,5,1712373084,1712380195
1656,5,1712373774,1712378187
3140,5,1712393123,1712397503
1137,5,1712396366,1712402670
2666,3,1712406759,1712411347
3495,2,1712410048,1712411885
3309,5,1712410623,1712412490
2190,4,1712419085,1712425485
3987,1,1712419262,1712425347
4356,3,1712429392,1712436413
1983,1,1712430347,1712433207
2638,2,1712433907,1712435954
1729,1,1712436576,1712438529
4555,5,1712442512,1712448748
3788,2,1712442592,1712446416
3732,1,1712451779,1712456708
4249,2,1712478566,1712482284
2600,3,1712481184,1712484138
1747,2,1712485734,1712490189
4028,1,1712488359,1712494445
4150,1,1712505748,1712512909
1627,1,1712522737,1712528631
4091,5,1712557537,1712560847
2966,2,1712567247,1712573016
1330,4,1712609105,1712612568
3623,5,1712618808,1712621590
1326,3,1712619784,1712623421
1232,4,1712636343,1712639034
2484,4,1712636439,1712639529
2435,4,1712637188,1712642313
1109,5,1712642252,1712647461
3699,1,1712643795,1712649247
2470,2,1712663733,1712670905
4546,2,1712676217,1712678437
3133,2,1712680978,1712683002
2361,2,1712699917,1712706974
2761,1,1712710504,1712717319
1146,1,1712724747,1712729286
3463,4,1712741345,1712746361
3372,5,1712744025,1712746639
1840,3,1712749251,1712756235
3109,1,1712778956,1712782268
1943,4,1712810202,1712814905
1702,4,1712814513,1712817336
3128,3,1712827350,1712830145
2088,3,1712847351,1712849778
3495,1,1712856629,1712860307
4020,2,1712861273,1712865702
4810,3,1712884828,1712886885
4215,1,1712892723,1712897333
1180,3,1712910228,1712913127
3709,2,1712922973,1712925896
4726,3,1712955363,1712959045
3723,3,1712959723,1712961610
3386,5,1712966499,1712972519
2861,4,1712972110,1712974337
1416,2,1712973490,1712975758
4129,2,1712977318,1712983039
4944,2,1712991573,1712998586
3119,1,1712993714,1712999632
4569,1,1712999460,1713005588
1505,5,1713012101,1713016417
4408,4,1713042454,1713045462
4936,5,1713044387,1713049170
2626,2,1713054944,1713060742
2003,1,1713055111,1713058756
1483,4,1713068358,1713071911
1420,5,1713075408,1713078323
1730,5,1713079594,1713084823
2799,1,1713094184,1713100656
1330,1,1713102723,1713106981
1146,4,1713116851,1713120633
2796,2,1713127229,1713129335
4992,3,1713158637,1713163987
3666,4,1713167243,1713171795
2031,3,1713186765,1713192571
3734,5,1713187186,1713189022
3109,2,1713188640,1713190592
4209,2,1713207854,1713211133
2964,2,1713208819,1713211987
2326,3,1713212390,1713218511
4449,4,1713216177,1713222549
4575,5,1713236360,1713238675
1009,1,1713267741,1713271747
1141,2,1713285913,1713288040
2337,2,1713286046,1713291236
3069,1,1713297784,1713301532
1916,4,1713317066,1713321936
2473,1,1713338375,1713344232
1866,4,1713370480,1713373590
3324,3,1713406750,1713412059
4003,3,1713409625,1713416025
2462,3,1713433488,1713437070
1180,2,1713449414,1713454622
1117,3,1713463829,1713470857
3100,2,1713471960,1713474905
2321,4,1713483292,1713490147
4779,3,1713484447,1713491630
3883,3,1713485584,1713488397
1394,3,1713503834,1713510873
2141,5,1713504885,1713506942
4042,5,1713509784,1713516200
4298,1,1713519006,1713522957
4804,2,1713520316,1713523559
3026,2,1713526511,1713532358
3073,5,1713529856,1713533482
3486,1,1713532069,1713533910
2358,2,1713542944,1713546016
1929,1,1713543466,1713547495
1026,2,1713554738,1713558049
3649,3,1713566468,1713569066
3761,2,1713589558,1713595041
4664,1,1713596860,1713601242
4020,5,1713617676,1713623320
3235,4,1713618948,1713624307
3699,1,1713630305,1713632774
4330,1,1713630308,1713636452
2279,5,1713639282,1713641285
4215,1,1713650577,1713657443
3645,4,1713665911,1713669475
4042,5,1713668169,1713674248
2544,2,1713685831,1713692868
1371,4,1713688110,1713691018
1747,3,1713690602,1713695077
1125,3,1713692338,1713694974
1416,2,1713718720,1713724046
1552,1,1713759426,1713762415
4358,2,1713762017,1713767808
4865,5,1713766991,1713773748
2600,5,1713768678,1713775805
2587,5,1713788105,1713792287
4091,4,1713803594,1713808639
2083,4,1713813439,1713816606
4348,3,1713819117,1713823153
2389,1,1713825448,1713830354
4271,2,1713830769,1713834154
2878,3,1713838928,1713842049
4496,2,1713867847,1713874746
3100,3,1713895497,1713902508
1060,2,1713898909,1713902622
4197,1,1713900709,1713907421
4150,5,1713906488,1713912729
4426,3,1713907524,1713912403
2040,4,1713908616,1713911010
4499,5,1713911268,1713916789
4654,4,1713915922,1713918456
2595,1,1713916584,1713918929
3500,1,1713927768,1713930250
3645,5,1713936216,1713938463
2796,3,1713937401,1713939928
1059,2,1713942601,1713944667
1585,5,1713952903,1713956364
2207,3,1713962041,1713966716
3069,4,1713985212,1713990702
2455,5,1713990289,1713993743
2351,1,1713991070,1713994552
4881,3,1713991959,1713998566
4408,3,1714004723,1714010504
4499,1,1714005168,1714012166
2751,4,1714010688,1714016203
1213,5,1714029288,1714031394
1125,5,1714029606,1714032369
1161,2,1714036118,1714042675
1540,4,1714037125,1714038985
1490,3,1714037949,1714045055
2088,5,1714041225,1714043623
4348,4,1714044288,1714048578
1775,3,1714046889,1714050386
1520,5,1714049806,1714053199
4928,2,1714063008,1714067598
3707,2,1714067515,1714070347
1159,2,1714070246,1714076994
4197,4,1714083671,1714086013
1394,4,1714088248,1714092842
1747,2,1714095938,1714099909
3875,4,1714099217,1714102501
3217,5,1714109103,1714112886
4951,3,1714112274,1714116700
3911,2,1714124530,1714131160
4499,2,1714125053,1714131838
3507,3,1714139653,1714145792
4391,5,1714144269,1714150063
4218,5,1714144596,1714148991
1866,3,1714145179,1714152070
3481,5,1714147634,1714153415
3106,2,1714152565,1714156259
3078,5,1714173334,1714179395
2619,5,1714176979,1714180303
3447,2,1714180223,1714185146
2431,2,1714209406,1714214523
1236,3,1714216464,1714218964
2455,1,1714220298,1714222579
4629,4,1714222814,1714229689
2476,4,1714223050,1714225324
3349,2,1714238962,1714245835
4704,4,1714244480,1714251119
2386,1,1714340555,1714344993
4437,5,1714342639,1714347904
2861,2,1714344079,1714347734
3256,2,1714348941,1714351965
3487,3,1714358572,1714360842
2207,4,1714358599,1714362752
2435,4,1714368529,1714375491
1875,1,1714388491,1714392995
3069,3,1714391837,1714395897
2761,3,1714400210,1714407281
4605,2,1714417598,1714423223
2321,2,1714422987,1714425493
1486,2,1714447333,1714449335
3703,5,1714453299,1714458202
2522,5,1714455143,1714459548
3093,5,1714469655,1714472080
4172,1,1714473044,1714478808
1490,3,1714474352,1714477035
2291,4,1714476353,1714483134
1049,1,1714489919,1714493999
2553,4,1714504431,1714509634
4516,3,1714513162,1714515823
1105,1,1714518870,1714521231
2279,4,1714533609,1714538861
2961,4,1714542416,1714545761
1165,2,1714542688,1714548378
3761,1,1714542820,1714546908
3399,1,1714548634,1714553791
3647,2,1714563259,1714566160
4605,4,1714564029,1714568222
2450,3,1714570013,1714573770
1625,5,1714570075,1714575258
4275,4,1714575859,1714580111
3761,3,1714580447,1714587131
1361,5,1714584335,1714589329
1869,5,1714590770,1714596900
3804,2,1714591659,1714594560
1125,3,1714599157,1714603115
3480,3,1714603763,1714608452
3982,1,1714614250,1714620363
1587,3,1714616623,1714623384
4150,2,1714621943,1714627172
1018,3,1714627594,1714632178
3703,3,1714642055,1714645793
1006,5,1714644987,1714651527
4433,4,1714653818,1714657960
1729,2,1714672008,1714678783
2833,2,1714680979,1714687820
2935,2,1714685790,1714690423
4735,5,1714691417,1714696230
2563,4,1714692075,1714697220
1349,2,1714698058,1714704759
2110,2,1714712164,1714714971
4101,5,1714715595,1714720610
4147,5,1714721774,1714726315
4426,5,1714734567,1714741590
3335,3,1714758502,1714763391
3362,1,1714801076,1714803983
3561,3,1714802724,1714805402
1647,5,1714806850,1714812576
1749,1,1714847835,1714852453
4676,1,1714859280,1714863811
4091,3,1714867469,1714870859
1349,1,1714867899,1714873536
2260,1,1714880450,1714883225
3266,3,1714883051,1714888788
3363,3,1714884191,1714891026
1122,2,1714900025,1714907094
4688,3,1714904147,1714910122
4597,2,1714908174,1714912255
2040,5,1714918628,1714924487
2208,1,1714925586,1714932244
1121,5,1714927424,1714929414
1901,1,1714941849,1714948735
2924,2,1714951225,1714955289
4787,1,1714952023,1714958444
3552,5,1714957082,1714963553
4299,3,1714965092,1714968446
1831,4,1714973775,1714977718
4920,4,1714988824,1714992090
2003,4,1715003934,1715011043
3727,1,1715010028,1715016972
2325,1,1715013136,1715015305
1993,4,1715028064,1715030932
1555,5,1715049119,1715054166
2382,1,1715057024,1715059567
3572,2,1715058455,1715061335
4365,2,1715078842,1715083923
1479,5,1715081923,1715086024
3916,2,1715088665,1715090708
2580,1,1715097332,1715102015
4010,1,1715114880,1715119659
2083,4,1715125078,1715130869
1161,2,1715177231,1715183494
2278,5,1715189033,1715193300
2516,2,1715200985,1715204603
3776,3,1715205593,1715207690
3121,3,1715208485,1715212401
1483,1,1715210611,1715217500
4076,4,1715225028,1715230024
4587,2,1715230907,1715236096
2544,2,1715230925,1715234337
4042,5,1715237090,1715240568
3055,5,1715246696,1715251807
4103,4,1715248790,1715253324
4992,1,1715267808,1715271005
4010,2,1715298669,1715302726
1831,3,1715316899,1715319487
4238,5,1715321602,1715324223
1960,5,1715322926,1715329599
4299,5,1715328243,1715332633
4865,1,1715342700,1715345882
2017,2,1715362357,1715366568
4789,4,1715384663,1715390233
2417,3,1715390423,1715394024
2212,4,1715390446,1715392827
4323,2,1715423355,1715427585
3858,4,1715425051,1715429711
4492,1,1715425772,1715429053
3047,1,1715428947,1715433640
2561,1,1715436527,1715440972
3293,2,1715438567,1715443017
2291,4,1715443309,1715445681
3965,4,1715443326,1715450186
2003,3,1715459018,1715463678
3659,3,1715460599,1715465828
2437,1,1715470098,1715477139
3140,2,1715489330,1715495635
1330,1,1715493592,1715498500
3579,3,1715510047,1715516192
1463,1,1715511455,1715514744
2065,4,1715532917,1715537373
3086,5,1715536534,1715541254
2382,2,1715545635,1715552007
4067,3,1715553828,1715560615
2110,5,1715571750,1715577948
4209,5,1715572306,1715579482
4322,3,1715577980,1715581862
3419,4,1715588405,1715591748
3167,3,1715589499,1715596404
1060,5,1715616385,1715621152
3659,2,1715627491,1715631710
1232,5,1715648026,1715653919
1213,2,1715701565,1715706868
1437,3,1715704040,1715709458
3711,3,1715719366,1715722240
4489,3,1715721767,1715728787
3154,3,1715722831,1715724973
2638,3,1715727658,1715732193
1139,4,1715742769,1715744941
1725,3,1715772741,1715774802
4203,1,1715800031,1715805727
2633,5,1715813737,1715817699
1006,1,1715816044,1715819413
1146,5,1715821752,1715826660
3423,4,1715824059,1715827082
1929,1,1715851354,1715856376
1084,5,1715852923,1715858664
1075,2,1715858290,1715861917
3552,4,1715869850,1715874210
2638,1,1715883465,1715887315
2079,1,1715886528,1715893497
4375,4,1715891211,1715894103
2443,1,1715901302,1715905689
3362,2,1715902201,1715905083
1364,5,1715907764,1715913829
1001,4,1715914831,1715917061
4218,5,1715919722,1715924158
1901,3,1715930539,1715933164
1878,4,1715956363,1715960615
1232,4,1715966358,1715969721
4258,4,1715969926,1715977025
3026,2,1715976785,1715983919
4348,1,1715979707,1715986620
1547,1,1715987156,1715991888
4238,5,1715989920,1715996722
2431,1,1716010404,1716012693
1365,3,1716015065,1716019964
1379,4,1716023182,1716029272
3437,4,1716024965,1716028381
1038,2,1716032127,1716037089
3819,4,1716032191,1716038384
4098,5,1716033224,1716039606
4070,2,1716038034,1716044511
1479,1,1716038887,1716044436
1361,5,1716040270,1716044018
3615,5,1716041397,1716046003
4249,3,1716065949,1716071933
3475,3,1716067316,1716070964
3931,2,1716095243,1716097411
3167,1,1716097784,1716102788
4865,1,1716107394,1716113029
2079,1,1716119663,1716125351
2083,1,1716121332,1716127671
1121,2,1716128643,1716135292
1769,2,1716139987,1716141984
1482,5,1716144189,1716146664
1015,3,1716144751,1716149774
1839,3,1716157421,1716163144
2465,5,1716163890,1716166512
1319,2,1716165179,1716170352
2110,5,1716167745,1716174461
1180,1,1716169043,1716173783
1552,1,1716171220,1716176936
3587,1,1716176261,1716181352
1420,1,1716180079,1716186258
1426,3,1716194617,1716196942
3386,3,1716199057,1716205882
2476,3,1716200435,1716205198
2459,4,1716233556,1716237337
3581,3,1716240565,1716243837
4299,1,1716240754,1716247387
4070,4,1716253319,1716257698
2969,4,1716257118,1716259367
1330,2,1716260880,1716264898
4908,2,1716281140,1716288098
3594,1,1716292095,1716296466
2389,1,1716311872,1716318862
3623,5,1716318894,1716323660
4881,4,1716321616,1716324592
1049,3,1716322097,1716325417
3223,5,1716333081,1716337434
3486,4,1716337623,1716344803
1656,2,1716340906,1716344594
4654,3,1716360496,1716363420
2190,1,1716379966,1716383586
3363,3,1716390600,1716397690
3187,5,1716397712,1716402096
3804,3,1716408511,1716412158
1495,3,1716413961,1716420469
4408,5,1716424906,1716428085
1587,2,1716428055,1716434897
1452,2,1716431743,1716435133
3128,2,1716451069,1716457771
2272,2,1716453392,1716457410
4000,1,1716466688,1716473459
1452,3,1716482462,1716488093
2799,2,1716482691,1716489099
3966,3,1716485794,1716489281
2378,5,1716486575,1716491324
3666,3,1716516106,1716520674
4192,3,1716523640,1716529514
2725,1,1716531064,1716536816
1215,2,1716531374,1716536914
2026,1,1716538389,1716543372
1105,3,1716546393,1716553580
2580,2,1716546655,1716549853
2958,5,1716559847,1716566075
4555,4,1716561232,1716566867
4275,1,1716563382,1716570358
1261,5,1716566040,1716568578
1215,4,1716566248,1716570972
3666,4,1716572417,1716575620
4492,3,1716574006,1716579238
1680,5,1716580521,1716586002
1952,5,1716584289,1716587565
3912,3,1716594261,1716599253
2799,4,1716597260,1716600101
3937,2,1716599633,1716603372
3883,3,1716633909,1716636348
3786,3,1716640162,1716643766
1369,2,1716640400,1716642691
1988,1,1716648386,1716650926
4143,5,1716669151,1716671235
1551,2,1716675727,1716681107
1537,1,1716690887,1716693885
1117,1,1716692166,1716696923
1801,5,1716719720,1716726505
2135,4,1716729630,1716734363
4920,3,1716733397,1716739969
3774,3,1716745974,1716749771
4363,4,1716747979,1716753598
1379,3,1716752333,1716758841
2354,4,1716753878,1716758991
3875,1,1716766970,1716772778
2830,5,1716780037,1716785965
1916,3,1716793019,1716798776
2415,5,1716797852,1716804586
4911,1,1716800835,1716806597
2227,3,1716802685,1716808576
2031,3,1716808436,1716814124
4197,2,1716808840,1716813552
1716,1,1716813587,1716817530
1273,5,1716818268,1716820793
2876,5,1716820278,1716824657
3732,4,1716828425,1716832603
3255,4,1716830060,1716832541
2079,5,1716837262,1716842755
4219,5,1716838129,1716840596
3880,1,1716848941,1716851114
2399,2,1716882758,1716889570
4548,2,1716883126,1716890307
2576,4,1716896967,1716901035
1580,4,1716898876,1716904255
2633,2,1716899845,1716906972
3715,1,1716900597,1716903631
4777,5,1716909789,1716914289
3332,1,1716933834,1716938347
3867,3,1716951935,1716956490
3732,5,1716963855,1716970174
2420,5,1716978980,1716982233
4637,1,1716986638,1716993385
1980,5,1716992719,1716999492
3475,5,1717002614,1717008488
4101,5,1717013714,1717016424
3711,4,1717022061,1717027370
3167,2,1717026523,1717029001
1512,1,1717030316,1717035315
3569,3,1717045035,1717051956
4070,2,1717046276,1717049941
4801,3,1717085639,1717090374
2207,2,1717093394,1717098085
2600,5,1717099520,1717105268
2106,4,1717145636,1717149808
4608,3,1717146620,1717151944
4810,3,1717152317,1717155520
3594,5,1717152880,1717156569
4789,4,1717162848,1717165993
1495,2,1717170970,1717173560
2964,5,1717172785,1717179594
1206,3,1717177564,1717183849
1855,4,1717212630,1717216697
3362,4,1717215725,1717219420
2553,2,1717225036,1717228974
4103,4,1717236717,1717243010
4062,1,1717237967,1717243547
1009,4,1717240212,1717242397
3367,2,1717245970,1717250536
1283,3,1717247478,1717254295
1687,4,1717248763,1717250934
2435,2,1717249935,1717252687
4443,1,1717255936,1717260422
4555,4,1717256421,1717262378
3851,3,1717263524,1717267262
3678,3,1717269902,1717272965
2887,3,1717272143,1717275574
1090,4,1717297133,1717299863
3685,1,1717302882,1717307757
4962,2,1717311955,1717315411
2805,5,1717323709,1717329567
1482,2,1717376891,1717383095
1486,4,1717379760,1717383902
2218,2,1717380355,1717385762
4590,5,1717383728,1717386322
4549,4,1717397628,1717399729
2412,4,1717400251,1717404543
2495,3,1717401725,1717408671
2966,3,1717406875,1717410267
1006,3,1717409145,1717411289
2787,2,1717414809,1717418822
2272,1,1717416762,1717418804
1490,1,1717427286,1717433924
1192,3,1717437514,1717442299
4489,5,1717466969,1717470276
2432,5,1717489299,1717492887
1118,4,1717494921,1717499119
1667,4,1717499507,1717503352
3223,2,1717541766,1717546794
3692,3,1717545348,1717547473
1769,5,1717577532,1717582397
4298,4,1717581762,1717585574
2212,1,1717588988,1717593564
1868,4,1717596247,1717599739
4010,3,1717600516,1717604715
1795,4,1717601232,1717603429
3858,3,1717608067,1717610515
3347,2,1717610360,1717616590
4408,2,1717612806,1717618921
4585,2,1717617263,1717620764
3966,1,1717622821,1717629966
4069,3,1717628259,1717631308
4121,1,1717630604,1717635559
1516,3,1717637768,1717642220
3780,5,1717643402,1717649935
2138,1,1717645974,1717650932
1540,4,1717649405,1717655742
4375,3,1717654045,1717659436
1483,1,1717656512,1717660196
4908,1,1717658189,1717664627
3010,1,1717664701,1717671111
2425,2,1717665640,1717672360
1906,2,1717673092,1717677570
2751,1,1717679500,1717684582
2921,1,1717685145,1717688922
3154,5,1717686423,1717693145
2585,2,1717719318,1717723853
4865,5,1717722826,1717725232
4808,3,1717728312,1717734310
1109,1,1717730812,1717737848
3333,3,1717738576,1717742290
2666,4,1717739579,1717745129
2040,2,1717773906,1717777750
4332,2,1717780470,1717784602
2106,1,1717786829,1717793158
4375,3,1717798573,1717804140
4992,5,1717817018,1717819163
2705,2,1717832946,1717835384
3533,4,1717842699,1717846922
4249,2,1717851239,1717857400
3636,4,1717860526,1717863199
3093,2,1717865529,1717869099
1420,1,1717869702,1717874181
4770,2,1717897683,1717901724
3438,4,1717898066,1717904296
2561,5,1717913984,1717917487
3363,5,1717919557,1717922188
1516,2,1717919755,1717923339
1319,4,1717932197,1717936607
2079,4,1717942915,1717945141
2893,5,1717950210,1717955432
3703,3,1717954649,1717958817
4314,1,1717970124,1717975260
3153,1,1717975663,1717981470
4298,5,1717983768,1717990528
2927,4,1717988195,1717990955
2442,2,1717994703,1718001630
1572,1,1718012689,1718017546
2163,4,1718015208,1718021023
3512,2,1718021458,1718025743
2443,5,1718022268,1718028989
1626,5,1718022999,1718027194
4471,3,1718023453,1718027360
1361,4,1718030252,1718036927
2424,2,1718035328,1718040166
1626,2,1718038604,1718041357
1435,2,1718051269,1718053899
2389,4,1718055142,1718060663
1435,3,1718061834,1718066484
2821,2,1718061914,1718068346
1180,3,1718062021,1718068629
4789,2,1718064153,1718071149
4296,5,1718076701,1718082519
4798,5,1718079370,1718085836
2291,2,1718086471,1718092600
4129,1,1718092869,1718095388
3026,5,1718096538,1718099638
2935,4,1718098883,1718105427
3500,1,1718099471,1718106137
2921,3,1718115021,1718117163
3391,5,1718121402,1718125948
3224,3,1718125460,1718127989
2847,1,1718143365,1718149889
2462,2,1718155673,1718159263
3358,2,1718157836,1718164223
3931,1,1718164364,1718170161
3812,5,1718192594,1718196535
4214,1,1718197801,1718202425
2908,4,1718198339,1718200341
3494,1,1718208655,1718210925
1394,1,1718209027,1718211528
3362,5,1718209288,1718212273
1988,3,1718213283,1718217846
4391,5,1718214577,1718219551
3819,2,1718218075,1718221046
4208,1,1718218247,1718223159
3481,3,1718222906,1718227418
1330,2,1718228213,1718234589
2415,3,1718233188,1718237080
4106,5,1718235224,1718242077
3978,5,1718236322,1718242272
4959,4,1718240641,1718247656
4940,4,1718245740,1718247780
4694,5,1718253676,1718256711
2758,1,1718260197,1718264878
2014,4,1718273395,1718279164
2208,3,1718273507,1718275819
2382,4,1718274980,1718279299
1349,3,1718277625,1718282356
4938,1,1718277774,1718283246
4354,5,1718289378,1718294142
1520,2,1718293976,1718299246
1163,2,1718296122,1718302271
3814,4,1718298228,1718305148
4484,5,1718305498,1718309229
2327,3,1718306374,1718309895
4182,5,1718313971,1718319213
2399,1,1718314778,1718317672
2961,4,1718319834,1718324220
2961,1,1718329202,1718331591
4674,5,1718334880,1718337433
2958,2,1718348299,1718353345
3830,1,1718363253,1718368212
4314,1,1718386527,1718389522
3761,4,1718390360,1718395917
2961,1,1718405148,1718409055
3853,4,1718411735,1718415547
3707,5,1718413235,1718419598
2053,5,1718432799,1718434730
1452,4,1718440375,1718446947
1490,4,1718443069,1718449579
3362,2,1718444142,1718448034
4736,2,1718445600,1718449935
1852,5,1718459820,1718463314
1551,1,1718476992,1718479809
2648,4,1718482887,1718489517
3726,4,1718487753,1718492401
1021,2,1718499497,1718502788
3966,1,1718502966,1718509650
3775,1,1718515155,1718517006
3347,4,1718516660,1718520200
3460,4,1718537130,1718541407
4996,5,1718555114,1718559869
2600,4,1718560777,1718566312
4433,3,1718562296,1718568643
2205,5,1718576249,1718583221
3552,3,1718585822,1718590304
1105,2,1718592123,1718597876
2450,4,1718594832,1718598255
3381,5,1718604242,1718611300
1868,5,1718619371,1718622854
2646,1,1718651280,1718656467
1988,2,1718654560,1718661624
4808,4,1718655758,1718659057
4121,2,1718666843,1718671115
3324,5,1718668955,1718673934
1121,5,1718670639,1718675991
2764,5,1718683861,1718691029
3647,4,1718697304,1718699468
4699,1,1718725803,1718732455
2198,3,1718726630,1718730711
2068,4,1718727523,1718730209
3923,4,1718735934,1718741738
1125,4,1718736400,1718739095
4020,3,1718759018,1718762178
1980,2,1718774777,1718778069
2395,2,1718782803,1718787309
4770,5,1718789477,1718794903
3221,1,1718790468,1718792783
3768,3,1718802654,1718808768
3256,1,1718811043,1718815623
2657,2,1718811330,1718813392
1852,1,1718811507,1718814641
3705,4,1718819589,1718824542
2373,5,1718830658,1718835354
4492,5,1718833404,1718839514
4798,4,1718834630,1718841031
2278,1,1718837347,1718844491
2017,2,1718852000,1718855046
4452,4,1718856972,1718863834
1135,5,1718857511,1718863596
1006,2,1718865253,1718869336
2927,4,1718885227,1718891052
2968,5,1718911132,1718917623
2833,4,1718911477,1718913353
4892,4,1718915178,1718919704
2645,2,1718930811,1718934421
1570,4,1718931113,1718936167
2106,4,1718940645,1718945532
2223,2,1718948002,1718950020
4844,5,1718948732,1718951945
3945,4,1718948904,1718950722
1285,4,1718952298,1718958933
3099,2,1718953929,1718957965
2648,2,1718970688,1718974217
3777,4,1718974077,1718978478
4070,3,1718977933,1718982324
1189,2,1718978915,1718985735
1831,3,1718989721,1718992786
1613,4,1718994201,1718998029
4203,4,1718995354,1719000171
1163,3,1719003941,1719006313
4101,5,1719008963,1719011006
4426,2,1719013218,1719016731
4733,1,1719034471,1719037734
2939,4,1719045649,1719047803
4304,5,1719057257,1719059725
4546,1,1719061594,1719067282
4629,5,1719064585,1719066413
2585,1,1719065579,1719069153
1713,3,1719088180,1719091041
4172,4,1719094035,1719099557
3579,1,1719100554,1719105953
4548,5,1719101391,1719103332
4910,1,1719111658,1719116420
1795,5,1719117140,1719121015
3900,3,1719122046,1719124047
4789,3,1719124308,1719126144
1796,5,1719129478,1719136282
3775,4,1719129930,1719132386
4441,5,1719150860,1719155064
2340,3,1719160247,1719166090
1796,1,1719169473,1719172699
1001,2,1719175420,1719177260
1610,1,1719176095,1719181492
2068,1,1719195990,1719202935
1122,3,1719234655,1719237640
4180,1,1719239812,1719246071
2906,2,1719251467,1719254227
1288,1,1719258750,1719262376
2141,1,1719260008,1719263941
4015,5,1719263375,1719267284
2727,1,1719264562,1719266712
2190,5,1719287664,1719291926
2475,3,1719287857,1719294139
2327,1,1719289176,1719295019
4348,2,1719292056,1719297484
1416,1,1719292221,1719297591
2693,2,1719293066,1719297001
3106,4,1719300821,1719307381
1540,3,1719301765,1719305519
2014,1,1719304804,1719310632
1490,5,1719308938,1719312178
4938,4,1719318228,1719320322
3628,5,1719348260,1719351596
4637,1,1719348669,1719353344
1769,3,1719356993,1719360797
2227,2,1719369419,1719375785
1220,4,1719373326,1719376381
1718,1,1719379834,1719385116
3219,2,1719386336,1719389817
2227,1,1719389145,1719391861
2163,1,1719389884,1719392730
3707,2,1719394501,1719396576
1386,2,1719397788,1719404130
4091,2,1719402425,1719404990
3255,5,1719412392,1719415647
2585,3,1719414971,1719420851
3607,5,1719418636,1719423354
3363,4,1719427645,1719434055
1223,2,1719427959,1719430503
3645,5,1719443894,1719445705
2484,3,1719444336,1719446677
1060,2,1719454258,1719460257
3140,1,1719456265,1719458369
3381,1,1719464964,1719469642
3156,2,1719469213,1719472455
1758,3,1719480715,1719485463
2272,1,1719497719,1719502507
3615,4,1719498799,1719505576
1699,1,1719501856,1719507501
1420,3,1719502788,1719509119
2561,5,1719504793,1719510232
4214,4,1719521449,1719523628
4000,5,1719536871,1719543718
1627,3,1719537961,1719544264
1996,5,1719539694,1719542830
4332,4,1719544471,1719548753
3125,5,1719554963,1719557657
3830,1,1719561240,1719567303
4551,2,1719565990,1719569725
1516,3,1719577853,1719580747
3529,2,1719580410,1719585354
3587,3,1719594094,1719600950
1050,4,1719598042,1719603366
4569,5,1719617982,1719624484
3636,1,1719640631,1719647284
4106,1,1719640880,1719646687
2225,2,1719642607,1719644875
4909,2,1719645521,1719650626
4763,5,1719648844,1719650843
2417,4,1719654452,1719657500
3270,3,1719664736,1719666710
2846,4,1719665688,1719670434
4226,4,1719668223,1719674291
3100,4,1719672931,1719679874
1570,2,1719680892,1719685093
1326,3,1719692330,1719696663
4951,1,1719699293,1719703754
2031,3,1719710459,1719714596
3100,1,1719710535,1719717377
3156,4,1719726383,1719731156
1758,2,1719727189,1719732763
2931,5,1719747353,1719754035
4612,4,1719753261,1719755176
2425,3,1719763061,1719769545
3552,4,1719765792,1719768161
4249,1,1719768585,1719771713
4629,5,1719776579,1719781197
4332,4,1719797926,1719802055
3980,1,1719801617,1719806573
3847,2,1719805404,1719809688
4699,3,1719815642,1719821488
4973,3,1719816050,1719821328
4959,2,1719826026,1719830857
3945,4,1719832072,1719835656
1341,5,1719832355,1719837906
4780,4,1719834608,1719839359
1159,3,1719835140,1719838620
4807,3,1719836375,1719840452
1165,1,1719844360,1719847278
1601,1,1719853174,1719855468
2361,4,1719863492,1719866851
4890,2,1719871510,1719875212
4733,3,1719874334,1719877757
2796,3,1719875047,1719878598
4569,5,1719878751,1719885178
3851,4,1719885209,1719887696
1139,3,1719889459,1719893780
4358,3,1719891553,1719898542
3848,2,1719904317,1719907893
4596,1,1719915608,1719919911
2321,3,1719920121,1719923439
3475,3,1719925296,1719932016
2758,5,1719929288,1719935716
2666,3,1719930056,1719936911
4780,5,1719934322,1719937308
2198,4,1719940179,1719945607
1426,1,1719940470,1719945197
4552,2,1719963997,1719966625
4129,3,1719965570,1719970817
3710,5,1719967277,1719969179
1353,4,1719982837,1719985257
2458,4,1719993063,1719997755
2695,2,1720012161,1720016512
1045,1,1720012484,1720015582
1831,2,1720012491,1720017683
4129,3,1720036150,1720040787
4456,1,1720038420,1720045005
4143,4,1720044079,1720047582
1483,4,1720047805,1720051075
3780,4,1720051277,1720057467
2305,3,1720060819,1720062740
2065,1,1720063024,1720069437
4028,1,1720069828,1720075809
2585,3,1720072986,1720078762
3980,4,1720074056,1720077924
4962,2,1720077756,1720081174
1135,1,1720082212,1720086153
2305,3,1720088701,1720095819
3463,1,1720089484,1720092998
2860,1,1720091724,1720093738
1277,3,1720093297,1720100197
2382,3,1720097449,1720103028
2693,2,1720101700,1720105254
4028,3,1720108509,1720114290
3942,1,1720110463,1720115188
4940,4,1720111090,1720113012
2316,4,1720117273,1720123866
2361,5,1720120551,1720124275
2279,1,1720130005,1720135671
3153,4,1720135462,1720138030
4597,1,1720142792,1720148969
2251,2,1720147757,1720150125
2600,2,1720149547,1720152240
3179,1,1720159269,1720164328
2079,3,1720161251,1720165875
1656,3,1720164149,1720167617
2967,3,1720164708,1720170495
2083,2,1720171890,1720173703
4101,3,1720179313,1720185373
3047,3,1720191092,1720193805
1297,1,1720191623,1720198184
3254,5,1720192530,1720198731
1273,5,1720194072,1720197769
4150,2,1720201152,1720205617
1373,3,1720203269,1720209543
2858,4,1720208554,1720214326
4743,5,1720210159,1720213999
3819,5,1720210990,1720215888
4982,4,1720211624,1720217605
3036,1,1720245388,1720252467
4299,5,1720246105,1720252905
2213,2,1720249377,1720256251
4789,4,1720259545,1720266512
3391,2,1720262158,1720268748
1189,5,1720272993,1720276873
4003,2,1720273127,1720276380
3143,1,1720279258,1720282784
4726,1,1720285228,1720291983
1272,2,1720289644,1720292050
1945,4,1720289973,1720292178
1038,5,1720292191,1720297260
3109,4,1720304824,1720310953
1360,4,1720306016,1720312391
3628,1,1720317889,1720320893
3832,3,1720325219,1720329764
3333,1,1720332207,1720337522
1159,3,1720332231,1720334376
1477,1,1720335617,1720339975
3808,1,1720350095,1720354473
4214,2,1720351796,1720358526
1215,5,1720352965,1720357605
1881,5,1720356049,1720362721
1341,2,1720361522,1720367281
3179,4,1720368656,1720370624
1364,3,1720371199,1720373466
1612,5,1720373761,1720380360
3874,5,1720375472,1720379236
4262,5,1720377565,1720381453
4180,2,1720378514,1720380475
4766,5,1720380209,1720383930
2595,1,1720384555,1720386946
4172,5,1720386470,1720390996
2382,2,1720398843,1720403633
3486,2,1720402340,1720406439
4489,4,1720406453,1720409895
4220,2,1720412210,1720415538
3109,5,1720413164,1720418796
4143,4,1720424129,1720427702
3937,2,1720432331,1720436858
3386,1,1720437509,1720439956
3376,1,1720438168,1720441381
2014,1,1720470920,1720474335
4093,4,1720484286,1720489160
3579,2,1720501352,1720507966
4733,4,1720504102,1720510842
1969,1,1720517823,1720520913
3497,4,1720520775,1720525978
4220,4,1720524818,1720531741
2053,5,1720525969,1720531954
1050,4,1720528969,1720534839
4936,4,1720529950,1720536746
3254,5,1720530802,1720533901
4716,2,1720532632,1720536963
2522,1,1720544085,1720549252
3923,5,1720552921,1720555935
2321,3,1720558309,1720563416
3146,5,1720565499,1720567360
1505,5,1720579488,1720581443
4180,1,1720582933,1720588626
1460,2,1720598861,1720601088
3047,2,1720601597,1720605179
2697,5,1720605066,1720607399
3659,3,1720605492,1720612592
1373,3,1720609889,1720617019
2751,5,1720618053,1720621162
1162,1,1720619189,1720623135
1045,4,1720622557,1720627869
4909,4,1720624660,1720631140
3965,2,1720632161,1720634086
2192,3,1720652015,1720656124
1060,4,1720654578,1720659958
3846,5,1720664231,1720670740
2722,1,1720672946,1720675890
2325,4,1720674246,1720676546
1003,1,1720682187,1720686002
1296,2,1720697288,1720702739
4754,4,1720703701,1720709051
2212,1,1720713501,1720720647
4483,4,1720730641,1720733683
1410,5,1720734392,1720738453
3533,3,1720739118,1720741303
3512,4,1720745154,1720749265
2362,5,1720760901,1720766162
1929,3,1720771744,1720774970
2110,2,1720776954,1720781732
4865,5,1720791212,1720794560
3219,5,1720799452,1720805721
2230,4,1720812154,1720818594
2906,3,1720813814,1720819798
3136,4,1720823242,1720828369
2340,3,1720825555,1720829102
1855,1,1720829345,1720836131
2846,2,1720835577,1720840306
4321,2,1720837431,1720841939
3266,1,1720845897,1720853034
4180,5,1720848367,1720855062
3732,2,1720848570,1720852379
2787,5,1720852562,1720856521
2465,5,1720853580,1720857204
1795,5,1720855188,1720861511
4627,3,1720856267,1720858524
4833,2,1720863950,1720871150
4874,1,1720870347,1720876508
1069,5,1720875781,1720879463
2933,2,1720880216,1720885221
3207,2,1720880504,1720887500
1810,5,1720885513,1720888463
3013,3,1720886838,1720892792
2458,4,1720890530,1720896506
4070,3,1720892855,1720899820
2764,2,1720893876,1720898359
3913,4,1720897173,1720900012
3965,5,1720909038,1720911026
1273,2,1720910468,1720912961
2858,2,1720919068,1720924721
3460,3,1720924272,1720927179
3384,1,1720931643,1720935972
1886,1,1720935128,1720940255
1547,1,1720937495,1720944445
4325,2,1720938596,1720942646
4865,1,1720962690,1720968361
2242,1,1720965856,1720972500
2544,5,1720966885,1720972724
2921,1,1720968830,1720974153
1709,4,1720972946,1720976541
2106,3,1720974886,1720980972
3106,4,1721020124,1721024922
4273,1,1721022563,1721025652
3848,1,1721024876,1721027207
2764,1,1721027810,1721030772
2337,5,1721029946,1721035698
3847,1,1721031926,1721037038
4837,4,1721037557,1721042415
3804,3,1721047516,1721053482
2576,4,1721048493,1721050537
2525,5,1721052245,1721054188
4483,1,1721066492,1721069695
2633,4,1721066692,1721073618
1231,2,1721079175,1721082786
3849,1,1721086697,1721093351
4220,2,1721092392,1721098044
1486,1,1721095660,1721100722
2516,1,1721101890,1721108545
2758,1,1721112001,1721119190
2693,2,1721114722,1721120872
3167,5,1721115531,1721121138
3819,4,1721115577,1721120600
1570,1,1721117630,1721123337
2553,4,1721121466,1721123471
3469,4,1721129499,1721134349
4049,1,1721130820,1721137434
4446,1,1721133426,1721139687
3569,4,1721141627,1721144163
2739,2,1721144170,1721151022
2020,1,1721154640,1721160558
2366,1,1721168876,1721175568
1223,2,1721169009,1721170878
4599,1,1721184317,1721186599
4226,1,1721186242,1721188555
4271,1,1721188553,1721192498
2425,3,1721188717,1721193625
4852,2,1721190318,1721193120
3579,3,1721198881,1721205514
2860,2,1721199117,1721201472
1018,4,1721214173,1721220039
3460,3,1721215449,1721217541
1586,5,1721216608,1721222884
2100,4,1721217111,1721219043
4100,5,1721220789,1721224578
2565,3,1721225519,1721229621
2969,4,1721229894,1721231924
2645,4,1721229952,1721234027
4579,3,1721231679,1721238705
4727,2,1721235613,1721239503
4156,2,1721249367,1721254272
4106,2,1721249432,1721255324
4150,5,1721251341,1721257674
1232,1,1721254151,1721260668
4846,2,1721257266,1721262708
1272,5,1721261969,1721264875
1795,5,1721262360,1721266137
4735,4,1721265313,1721269853
4429,5,1721275420,1721280194
4833,2,1721291772,1721295590
4848,4,1721295594,1721298538
4847,4,1721297961,1721303302
1060,3,1721305034,1721310441
4959,1,1721313744,1721320451
1434,4,1721316990,1721321377
2068,1,1721320492,1721325603
4441,1,1721327377,1721329532
4844,3,1721330796,1721335228
2735,1,1721333182,1721339431
3775,1,1721337647,1721342866
4911,5,1721340129,1721345027
4426,4,1721346272,1721349549
4601,2,1721351943,1721357177
1215,2,1721352265,1721355340
2475,3,1721357336,1721360233
2225,2,1721359262,1721362978
4579,3,1721359820,1721366357
1709,1,1721363623,1721369527
3848,2,1721370642,1721376187
3984,2,1721370878,1721372884
3727,2,1721373830,1721379214
3086,1,1721377837,1721383692
3666,4,1721388753,1721393386
2254,1,1721393714,1721400693
3960,1,1721396955,1721401567
4911,5,1721401731,1721408447
2138,1,1721406328,1721408458
4959,4,1721421455,1721426828
2639,3,1721424595,1721430433
2085,3,1721430043,1721435893
3133,3,1721435196,1721440700
3494,4,1721436305,1721442177
2218,1,1721447455,1721449350
3149,2,1721447650,1721449952
4356,3,1721458881,1721462178
2003,5,1721474706,1721481346
1232,2,1721478451,1721480559
4585,1,1721480744,1721484503
4492,1,1721486988,1721492828
2966,4,1721493495,1721499128
4575,3,1721502815,1721506652
2544,5,1721511866,1721517842
4973,2,1721512842,1721518527
1470,5,1721516019,1721521343
4846,2,1721521420,1721526618
4199,4,1721522839,1721527045
2481,4,1721531643,1721536352
1075,4,1721540187,1721544310
1490,4,1721545467,1721550972
2759,5,1721547133,1721554136
3069,3,1721548715,1721553524
3447,4,1721549485,1721551426
3634,3,1721558436,1721563890
2279,4,1721567147,1721570367
3480,1,1721569107,1721571784
3010,2,1721577154,1721579802
2821,5,1721579715,1721583448
3659,4,1721583634,1721585708
1440,3,1721586691,1721589938
3326,3,1721594834,1721597059
2106,2,1721599071,1721602606
1858,3,1721602091,1721608013
2610,5,1721602657,1721609502
2450,1,1721602876,1721607671
3848,1,1721603139,1721607595
1084,3,1721605683,1721612003
4408,2,1721606076,1721611772
1134,2,1721613721,1721616828
2139,5,1721636492,1721640259
4143,5,1721637399,1721641042
2861,1,1721638080,1721641538
4292,5,1721648509,1721653118
3648,5,1721657350,1721659476
4168,5,1721657693,1721664671
3645,2,1721660861,1721664659
3812,4,1721661630,1721665529
1886,5,1721664795,1721670525
2632,1,1721665895,1721671223
2408,5,1721683875,1721689047
3711,3,1721688787,1721690632
2525,5,1721695818,1721701932
2566,3,1721702498,1721705080
2821,4,1721714855,1721721674
4634,5,1721737013,1721743046
3636,5,1721739976,1721745235
4111,5,1721741317,1721747284
4408,5,1721760826,1721767715
3463,2,1721764973,1721772078
4771,1,1721766988,1721769406
2779,3,1721770535,1721777726
2242,2,1721772890,1721778159
3815,3,1721785114,1721787657
2213,4,1721786269,1721792554
4986,3,1721787341,1721792729
1699,1,1721792869,1721795209
1617,4,1721794571,1721797342
4284,5,1721801313,1721805466
1146,5,1721802749,1721809656
4779,1,1721807926,1721810028
2705,1,1721810865,1721812870
4830,4,1721811293,1721816284
1302,4,1721813461,1721819660
4275,4,1721814207,1721816588
2317,1,1721822678,1721827818
1747,1,1721823023,1721825159
4000,1,1721831033,1721837280
1364,1,1721838725,1721843628
4437,5,1721845808,1721848033
3700,4,1721849198,1721856233
2585,1,1721852976,1721858963
3677,4,1721853581,1721858261
2354,2,1721860284,1721866415
4990,1,1721864236,1721870394
4477,4,1721868176,1721871923
3332,2,1721868448,1721875585
4694,5,1721870480,1721876529
2053,4,1721873570,1721878375
2935,2,1721881664,1721887781
4848,4,1721887438,1721889567
4484,4,1721888174,1721893467
1952,4,1721889199,1721896126
3548,1,1721895456,1721901789
4807,1,1721897012,1721900786
3577,2,1721899778,1721904978
1537,4,1721906432,1721910268
2412,1,1721917743,1721924819
3274,5,1721919511,1721925209
3736,5,1721920068,1721924864
1417,2,1721937111,1721940818
3133,2,1721938177,1721942500
2020,5,1721939986,1721944598
2337,1,1721941227,1721947693
1562,2,1721944358,1721948549
3980,5,1721948254,1721954436
1341,3,1721961342,1721964322
3653,5,1721961750,1721968330
2443,4,1721963267,1721965931
3570,1,1721963912,1721970369
4516,2,1721966492,1721969990
1180,5,1721980517,1721987179
1120,2,1721982163,1721988855
2068,1,1721985300,1721987804
4489,5,1721990136,1721994638
4040,1,1721994468,1721996456
2279,2,1722003633,1722009026
1045,4,1722007564,1722013395
1910,2,1722010961,1722015909
4167,3,1722012182,1722018046
3410,4,1722014472,1722016329
1597,5,1722018202,1722023705
4653,4,1722018437,1722025250
4508,1,1722027532,1722031239
1486,1,1722031124,1722036267
4810,3,1722035089,1722037208
3946,4,1722036852,1722042109
4015,5,1722040978,1722043514
2860,2,1722046383,1722051109
2816,1,1722058695,1722062303
2908,4,1722062060,1722067140
2366,3,1722062966,1722068147
3310,3,1722064514,1722066830
4179,2,1722065816,1722068013
2432,4,1722075109,1722080414
2814,1,1722079608,1722083920
2632,4,1722085281,1722090816
4637,1,1722087325,1722091043
1709,3,1722090397,1722093260
3497,1,1722099549,1722102850
2105,2,1722107065,1722113373
1580,5,1722112341,1722115216
2432,3,1722116676,1722121696
4477,3,1722116728,1722118665
1724,2,1722118059,1722120918
3086,2,1722119585,1722122040
4612,3,1722125276,1722128982
1394,2,1722129698,1722132643
2473,3,1722144243,1722148102
2230,2,1722148148,1722155148
2170,1,1722148769,1722150961
4830,5,1722150058,1722156967
2358,5,1722153315,1722159285
4688,4,1722158370,1722162136
1283,4,1722181723,1722187771
2399,3,1722185766,1722188925
1516,1,1722189084,1722193411
2939,1,1722212371,1722219247
2475,5,1722213951,1722220898
1069,3,1722214998,1722217777
4496,1,1722226453,1722232858
2040,3,1722227561,1722230303
1059,5,1722227622,1722230974
3358,2,1722231943,1722239020
1575,5,1722232403,1722236413
3398,3,1722237459,1722241893
3494,2,1722241214,1722246969
4214,5,1722241788,1722244880
4121,1,1722257995,1722264744
1758,1,1722259886,1722264614
1128,1,1722266196,1722271324
4496,2,1722270177,1722273184
1161,5,1722271653,1722275475
1906,1,1722279661,1722283148
3480,3,1722281157,1722284914
3156,1,1722285374,1722291266
1562,4,1722287817,1722294536
2591,1,1722289888,1722296596
2014,1,1722295296,1722301154
1505,4,1722297980,1722302527
3167,4,1722302590,1722306220
2462,3,1722308191,1722314182
4743,2,1722310609,1722312942
4920,3,1722331037,1722337380
2869,2,1722333807,1722336216
2544,2,1722334657,1722338730
4587,3,1722344322,1722346338
2033,5,1722347664,1722353848
1311,5,1722352007,1722357302
4106,5,1722355071,1722360164
3726,2,1722355842,1722360027
1045,5,1722356503,1722358689
3398,3,1722360959,1722365406
1632,4,1722363971,1722366102
1159,4,1722365089,1722371038
1479,3,1722370740,1722375040
2451,1,1722371076,1722374635
3384,2,1722379608,1722383270
4157,2,1722390887,1722397582
2693,3,1722400394,1722405982
1420,1,1722410004,1722415849
4448,2,1722410317,1722417209
3900,4,1722410629,1722413166
4940,4,1722413860,1722415976
2722,3,1722415315,1722420920
1227,1,1722417641,1722423384
1495,4,1722422518,1722427884
4172,3,1722437356,1722444469
4018,1,1722440124,1722443698
4881,5,1722442083,1722446348
3735,3,1722442663,1722446722
4637,3,1722444008,1722449095
4925,1,1722455791,1722459210
4928,2,1722467030,1722471276
1264,3,1722467395,1722474128
3659,3,1722480956,1722484695
4837,4,1722509557,1722516182
3241,5,1722528222,1722533334
2238,3,1722536147,1722538711
1302,2,1722538147,1722541887
3219,4,1722540896,1722546295
2362,2,1722545732,1722549722
1294,2,1722550167,1722557366
2476,2,1722550863,1722554239
3666,5,1722557744,1722561246
4896,3,1722564455,1722567474
2354,4,1722565206,1722569233
3037,5,1722581037,1722587085
2958,1,1722583354,1722587031
1869,5,1722584003,1722589767
3734,2,1722589854,1722595200
2710,2,1722590440,1722594352
1119,5,1722590865,1722594915
1746,1,1722592599,1722594779
3648,5,1722595559,1722598710
2072,1,1722596427,1722600456
3240,4,1722610032,1722612440
2908,1,1722615206,1722620207
2135,5,1722620717,1722624122
2212,4,1722643345,1722649750
1482,2,1722644559,1722651088
1134,4,1722650035,1722656508
4321,5,1722652904,1722655965
2758,4,1722654756,1722660093
4096,1,1722654837,1722659652
2305,4,1722669573,1722676380
2097,2,1722672364,1722677408
3971,5,1722672713,1722679460
2762,3,1722673519,1722677323
4716,2,1722675303,1722677936
4271,3,1722676855,1722682231
3423,4,1722682766,1722687641
4180,2,1722686601,1722692824
1004,2,1722692016,1722693935
2522,5,1722709183,1722711447
1060,5,1722713632,1722715939
3971,4,1722717103,1722723742
1379,3,1722731041,1722735261
4143,3,1722731369,1722733651
1029,4,1722735892,1722738791
1146,4,1722736316,1722741397
4238,2,1722738611,1722744958
2735,3,1722739150,1722745014
1420,2,1722746915,1722749624
2337,1,1722756500,1722761582
3372,2,1722757415,1722761320
2118,1,1722763559,1722769855
4612,5,1722767833,1722770676
4844,5,1722772980,1722774841
4496,2,1722776918,1722782619
1505,5,1722787775,1722794057
2722,3,1722791542,1722796232
1839,2,1722793396,1722800432
3577,3,1722796516,1722798791
4925,5,1722798353,1722801548
4452,3,1722800305,1722804845
2351,4,1722801628,1722806395
3119,3,1722811944,1722817208
2735,1,1722816685,1722823329
4886,5,1722819903,1722824810
3069,2,1722824016,1722831160
3849,1,1722825440,1722828104
2778,1,1722828647,1722833478
3581,3,1722830245,1722832638
2924,2,1722843850,1722850336
1231,5,1722844582,1722850178
4375,3,1722853228,1722856554
2326,1,1722857145,1722862313
2121,2,1722860737,1722863517
3195,5,1722861173,1722863355
4269,4,1722861692,1722867113
2335,3,1722863486,1722867073
2317,3,1722864076,1722866571
4596,1,1722864697,1722868435
4304,4,1722866814,1722871365
3890,3,1722890582,1722895694
3055,4,1722894007,1722899884
4189,3,1722894536,1722900649
3031,3,1722895993,1722901114
1386,2,1722896816,1722902479
2170,4,1722898896,1722900940
2889,2,1722901067,1722903404
1562,4,1722902839,1722908373
3913,1,1722911516,1722913664
1003,2,1722918899,1722925336
2431,2,1722919564,1722924120
2062,5,1722927288,1722932144
4058,1,1722929654,1722934154
3529,3,1722936215,1722939511
2940,1,1722949272,1722955622
3274,5,1722951058,1722957800
3853,5,1722963472,1722967040
1569,2,1722965313,1722970123
2366,5,1722966963,1722971271
3163,2,1722968623,1722971292
1416,5,1722969716,1722975486
1117,1,1722970959,1722973475
2458,5,1722972163,1722976425
3634,5,1722972409,1722978262
1562,4,1722973099,1722978705
2479,3,1722975123,1722978839
1018,3,1722976191,1722982325
1001,3,1722988415,1722991592
2083,1,1722990710,1722995297
2626,2,1722992959,1722996738
3256,4,1722994824,1723000077
1003,3,1723004307,1723007823
3945,2,1723017694,1723023512
2316,2,1723020791,1723024489
2516,2,1723025047,1723029810
2470,1,1723026427,1723031817
4551,2,1723043599,1723048582
2101,4,1723046038,1723048200
4414,1,1723048065,1723050955
1117,4,1723048885,1723051164
1647,1,1723056030,1723058862
2459,4,1723060894,1723064821
4838,4,1723067723,1723071137
3241,1,1723069287,1723076474
1037,4,1723069396,1723071380
3335,5,1723076406,1723078975
3960,2,1723079129,1723086102
2816,5,1723081203,1723086414
1709,2,1723083808,1723085782
2503,2,1723086214,1723090593
2626,2,1723086418,1723093246
4004,4,1723089005,1723091132
3095,4,1723089347,1723091369
1901,3,1723091187,1723093912
3830,5,1723093012,1723097118
1512,5,1723093137,1723098437
4787,5,1723095389,1723100765
4362,3,1723099740,1723103751
2316,2,1723110701,1723113866
4322,4,1723115183,1723120692
3163,3,1723124459,1723127332
1624,4,1723125704,1723128540
4157,4,1723135226,1723138925
1037,1,1723137429,1723139300
1840,3,1723139712,1723146612
1180,2,1723154504,1723158787
4299,5,1723164207,1723166297
2190,5,1723168475,1723171629
4156,3,1723168735,1723175022
3255,3,1723176041,1723178957
4080,2,1723177279,1723181761
3512,3,1723183334,1723189121
3939,5,1723187526,1723193164
2332,4,1723187799,1723190551
2847,2,1723194651,1723196494
1483,1,1723195259,1723198233
2382,1,1723198490,1723200711
4060,5,1723200076,1723203151
3634,5,1723233399,1723239584
3440,2,1723242012,1723244264
2710,1,1723250365,1723253718
1075,4,1723256098,1723261556
4287,4,1723256813,1723262273
2101,3,1723265640,1723268463
4688,5,1723270220,1723275529
1361,1,1723270476,1723275173
2361,5,1723276863,1723279780
4275,3,1723293555,1723296082
4414,3,1723297728,1723301731
1326,1,1723307185,1723310867
4356,1,1723308465,1723314221
3241,3,1723309388,1723311864
3298,2,1723321659,1723328030
1586,1,1723326943,1723330999
1658,4,1723350923,1723353830
1273,3,1723353009,1723357915
1244,3,1723355290,1723360425
3860,2,1723357162,1723362316
1084,5,1723359917,1723364414
2925,3,1723365228,1723367788
4300,5,1723369260,1723374341
4208,2,1723369790,1723374459
3752,5,1723380517,1723384144
4789,4,1723388404,1723390447
2101,3,1723390096,1723394806
3013,2,1723400558,1723407469
3780,5,1723401138,1723407876
3055,3,1723410169,1723412600
4990,4,1723422047,1723425566
3008,5,1723428765,1723431978
1220,4,1723430409,1723434500
4763,4,1723431676,1723435405
4343,5,1723437091,1723440054
3552,3,1723437123,1723440756
3078,5,1723438885,1723441322
2591,2,1723439355,1723445092
3480,5,1723445540,1723447600
1447,5,1723446469,1723452219
2940,4,1723446857,1723448764
2860,4,1723456738,1723458628
4020,2,1723459980,1723466680
1006,1,1723460096,1723462918
1162,5,1723469534,1723474761
2344,3,1723470042,1723476712
2465,2,1723471756,1723475818
1244,1,1723476421,1723482778
1701,1,1723480273,1723486382
1434,2,1723487120,1723494159
3143,2,1723492164,1723494781
3735,4,1723494172,1723497437
3633,3,1723498734,1723500992
4801,3,1723501238,1723505131
4794,4,1723506715,1723510965
2778,1,1723509968,1723516840
2713,4,1723511537,1723516451
2367,1,1723516847,1723523008
3149,4,1723520797,1723525811
3036,1,1723523371,1723525970
4101,4,1723525080,1723527362
2282,5,1723525650,1723531043
1749,3,1723532946,1723535963
1929,5,1723541646,1723548685
4129,3,1723543516,1723549484
4734,2,1723544240,1723548234
1936,3,1723552911,1723555237
2252,1,1723558311,1723563855
2040,3,1723563245,1723570078
2591,3,1723568625,1723572211
1936,5,1723574848,1723577053
4408,1,1723579150,1723586251
3708,5,1723580763,1723583603
2353,1,1723581418,1723583273
2354,4,1723587480,1723592062
2931,3,1723588571,1723590552
4674,2,1723590547,1723593598
1486,1,1723592991,1723595405
2935,1,1723614487,1723619257
4743,4,1723616546,1723622903
1838,3,1723617452,1723621191
4496,3,1723625953,1723628030
2889,5,1723626656,1723633652
3561,3,1723627046,1723629696
3511,4,1723633425,1723640437
1627,5,1723643260,1723650243
2876,2,1723645420,1723650720
2586,4,1723650394,1723653012
2595,5,1723655420,1723662537
1810,1,1723655769,1723659598
2549,5,1723663061,1723667204
4938,5,1723675929,1723679371
4148,1,1723696256,1723700296
2327,2,1723698898,1723703761
4334,2,1723699828,1723706739
4208,5,1723707627,1723713296
1612,3,1723712987,1723719578
4062,5,1723716216,1723720550
3310,4,1723716868,1723720012
3727,2,1723718730,1723723245
4058,2,1723728414,1723730391
1343,5,1723729888,1723734662
3376,2,1723732597,1723737855
2190,3,1723734647,1723737384
3863,5,1723737358,1723739939
2273,4,1723739842,1723743831
1059,5,1723742325,1723746154
3262,2,1723748149,1723754115
3480,2,1723751304,1723754018
4599,1,1723752164,1723756966
4168,1,1723756408,1723759990
1410,3,1723766797,1723773364
4414,5,1723772217,1723776407
4734,3,1723774001,1723776737
1758,2,1723777092,1723779606
1979,1,1723780550,1723784179
3788,2,1723788948,1723795777
4555,3,1723789031,1723793549
2208,1,1723794779,1723800151
4375,1,1723803860,1723809922
3399,2,1723807626,1723813402
3381,1,1723811562,1723816296
3734,4,1723827500,1723834570
4001,4,1723828982,1723833571
1810,5,1723832856,1723838843
2779,1,1723833978,1723838140
2065,3,1723840565,1723844058
3438,2,1723846070,1723848495
2856,1,1723849185,1723856367
1006,2,1723851653,1723857906
3274,2,1723852170,1723858697
4980,2,1723854634,1723856926
3913,2,1723856316,1723860525
2614,3,1723862893,1723869149
2163,3,1723863789,1723866426
4499,5,1723867443,1723872481
1996,5,1723867769,1723872406
3984,2,1723868961,1723870897
1758,4,1723870262,1723876516
4920,1,1723870480,1723873280
4161,2,1723871652,1723877992
3156,5,1723872484,1723877285
2695,3,1723880311,1723884569
4300,2,1723880413,1723884994
1435,5,1723884769,1723888770
1831,4,1723893986,1723897609
1159,5,1723898885,1723903942
4499,5,1723903426,1723906540
3529,3,1723912086,1723918994
3099,1,1723915488,1723920207
2633,4,1723924681,1723930023
2516,2,1723925905,1723930230
3181,2,1723928447,1723935409
4156,2,1723931243,1723936931
1945,1,1723934468,1723941211
2462,1,1723939842,1723945972
1853,2,1723946146,1723949536
2292,1,1723955715,1723958983
3070,4,1723957016,1723961821
1969,2,1723958040,1723962809
4951,1,1723971425,1723977086
3078,5,1723994618,1723997372
3605,4,1723996239,1723999120
1084,5,1724003839,1724009849
3685,5,1724003905,1724010399
3145,2,1724008319,1724011491
4936,2,1724013194,1724017588
1551,5,1724015180,1724020606
3324,5,1724029819,1724035283
1886,2,1724029885,1724034632
4325,4,1724030937,1724033697
1960,2,1724031158,1724035318
2204,5,1724032198,1724037869
2999,1,1724037112,1724041284
4408,4,1724038423,1724044298
1687,2,1724039550,1724042222
4662,1,1724052918,1724057776
3053,4,1724059606,1724062617
4199,2,1724061285,1724066100
2748,1,1724069405,1724075065
3911,4,1724071438,1724073295
3575,5,1724077316,1724081397
3851,1,1724089989,1724092977
2233,1,1724108517,1724115109
4020,2,1724124034,1724128310
4898,2,1724131902,1724137432
4837,3,1724151921,1724155117
1699,1,1724158899,1724164182
4866,5,1724169204,1724172317
1264,3,1724170660,1724173542
4489,4,1724186282,1724191438
1724,2,1724187487,1724191519
2327,2,1724189266,1724192214
1575,1,1724189541,1724192412
3548,1,1724190934,1724194284
3312,2,1724201018,1724204758
2481,3,1724202041,1724205830
4754,2,1724207757,1724214091
1360,2,1724227638,1724231342
2481,4,1724240603,1724244091
1594,1,1724251055,1724253540
1881,2,1724256427,1724262580
4322,3,1724257568,1724263107
3266,5,1724257677,1724260510
3620,2,1724270724,1724272728
3602,4,1724274056,1724280339
3647,1,1724276017,1724282186
3824,2,1724280338,1724282195
2163,3,1724283733,1724290038
1021,3,1724292847,1724300003
1353,2,1724298504,1724302067
4091,5,1724299033,1724300887
3847,4,1724303319,1724309824
4168,1,1724305796,1724310553
2808,1,1724306894,1724308785
2353,5,1724307511,1724313451
3486,2,1724310806,1724315862
2416,3,1724311000,1724317410
4808,3,1724319344,1724322898
3429,3,1724320144,1724325541
2762,3,1724321828,1724328310
4694,1,1724339287,1724344814
1299,3,1724344751,1724351930
1526,2,1724347321,1724354122
2748,1,1724350507,1724353775
4964,1,1724350988,1724357490
3367,2,1724354723,1724358145
1205,4,1724361747,1724366959
3779,3,1724364985,1724366786
4343,5,1724371089,1724377530
2600,2,1724374786,1724379258
3911,4,1724378195,1724385072
4069,3,1724387054,1724392474
4847,5,1724391192,1724395910
4596,4,1724398087,1724403363
4262,4,1724399904,1724405438
2580,4,1724407008,1724411521
4509,5,1724414239,1724418459
3042,2,1724421279,1724424639
1029,3,1724421669,1724425675
1365,1,1724432798,1724439132
2846,2,1724441147,1724445164
2876,4,1724445958,1724449173
2367,1,1724449956,1724453243
1479,3,1724451696,1724457833
1569,2,1724453793,1724455715
4628,3,1724471917,1724474961
1855,5,1724472905,1724475224
4448,1,1724474500,1724481146
4537,4,1724491212,1724493227
2713,2,1724493837,1724496964
1118,3,1724497929,1724500993
1297,4,1724499795,1724501608
1470,4,1724516761,1724523365
1625,5,1724518309,1724522209
4304,1,1724537991,1724541954
1146,3,1724544615,1724547626
4492,1,1724552691,1724556362
3713,4,1724557524,1724561008
2595,2,1724560102,1724567056
2713,4,1724561903,1724564006
1981,4,1724564307,1724571358
4314,3,1724565450,1724568853
2961,4,1724566329,1724571685
4005,2,1724569466,1724573621
4694,3,1724582686,1724587497
2278,3,1724582944,1724589098
3042,3,1724585820,1724592116
4634,5,1724599779,1724602451
3752,5,1724610229,1724612795
1701,4,1724612240,1724615016
1806,5,1724618785,1724622008
4891,1,1724624030,1724628529
4010,5,1724643392,1724646644
4592,1,1724648554,1724654548
4881,1,1724659404,1724666109
1004,1,1724662264,1724667079
2230,1,1724663477,1724666859
1302,5,1724665474,1724672284
4354,4,1724680174,1724685251
2063,5,1724682457,1724684299
4622,5,1724685003,1724689576
4960,1,1724694154,1724699842
4270,4,1724700496,1724706035
2415,1,1724701597,1724708611
4593,4,1724702540,1724707184
1344,5,1724703542,1724705723
3575,2,1724705424,1724708677
3824,2,1724711922,1724715673
3298,3,1724712924,1724716690
4355,5,1724714538,1724717569
4304,2,1724715699,1724719873
3054,3,1724721599,1724723924
2367,4,1724730213,1724736234
3701,5,1724734573,1724740488
1529,3,1724740238,1724744057
1718,5,1724744774,1724748975
3191,3,1724750785,1724756588
1632,2,1724755431,1724759128
2772,3,1724756530,1724759886
2325,2,1724764616,1724768904
2212,4,1724766293,1724772907
4441,2,1724770114,1724772937
1638,3,1724782616,1724786977
3734,1,1724785860,1724791337
3768,2,1724791473,1724794349
3095,5,1724794981,1724798245
3823,3,1724796632,1724801072
1597,4,1724800450,1724804701
1585,3,1724807104,1724813921
3381,1,1724820251,1724826811
3752,4,1724830220,1724836145
4106,1,1724837701,1724841521
3028,3,1724837729,1724844001
1909,3,1724845208,1724848760
3847,4,1724845304,1724851866
3819,2,1724845805,1724852748
3136,3,1724856937,1724863194
2052,1,1724857279,1724862881
3469,4,1724865113,1724869771
2389,2,1724870993,1724875957
4891,3,1724871185,1724874535
3804,2,1724873879,1724879177
1757,5,1724876436,1724881826
3270,4,1724884953,1724889578
2595,3,1724888801,1724893976
4637,2,1724912597,1724918106
4196,3,1724917755,1724923914
1562,5,1724917869,1724921761
2713,3,1724917875,1724920491
1969,1,1724919049,1724921392
4196,5,1724927607,1724929677
3320,4,1724930874,1724935555
2288,2,1724936831,1724940267
4403,5,1724939828,1724941882
2801,2,1724941636,1724946062
3478,2,1724948734,1724952802
4658,3,1724949873,1724952237
4575,5,1724957297,1724963096
3324,5,1724966134,1724972574
3026,3,1724968218,1724970225
2473,3,1724970405,1724977358
1410,2,1724976762,1724980887
2072,2,1724977700,1724984316
2499,4,1724982108,1724985949
4837,5,1724982553,1724986005
4727,4,1724983511,1724985398
2647,5,1724987242,1724992115
2451,5,1725001797,1725006028
2236,4,1725002365,1725006492
2697,1,1725008447,1725011506
3628,3,1725011018,1725018171
4018,3,1725016262,1725023310
3795,4,1725018771,1725022765
2335,3,1725029281,1725032465
1575,1,1725032351,1725036302
1627,2,1725034646,1725041530
2799,1,1725036860,1725040793
3460,3,1725046548,1725052324
3653,4,1725051129,1725056895
4018,1,1725059234,1725061512
3320,5,1725062514,1725066459
4596,1,1725063991,1725067171
2183,2,1725071647,1725074212
4736,1,1725078429,1725085588
2614,5,1725092874,1725098716
1758,5,1725100657,1725106506
1551,2,1725100706,1725106837
3823,3,1725100911,1725103945
2204,4,1725103549,1725107664
1213,1,1725110136,1725115574
4908,2,1725130909,1725137413
4223,2,1725131047,1725133188
3293,3,1725132265,1725137322
4676,4,1725142016,1725145803
3211,5,1725142748,1725144621
4041,4,1725143919,1725150568
4273,1,1725144946,1725149886
1746,5,1725147345,1725150799
1956,3,1725151917,1725154799
3587,2,1725154254,1725158917
4073,2,1725159851,1725166394
2125,5,1725173242,1725176714
1960,3,1725175501,1725181060
3648,2,1725180014,1725186789
2651,3,1725187112,1725194239
3548,1,1725192833,1725195412
3533,2,1725194158,1725199055
4810,5,1725194461,1725196755
3628,3,1725195596,1725198085
2329,4,1725196912,1725203843
3824,4,1725203367,1725206592
2251,2,1725210177,1725216437
3881,1,1725210473,1725214283
4073,3,1725212214,1725217919
1637,3,1725215660,1725219178
2797,1,1725219333,1725222852
1526,4,1725220082,1725226716
4537,1,1725225165,1725231116
4101,3,1725225284,1725229737
3095,3,1725225698,1725229990
1410,3,1725234119,1725239807
3187,1,1725243045,1725247541
4098,1,1725248450,1725252339
3883,2,1725249660,1725251967
1526,2,1725250654,1725255999
3829,5,1725252792,1725256116
4905,5,1725253021,1725258176
4973,2,1725255213,1725261489
3752,5,1725255381,1725257747
3530,2,1725255456,1725261377
1378,5,1725262032,1725264723
2701,3,1725267392,1725272310
3070,2,1725279828,1725282523
2455,4,1725296143,1725300106
3878,2,1725297315,1725303720
4363,3,1725298944,1725301096
3967,4,1725306650,1725313116
4226,4,1725311298,1725316974
1638,3,1725313723,1725318421
2816,1,1725314879,1725319013
3885,1,1725315499,1725322616
1900,5,1725327596,1725330682
1060,1,1725329085,1725331744
2138,5,1725333500,1725337489
3298,3,1725351975,1725357929
2939,5,1725353918,1725357418
3422,3,1725357397,1725360582
1295,3,1725359086,1725365964
1890,3,1725364622,1725367891
4754,2,1725369993,1725373856
4901,3,1725371596,1725377073
2919,5,1725371897,1725378268
4911,1,1725371967,1725374175
2479,3,1725372262,1725375374
3570,5,1725373520,1725376149
2846,3,1725375753,1725380958
2525,2,1725380612,1725384811
2600,4,1725385458,1725390512
1841,5,1725388098,1725391613
2967,5,1725389659,1725395073
3154,4,1725395675,1725400672
3815,3,1725398759,1725402712
1496,4,1725401885,1725406389
4117,5,1725425073,1725427560
4314,4,1725429419,1725432656
2989,1,1725430167,1725436791
2144,3,1725432416,1725436388
3460,1,1725433073,1725437604
1134,5,1725451045,1725456123
2100,2,1725454503,1725458139
1875,4,1725463983,1725468031
2889,2,1725464627,1725471694
1330,4,1725466212,1725468029
3026,3,1725468007,1725475206
3367,3,1725474007,1725477544
2958,5,1725476501,1725482677
3577,2,1725478827,1725482720
4503,3,1725480802,1725483910
1349,1,1725487090,1725492740
4676,5,1725487195,1725490064
1075,1,1725492812,1725497633
4892,2,1725507926,1725513327
3156,5,1725508929,1725510845
2799,4,1725510420,1725514584
1747,1,1725518440,1725522996
1294,3,1725518547,1725525734
2549,4,1725542367,1725545633
2335,3,1725551939,1725554207
4356,4,1725558951,1725565593
4273,4,1725562869,1725568921
1838,3,1725569439,1725573103
4366,3,1725571783,1725573804
4973,4,1725575835,1725578526
2260,4,1725588777,1725592026
3863,5,1725595835,1725598087
2686,4,1725600773,1725603008
1250,2,1725607606,1725613268
3916,1,1725614362,1725619758
1134,1,1725614777,1725619589
4334,5,1725619378,1725623145
2139,4,1725621653,1725628823
2262,5,1725621887,1725625526
2337,5,1725628079,1725631419
4654,5,1725630428,1725633326
3119,5,1725630568,1725635767
2033,4,1725634885,1725639923
2613,2,1725642643,1725646073
3156,3,1725643571,1725648624
2329,5,1725644302,1725648803
2481,3,1725648414,1725651690
2340,2,1725654197,1725660550
2394,1,1725669624,1725671682
1739,5,1725671019,1725677499
4110,5,1725672295,1725675473
3888,4,1725673150,1725679533
4846,5,1725673575,1725677575
4273,5,1725681544,1725688262
3692,3,1725683156,1725689729
1324,3,1725683842,1725689874
4197,4,1725688630,1725693909
2651,3,1725695118,1725700177
4067,3,1725698177,1725704530
1443,2,1725702698,1725707676
4824,4,1725705602,1725711187
1420,5,1725709265,1725712243
4596,5,1725716396,1725722115
1632,4,1725722954,1725724776
3391,3,1725740304,1725744016
2869,4,1725747211,1725750951
1875,5,1725754004,1725759440
4304,3,1725758994,1725764801
4356,3,1725761334,1725767120
1585,1,1725766588,1725772943
1910,4,1725769624,1725774848
2308,2,1725773028,1725778786
1226,3,1725778610,1725784752
3982,5,1725781808,1725788896
1716,1,1725782774,1725785610
2003,3,1725788324,1725792577
4601,4,1725792080,1725794863
4740,3,1725792756,1725796338
2499,2,1725796926,1725800456
2465,1,1725801656,1725808576
4798,4,1725804850,1725810854
3530,4,1725805549,1725808989
1326,3,1725812770,1725815257
3349,3,1725814883,1725819873
2967,5,1725815424,1725821813
4986,5,1725816505,1725823431
1486,5,1725818542,1725824621
2174,4,1725820457,1725824486
2933,1,1725821083,1725823688
1725,1,1725832183,1725837657
3438,5,1725841946,1725844768
1886,4,1725846481,1725852911
1434,2,1725853265,1725860449
2481,4,1725853306,1725858060
1960,3,1725859986,1725862455
2431,5,1725861186,1725865555
1076,3,1725861455,1725867807
4287,4,1725861890,1725864280
4172,1,1725861931,1725868428
2575,3,1725865128,1725867701
1386,5,1725873226,1725879738
2778,1,1725873433,1725878153
2014,1,1725881694,1725886868
3623,1,1725883239,1725887344
4273,3,1725889275,1725891569
4973,4,1725892636,1725899326
2408,5,1725897481,1725902369
1907,3,1725900648,1725904180
3070,4,1725910395,1725914174
1585,3,1725915381,1725918914
1699,5,1725920732,1725927891
3026,4,1725925432,1725932267
2135,3,1725936175,1725941741
4659,5,1725944252,1725950776
3529,4,1725947405,1725949779
4807,1,1725949381,1725952119
2614,4,1725954951,1725957075
1637,1,1725963022,1725968886
1443,5,1725964336,1725969125
3780,5,1725964419,1725971269
4549,3,1725966049,1725968261
1302,5,1725979058,1725985438
3924,3,1725979275,1725981999
4905,5,1725979692,1725986525
4779,1,1725989030,1725993193
3824,2,1725989437,1725994282
3758,2,1725997742,1726003598
1840,4,1726004938,1726010427
3978,2,1726008936,1726014196
2105,5,1726013126,1726016030
2622,1,1726032664,1726038766
2924,1,1726042820,1726044711
3823,3,1726044301,1726047820
2195,2,1726046322,1726050033
2481,3,1726053094,1726060069
2725,1,1726055074,1726060937
2097,1,1726059831,1726062357
2198,3,1726061550,1726065588
2083,2,1726061869,1726068452
2590,1,1726062743,1726069881
4103,4,1726064144,1726066982
2566,1,1726066135,1726071776
2172,3,1726071182,1726077550
4020,4,1726089742,1726094657
1935,5,1726090362,1726093219
4201,2,1726092186,1726098558
2648,5,1726101787,1726108279
1067,4,1726107198,1726110960
1996,1,1726107578,1726111165
4959,5,1726110510,1726115787
3223,3,1726113979,1726116440
3677,2,1726115353,1726119149
2304,5,1726120451,1726123571
1341,3,1726121242,1726124028
3830,2,1726121377,1726124718
3095,2,1726122820,1726128467
4920,5,1726124103,1726128924
2878,4,1726131876,1726134006
3196,1,1726137301,1726139931
3713,4,1726139936,1726145268
2082,4,1726141244,1726145141
4174,3,1726142381,1726146560
2561,2,1726146898,1726153744
4938,5,1726146934,1726151925
4729,4,1726147001,1726148957
4509,3,1726149461,1726153718
1866,2,1726155267,1726157895
3575,1,1726166154,1726169001
3808,2,1726169719,1726176186
4019,5,1726171362,1726175365
2476,3,1726171493,1726178446
3875,1,1726173904,1726176153
2170,2,1726177085,1726183629
2638,4,1726177887,1726184698
4909,4,1726192637,1726198211
2940,4,1726196754,1726200768
4101,5,1726197473,1726201943
4881,2,1726197758,1726204456
4203,5,1726197937,1726205057
4548,4,1726202375,1726208560
1487,3,1726204303,1726207979
3012,4,1726213356,1726217606
2430,3,1726217608,1726221551
2590,1,1726218951,1726222083
3677,5,1726221160,1726224929
3414,4,1726222572,1726224639
3956,1,1726223794,1726229230
2430,2,1726225538,1726231310
1046,3,1726227567,1726231382
4777,3,1726230248,1726236287
4443,1,1726249326,1726254539
4156,4,1726249347,1726253409
4001,2,1726260688,1726266356
2190,4,1726262988,1726266997
3648,4,1726264797,1726269457
1283,1,1726265916,1726273018
1122,3,1726283317,1726288962
2063,1,1726294878,1726296927
2297,1,1726298569,1726301795
4658,2,1726298743,1726305040
1386,1,1726306017,1726311313
1417,5,1726313596,1726318705
1749,2,1726314146,1726317712
3270,2,1726318261,1726320096
4789,2,1726323484,1726329730
3320,3,1726328413,1726331334
3678,2,1726337044,1726343791
3398,4,1726345322,1726351082
1650,3,1726348315,1726351886
2727,5,1726348971,1726350964
4348,3,1726354571,1726358842
3475,4,1726363924,1726369865
4503,5,1726370183,1726374715
2121,5,1726387801,1726392737
4198,4,1726390513,1726393930
4189,1,1726391200,1726395307
4185,1,1726398098,1726400426
1713,1,1726399663,1726401615
3924,1,1726401450,1726406560
1900,3,1726402465,1726407965
1625,4,1726403071,1726408935
2793,3,1726404068,1726408159
4287,1,1726406161,1726412779
2847,1,1726430411,1726432720
2223,4,1726436836,1726443591
3851,5,1726437244,1726441311
4223,1,1726445360,1726448345
2063,3,1726445494,1726449928
4143,2,1726454062,1726457997
3795,2,1726458094,1726464884
2283,4,1726466893,1726468740
2632,5,1726468238,1726472679
4720,4,1726468958,1726474117
4019,5,1726475572,1726479025
1420,1,1726480945,1726487387
1213,5,1726484751,1726488756
4164,5,1726488132,1726494191
2415,5,1726489670,1726492724
4015,2,1726490251,1726493593
1134,1,1726496744,1726501775
3191,2,1726499690,1726503223
1460,1,1726506582,1726509322
4049,4,1726509236,1726514218
3653,5,1726522771,1726525339
3628,3,1726524000,1726530422
2846,5,1726524659,1726529092
3734,5,1726526600,1726532008
2069,1,1726541937,1726547461
3636,1,1726542641,1726549213
4023,4,1726544348,1726550206
1117,3,1726552004,1726556593
1587,3,1726558599,1726564728
1898,5,1726564543,1726569969
2638,4,1726579207,1726581494
3982,4,1726579438,1726586040
1936,3,1726583024,1726586061
2068,4,1726583407,1726589075
3167,4,1726584331,1726589608
1512,2,1726584566,1726586720
2458,4,1726585284,1726587553
4712,1,1726586067,1726592792
4328,2,1726601235,1726605346
4575,3,1726604438,1726610574
2348,2,1726609553,1726611449
2999,4,1726614159,1726619221
4216,1,1726619016,1726625645
3437,4,1726631331,1726638329
2105,5,1726635948,1726641631
4789,1,1726640113,1726645707
3900,3,1726640318,1726644630
3623,4,1726642243,1726646645
1122,3,1726650429,1726652778
1283,3,1726650824,1726654514
2297,5,1726654624,1726657049
3942,2,1726656170,1726660152
4150,2,1726656553,1726663636
1235,1,1726662747,1726666924
4799,5,1726665059,1726668086
4727,1,1726667598,1726674593
2367,4,1726669563,1726676330
4117,2,1726671135,1726674305
4192,5,1726671182,1726676572
3326,5,1726682485,1726688164
4365,5,1726686312,1726688465
1264,1,1726688156,1726695148
4446,5,1726689855,1726695481
2755,3,1726712442,1726719498
1624,2,1726717527,1726719623
2914,4,1726718312,1726723664
2063,2,1726729497,1726733191
3191,5,1726730608,1726736948
4986,1,1726731478,1726736224
3575,1,1726734877,1726738369
3685,4,1726735439,1726739098
3399,5,1726745064,1726750460
1993,5,1726749565,1726753652
4982,1,1726751077,1726755442
4908,5,1726764873,1726768387
2522,2,1726764944,1726772131
1551,1,1726767504,1726771824
3429,1,1726770836,1726775637
2389,4,1726771840,1726776583
2083,5,1726771925,1726774962
1969,3,1726774186,1726780396
3659,1,1726774664,1726781177
3500,5,1726776753,1726781062
1627,3,1726783138,1726785750
3734,5,1726786545,1726792262
2930,5,1726786813,1726791353
4102,2,1726787018,1726791752
4264,2,1726790522,1726792612
3561,1,1726795202,1726801029
3692,5,1726797305,1726802760
2701,2,1726808957,1726814152
1601,2,1726815623,1726818846
1575,4,1726816843,1726820744
2079,3,1726819965,1726824347
4324,1,1726824048,1726827091
2255,5,1726837100,1726843612
2605,4,1726837914,1726840929
1863,3,1726841002,1726844010
3374,1,1726846243,1726852916
4148,2,1726846306,1726853339
3055,1,1726848284,1726853275
3556,1,1726852487,1726857974
4432,2,1726853534,1726858609
2343,3,1726856857,1726861362
4143,4,1726857594,1726862223
3047,4,1726863061,1726868178
1045,2,1726869217,1726875348
2017,1,1726872421,1726874245
3422,3,1726872431,1726878360
4846,4,1726879141,1726883210
1990,1,1726880481,1726882765
2778,1,1726883017,1726887338
1635,3,1726900235,1726902048
4492,4,1726908693,1726910679
2575,2,1726913566,1726919688
2407,5,1726915239,1726920951
4362,3,1726918674,1726924769
2591,4,1726919379,1726923478
2761,5,1726920400,1726926281
4959,2,1726922631,1726926071
4205,2,1726923185,1726926317
3440,3,1726927272,1726931395
4446,5,1726932095,1726937903
3615,1,1726939203,1726945652
4654,4,1726939835,1726941655
3386,1,1726947983,1726953101
1126,3,1726949330,1726952616
2939,1,1726956242,1726960410
3666,5,1726959590,1726966695
4753,3,1726963562,1726968610
2282,2,1726966517,1726971502
1936,5,1726966588,1726970538
4262,5,1726967222,1726971702
4356,1,1726974639,1726977719
2386,1,1726977473,1726983008
4093,2,1726979722,1726985732
3077,5,1726986516,1726989148
3006,4,1726997420,1727001375
2787,5,1727000492,1727004880
4930,1,1727001919,1727004353
1632,5,1727009485,1727012722
3736,5,1727010592,1727013006
4146,2,1727014983,1727017635
3780,1,1727021041,1727024135
2101,1,1727022426,1727028237
3398,5,1727034890,1727037821
1378,5,1727037666,1727039860
2964,5,1727042274,1727047820
2608,2,1727049840,1727051695
4041,4,1727052774,1727057310
2656,2,1727057738,1727063863
4049,5,1727064702,1727070465
4104,1,1727066305,1727070635
3795,1,1727066321,1727069556
4964,1,1727069563,1727075149
4060,1,1727071867,1727073667
1373,5,1727075887,1727081425
4892,5,1727085334,1727089698
3971,1,1727091522,1727095125
2110,3,1727092869,1727096581
1890,3,1727098971,1727104521
2366,5,1727100965,1727104980
1936,3,1727105424,1727111955
4801,4,1727113175,1727116404
1361,1,1727122634,1727128368
1886,5,1727129336,1727135950
4186,2,1727131884,1727134588
3814,3,1727135617,1727138686
2305,5,1727142721,1727148662
1343,3,1727142730,1727148397
1996,4,1727149862,1727155550
1060,5,1727161504,1727168518
3681,1,1727166087,1727171777
2705,2,1727174811,1727177642
4579,1,1727193682,1727199651
3939,5,1727193928,1727198579
1507,5,1727195717,1727198705
3106,2,1727196152,1727201606
3819,2,1727199388,1727204843
3047,1,1727202020,1727203908
1729,3,1727224016,1727226719
2794,3,1727228072,1727232761
4794,1,1727230607,1727235338
3819,5,1727231984,1727236602
1185,4,1727236690,1727242537
4080,4,1727247163,1727251326
3223,2,1727251794,1727258326
4627,4,1727254842,1727259961
4482,1,1727260709,1727267702
4727,1,1727267750,1727273906
4551,5,1727269364,1727275265
4798,4,1727279530,1727282023
2332,5,1727280910,1727286227
4846,3,1727283007,1727285838
3685,2,1727283307,1727287677
3556,5,1727283904,1727290810
2069,2,1727302714,1727309538
3362,4,1727302771,1727309257
2565,5,1727303731,1727306363
4596,5,1727312073,1727317024
4117,1,1727321182,1727325862
4103,4,1727328841,1727334836
1523,2,1727337129,1727339839
1116,3,1727354549,1727358338
2009,3,1727354690,1727357838
4516,2,1727354782,1727358563
1220,4,1727361973,1727367475
1542,5,1727362799,1727366952
2613,2,1727364622,1727367560
4437,3,1727366036,1727369867
4267,4,1727366391,1727373229
4229,5,1727367567,1727369649
3888,4,1727372978,1727377012
3607,1,1727373560,1727376466
2686,4,1727374837,1727378735
2808,4,1727376151,1727379893
1993,3,1727382793,1727387855
2549,3,1727383029,1727389731
2587,1,1727389565,1727394219
1238,3,1727400770,1727403759
2233,1,1727405231,1727411335
4768,3,1727411848,1727415928
1580,1,1727415683,1727420971
4736,2,1727418578,1727421017
3829,3,1727430429,1727436802
4613,4,1727430952,1727435661
3051,5,1727436945,1727443531
3541,5,1727442419,1727449608
2958,1,1727453565,1727456513
1906,4,1727454310,1727458844
2139,4,1727464992,1727470496
1379,3,1727468493,1727471245
4784,1,1727475963,1727481991
3533,2,1727481605,1727488302
1372,3,1727483567,1727486259
3487,4,1727485271,1727488610
2568,2,1727485333,1727491532
4182,1,1727494818,1727497824
3548,1,1727494822,1727501596
1680,5,1727498006,1727504530
3119,1,1727498186,1727504063
3270,4,1727500057,1727505996
3347,4,1727501731,1727506866
3422,1,1727502067,1727506696
1144,5,1727505366,1727510664
1747,3,1727505623,1727510382
2761,4,1727534774,1727538274
4375,3,1727536289,1727541593
4659,1,1727536490,1727539998
4052,5,1727537373,1727542224
3102,3,1727538130,1727544727
3126,5,1727538289,1727541991
1594,2,1727539311,1727543335
3497,2,1727548431,1727554363
2608,5,1727553669,1727556621
1635,4,1727559185,1727562163
2361,1,1727560619,1727565434
1590,5,1727562506,1727567948
4098,5,1727565747,1727568300
4298,1,1727574767,1727579603
2587,3,1727594997,1727601384
1075,4,1727598690,1727602316
4304,5,1727602926,1727608663
4141,5,1727606004,1727608443
4239,5,1727606336,1727609142
1482,2,1727606587,1727612180
2017,1,1727616579,1727621439
2254,2,1727622640,1727628835
4898,4,1727626156,1727630408
1853,2,1727630505,1727635368
4658,3,1727636536,1727640993
4311,3,1727646018,1727649137
3541,5,1727647721,1727653865
1900,1,1727650305,1727656452
3054,3,1727651833,1727657672
2490,5,1727652791,1727655567
1891,1,1727654501,1727656481
4150,4,1727656288,1727658175
1575,4,1727659428,1727663072
2921,2,1727674575,1727678700
3694,5,1727677548,1727682273
4694,3,1727679590,1727682059
3045,1,1727680384,1727682240
4448,5,1727699062,1727703774
2009,5,1727699948,1727706779
2184,2,1727700940,1727706728
1344,2,1727701984,1727709112
1244,5,1727707065,1727713356
1226,5,1727726295,1727730050
2043,1,1727726885,1727731634
4571,1,1727727688,1727730572
3516,2,1727731683,1727735391
3946,2,1727743649,1727749736
1046,3,1727747281,1727752149
4298,5,1727749498,1727755194
3179,1,1727758055,1727760067
1329,4,1727760764,1727766470
1443,2,1727761087,1727766498
1886,3,1727765324,1727772037
2283,1,1727769778,1727776066
2808,3,1727776625,1727783295
1139,4,1727788002,1727790460
2288,2,1727790097,1727795271
3457,1,1727798476,1727805349
1193,1,1727802074,1727804631
2860,3,1727803217,1727807912
4918,1,1727814000,1727820575
3636,3,1727820420,1727822504
2958,3,1727822164,1727828419
1038,3,1727824616,1727830419
2830,1,1727828448,1727831855
1610,5,1727829721,1727834388
3429,1,1727831320,1727837012
4503,2,1727835110,1727842210
3143,3,1727842545,1727847282
4323,1,1727843770,1727845841
4986,1,1727848586,1727853300
4192,1,1727849162,1727853320
1502,2,1727858580,1727865205
3653,3,1727858889,1727863190
3077,4,1727867294,1727872782
3625,5,1727873558,1727880243
2396,1,1727878394,1727880552
3637,2,1727887832,1727889704
4702,5,1727888985,1727893414
4100,4,1727891788,1727896492
1402,3,1727901307,1727906194
4146,1,1727903482,1727906624
3262,2,1727912258,1727914089
2935,3,1727915119,1727921965
2586,1,1727920401,1727922346
3602,3,1727921216,1727925252
2122,2,1727926181,1727929824
2335,1,1727933483,1727935543
2211,3,1727934518,1727940640
4799,4,1727936602,1727940224
1842,5,1727938616,1727945813
1295,5,1727939509,1727945875
4365,2,1727942247,1727949281
4345,1,1727945012,1727951684
2351,2,1727949529,1727955084
1938,2,1727951619,1727954571
4336,3,1727968334,1727972026
1373,1,1727971766,1727974630
4771,4,1727971873,1727977276
4345,4,1727973410,1727978112
4208,2,1727983798,1727985879
2129,2,1727984910,1727987822
2016,3,1727985491,1727987543
1505,2,1727986225,1727988408
1361,5,1727992572,1727995494
3073,3,1727993384,1727997802
4182,1,1728002523,1728007217
2525,5,1728005304,1728008023
2183,1,1728011201,1728016199
2921,2,1728015051,1728019634
1947,1,1728015648,1728021982
1402,3,1728021632,1728027587
4509,5,1728025271,1728031113
2735,4,1728030877,1728035445
3780,3,1728035090,1728041872
3878,1,1728037027,1728042643
4060,1,1728041042,1728047803
1566,4,1728044101,1728048610
2172,5,1728050507,1728055212
2065,2,1728052672,1728057491
2614,3,1728054689,1728059393
2163,4,1728055533,1728062034
1246,4,1728058444,1728062315
1128,2,1728066373,1728072655
4551,2,1728069356,1728073883
4910,5,1728078418,1728082021
1806,4,1728082249,1728087183
1319,3,1728097247,1728103436
2083,1,1728106631,1728111292
2236,3,1728110792,1728115400
2225,4,1728112368,1728119088
2396,4,1728112443,1728118965
2476,3,1728113046,1728115636
3360,1,1728120017,1728124697
2600,3,1728135968,1728139955
3846,3,1728136479,1728140707
2223,5,1728139769,1728146577
1626,2,1728148376,1728152166
3121,1,1728156047,1728158141
2711,5,1728156066,1728158580
3312,2,1728160005,1728166939
1837,5,1728164814,1728169766
2972,2,1728168574,1728170532
3708,3,1728174120,1728180325
4323,4,1728178359,1728185317
4442,5,1728182056,1728188523
2966,1,1728183861,1728188101
3093,4,1728183878,1728185702
3221,5,1728191207,1728197634
3946,3,1728192772,1728197847
2238,1,1728201878,1728205402
2198,3,1728203034,1728209122
1235,3,1728204917,1728209999
3153,2,1728213399,1728220312
2613,5,1728215799,1728218051
4537,5,1728218951,1728224722
4980,3,1728223593,1728226162
3539,5,1728230919,1728236070
3356,3,1728233819,1728235781
2503,3,1728237375,1728241359
3533,1,1728242362,1728248083
1523,3,1728247245,1728249398
3670,1,1728247285,1728252503
4852,4,1728251594,1728258258
2608,2,1728259982,1728265112
1207,1,1728260033,1728264343
4146,1,1728264453,1728266413
3106,3,1728264455,1728270158
1610,4,1728268184,1728273304
2115,5,1728268475,1728272425
4657,3,1728273276,1728275083
4477,4,1728274599,1728279388
1341,1,1728277138,1728281016
2174,2,1728285669,1728291527
1207,5,1728289839,1728293121
2443,2,1728297247,1728300033
4852,5,1728297669,1728300494
3420,3,1728299432,1728302752
2716,4,1728303976,1728311154
3367,4,1728316178,1728320862
3031,2,1728319087,1728323817
4080,1,1728326836,1728333584
2989,4,1728332515,1728338283
2327,4,1728336682,1728338496
2679,2,1728339638,1728342856
1821,2,1728345193,1728348091
2673,5,1728348337,1728355105
1981,5,1728349705,1728354719
2648,5,1728351175,1728358365
4270,1,1728362823,1728365263
1737,2,1728364335,1728367034
4330,1,1728367819,1728373982
2048,4,1728370310,1728377482
1002,3,1728375599,1728382324
3598,4,1728375825,1728381490
2190,3,1728383668,1728386213
4371,2,1728385237,1728389173
2849,3,1728393260,1728400156
1910,3,1728399712,1728403415
4452,4,1728400603,1728406399
4321,4,1728401055,1728403022
2846,5,1728403147,1728408077
3761,3,1728405733,1728411126
3512,4,1728407142,1728414232
3356,1,1728424315,1728428178
1303,2,1728424507,1728427407
1279,5,1728427254,1728433437
2869,1,1728428025,1728432872
3846,3,1728429572,1728436331
2337,4,1728431515,1728433617
2673,3,1728452349,1728455141
2751,4,1728453421,1728460404
4060,4,1728454688,1728459775
2799,1,1728465989,1728471615
4807,2,1728481687,1728484415
4041,3,1728488467,1728493618
2101,2,1728498973,1728505555
4096,5,1728508486,1728510717
2656,1,1728510160,1728514617
4858,3,1728510902,1728514214
4005,5,1728513634,1728520349
2985,2,1728516440,1728519196
4012,4,1728529341,1728534760
1732,5,1728536588,1728543460
3630,1,1728544438,1728546302
1910,3,1728544967,1728548343
1106,3,1728551755,1728555499
3858,4,1728557126,1728559404
2861,5,1728560939,1728563286
1474,1,1728561716,1728564808
3263,3,1728572853,1728576160
2938,2,1728574332,1728580260
2048,5,1728578808,1728584930
1996,2,1728581150,1728585823
3153,3,1728581455,1728587150
3916,5,1728593649,1728599377
1503,4,1728597078,1728603678
1113,5,1728601621,1728607268
2679,4,1728604256,1728610308
2576,3,1728608279,1728611580
2908,5,1728609753,1728613593
1182,1,1728615476,1728621233
3945,2,1728616731,1728619931
4452,1,1728624192,1728629931
4203,3,1728624722,1728627737
2972,5,1728625327,1728629833
2465,1,1728625485,1728628505
2427,2,1728625550,1728629730
3836,3,1728626441,1728629678
3710,2,1728629523,1728634250
1885,2,1728633340,1728639788
1182,1,1728637437,1728642308
3966,1,1728637498,1728640177
4141,3,1728640354,1728646405
1109,4,1728642316,1728649103
2796,4,1728644994,1728647037
1441,5,1728647862,1728654437
4023,3,1728650343,1728652697
4067,5,1728651614,1728657489
3890,3,1728657930,1728663880
4970,5,1728661131,1728667532
1625,5,1728670368,1728672913
4151,5,1728671194,1728673114
3334,3,1728675783,1728678935
1842,3,1728678500,1728685297
1969,1,1728682024,1728684740
1803,5,1728682971,1728688459
2204,3,1728683342,1728687766
4808,2,1728692261,1728698463
4336,3,1728695128,1728700374
3615,3,1728696349,1728700242
2515,1,1728697850,1728703358
2396,1,1728700290,1728707475
1858,2,1728709075,1728716121
4276,5,1728711200,1728716594
1502,2,1728711853,1728717672
4852,5,1728720113,1728722412
2297,4,1728728511,1728731951
3154,5,1728730825,1728736494
3570,2,1728730941,1728737381
3321,5,1728736013,1728738384
3677,1,1728739399,1728743067
4837,3,1728747668,1728752402
3629,1,1728748179,1728749980
3533,2,1728752755,1728754654
2861,5,1728762094,1728764040
1440,3,1728764536,1728768517
3326,2,1728774794,1728781354
3198,2,1728775302,1728778884
1349,2,1728779818,1728782714
3486,3,1728780214,1728785814
1515,3,1728785336,1728790134
2184,5,1728792503,1728794508
1838,4,1728795474,1728797993
1295,3,1728805094,1728807736
3086,2,1728805591,1728810861
1956,4,1728806812,1728812789
2097,3,1728806997,1728809447
1910,4,1728812777,1728816450
4311,4,1728818828,1728823171
1658,2,1728824603,1728827064
2108,3,1728828742,1728833464
2141,1,1728837288,1728842059
3577,4,1728844550,1728847611
1757,4,1728845233,1728852266
3463,4,1728850585,1728853710
1435,2,1728851552,1728857465
3700,4,1728851604,1728858069
1417,2,1728852505,1728859372
1868,5,1728852784,1728859162
2758,1,1728854333,1728858299
1749,1,1728860507,1728862738
2585,2,1728862217,1728869385
3727,4,1728862264,1728864261
2524,3,1728869239,1728875316
3414,1,1728869858,1728872599
4052,5,1728873745,1728878962
3031,3,1728876247,1728880947
3875,2,1728879506,1728884773
4569,2,1728885375,1728890182
1439,5,1728887850,1728894412
2713,5,1728894917,1728898031
2062,4,1728906905,1728910819
1361,2,1728918249,1728920713
3145,2,1728919373,1728926367
2170,2,1728919610,1728922791
3898,5,1728920096,1728923262
4627,5,1728920541,1728924763
4952,5,1728921611,1728923500
1364,4,1728922377,1728926741
4178,4,1728922447,1728924361
3423,1,1728929330,1728932062
1717,5,1728930018,1728932325
3156,4,1728932905,1728935821
4986,2,1728936672,1728939558
4901,4,1728936958,1728943671
2812,1,1728950342,1728956898
3808,1,1728952024,1728958804
3226,1,1728956496,1728958308
4321,4,1728961934,1728967908
2751,2,1728981292,1728983371
1006,1,1728984674,1728987969
1246,1,1728990309,1728992337
1909,1,1728991915,1728997713
4468,5,1728996221,1729000994
2626,1,1728998467,1729003711
2576,4,1729001522,1729006456
3875,2,1729003662,1729007100
2713,3,1729005104,1729008200
2647,5,1729019117,1729025771
3578,5,1729030230,1729037215
1551,5,1729035042,1729040653
1162,3,1729036707,1729039081
2238,3,1729038670,1729045528
1717,4,1729043549,1729046197
1241,4,1729047539,1729050765
1988,3,1729047617,1729049923
2622,5,1729065609,1729072270
1331,1,1729066135,1729070713
3475,5,1729067911,1729073040
4413,4,1729068386,1729072946
4189,1,1729071907,1729075746
2697,1,1729076027,1729081669
3497,3,1729076841,1729082523
3819,1,1729077895,1729080045
2758,2,1729080353,1729086208
3950,2,1729082074,1729086534
2787,5,1729085327,1729088000
1316,3,1729085861,1729087791
3956,4,1729089149,1729094521
4028,1,1729090107,1729095158
3146,3,1729090809,1729097325
2966,2,1729092562,1729095569
1193,3,1729094889,1729101259
1601,2,1729098593,1729102466
4754,5,1729103749,1729108248
2547,3,1729104928,1729106948
2106,1,1729108482,1729112517
3429,3,1729118750,1729124269
1394,4,1729126154,1729129716
2297,5,1729141523,1729144835
1627,3,1729142648,1729149737
3924,5,1729143542,1729150614
3511,2,1729145426,1729148951
4220,5,1729159993,1729163813
3495,5,1729161334,1729165010
1876,3,1729168717,1729174276
3393,3,1729169245,1729172541
3715,3,1729182431,1729188963
3228,4,1729183533,1729187101
1443,4,1729185807,1729191218
2378,5,1729195604,1729201940
2246,3,1729202062,1729205812
3645,1,1729203543,1729209758
1064,2,1729209489,1729215242
1317,1,1729210474,1729213902
2077,2,1729218344,1729220254
4019,3,1729219239,1729223652
3254,4,1729220746,1729226242
4727,1,1729227593,1729230940
2633,3,1729228663,1729233842
4169,4,1729238211,1729240027
4676,1,1729246858,1729248919
4553,4,1729254665,1729261269
1713,5,1729254753,1729258901
1362,4,1729279172,1729281883
2031,2,1729286308,1729290615
1840,1,1729287067,1729290617
4129,2,1729301885,1729308788
2417,4,1729314742,1729317435
3059,4,1729315123,1729319679
4021,4,1729322040,1729325975
3467,5,1729324597,1729329027
2125,2,1729327830,1729331930
1477,2,1729331404,1729335180
2797,5,1729331639,1729334236
3031,3,1729343421,1729347309
1507,3,1729348460,1729354124
4143,1,1729348961,1729353142
2053,4,1729349878,1729356191
4962,5,1729352124,1729358849
2705,5,1729353545,1729359767
2760,4,1729357299,1729359109
1122,5,1729361618,1729365578
2297,3,1729363652,1729369927
4271,5,1729367394,1729372799
2525,1,1729377155,1729379775
3086,1,1729377728,1729381903
3780,3,1729379929,1729385767
3875,2,1729382596,1729386425
1402,4,1729391935,1729394629
2604,3,1729392356,1729396092
3335,5,1729392494,1729397480
2077,4,1729399746,1729404025
4012,2,1729400853,1729407359
1069,1,1729403160,1729408712
4332,2,1729406596,1729411893
4362,3,1729408184,1729414281
3226,1,1729409126,1729411005
1983,5,1729415884,1729418952
4596,1,1729423446,1729426739
3912,1,1729424815,1729429993
2450,3,1729426564,1729429510
4456,5,1729430751,1729436790
1632,4,1729432528,1729435019
2799,4,1729444024,1729447128
2369,3,1729452042,1729457176
1231,3,1729452429,1729455414
3095,1,1729456641,1729458650
3732,5,1729459733,1729464633
2288,1,1729461152,1729467433
2366,5,1729461558,1729468532
1769,2,1729463744,1729467862
4753,5,1729465376,1729470060
3699,2,1729474857,1729477207
3768,3,1729474910,1729478236
4354,4,1729475104,1729480805
3707,2,1729478105,1729480676
2889,5,1729482576,1729485812
2408,1,1729482639,1729486135
3552,3,1729485353,1729490758
4663,2,1729485681,1729491057
2613,5,1729487408,1729489327
1319,4,1729493689,1729497852
2795,3,1729495986,1729502623
1456,1,1729507326,1729514526
1294,2,1729509594,1729512995
2547,5,1729510427,1729516321
1226,1,1729525310,1729528974
2648,3,1729529641,1729536260
4356,4,1729537099,1729544263
3310,2,1729544800,1729551889
2340,3,1729548371,1729554384
3670,5,1729549155,1729555872
3626,2,1729552210,1729557601
2953,2,1729570871,1729576117
4408,4,1729571717,1729574201
2386,5,1729574620,1729581149
3912,2,1729583161,1729586875
2794,3,1729585527,1729592143
1537,3,1729586254,1729591679
3774,1,1729591473,1729598644
4918,2,1729604682,1729608155
3761,2,1729604955,1729611040
1839,4,1729605146,1729610348
2063,1,1729613404,1729615646
4215,3,1729615574,1729620867
2088,4,1729616319,1729623168
4452,5,1729628575,1729635491
4612,4,1729633166,1729637325
2608,4,1729639544,1729645168
2351,2,1729641603,1729647317
3828,1,1729646996,1729649130
1331,3,1729648710,1729654670
4657,5,1729653666,1729659174
4899,1,1729658835,1729661158
1503,1,1729661378,1729666510
4892,1,1729666515,1729668945
2906,2,1729666703,1729672564
1328,5,1729674042,1729675953
2389,5,1729674047,1729680523
3612,2,1729676217,1729681833
1120,4,1729689098,1729691182
4060,5,1729691563,1729694614
3478,4,1729694109,1729696050
4229,5,1729707484,1729709627
3502,1,1729709844,1729714519
2129,2,1729715294,1729720587
1906,3,1729724310,1729727731
3971,1,1729726258,1729731579
4048,3,1729727458,1729733363
4865,1,1729727620,1729732863
1613,1,1729730019,1729736056
1520,2,1729738870,1729745588
2213,4,1729744804,1729748770
1969,4,1729751632,1729754810
3438,3,1729751894,1729755229
2710,1,1729756741,1729760399
2354,5,1729763163,1729766475
1064,5,1729772799,1729775604
1837,5,1729772953,1729776269
4019,2,1729778916,1729785117
3391,2,1729779508,1729784311
4208,5,1729790553,1729794504
2465,3,1729790919,1729792771
1981,1,1729796105,1729800961
2335,5,1729802978,1729808979
1391,4,1729804198,1729807233
1084,2,1729807859,1729812883
4351,3,1729816362,1729821030
3939,5,1729820363,1729826720
1995,5,1729831722,1729834212
3494,2,1729843734,1729845593
4726,3,1729845173,1729848415
2273,4,1729859647,1729863103
3486,1,1729870215,1729875950
4326,4,1729875024,1729879306
1380,1,1729875335,1729878739
3076,5,1729883724,1729887115
2193,5,1729885441,1729891088
2226,5,1729888551,1729893105
4732,3,1729888581,1729894029
4110,3,1729893570,1729896313
2810,1,1729894897,1729898211
1799,4,1729894907,1729898620
4182,3,1729903275,1729908722
4052,5,1729914617,1729920447
3694,4,1729915754,1729918389
1920,3,1729922567,1729925605
1713,1,1729926195,1729931209
4727,5,1729927426,1729930965
4771,1,1729927972,1729932835
3247,5,1729929259,1729934325
4326,5,1729933574,1729937559
3937,2,1729933584,1729940274
1839,4,1729934668,1729936999
4386,5,1729935000,1729937460
3070,4,1729936673,1729943782
1352,2,1729942083,1729945502
1624,4,1729943340,1729947034
2600,1,1729952703,1729956314
4442,1,1729964602,1729970065
3875,4,1729969207,1729973061
2634,1,1729976991,1729982415
2100,3,1729980323,1729983298
1724,4,1729981169,1729986944
3971,1,1729982968,1729989881
4475,4,1729985825,1729990147
1049,5,1729986282,1729991060
4553,5,1729997614,1729999781
3121,1,1729999162,1730005875
3346,2,1730002903,1730006723
1713,2,1730003908,1730010420
2967,2,1730008663,1730015584
4196,1,1730011294,1730013659
2503,2,1730014894,1730020516
2282,1,1730017468,1730023620
3388,1,1730018104,1730023544
1053,1,1730019003,1730021778
4366,3,1730020600,1730026022
4970,2,1730022790,1730026714
2211,5,1730023045,1730026602
4804,1,1730023237,1730028932
4010,5,1730027998,1730032041
1423,4,1730035152,1730037710
4992,3,1730040920,1730044717
3709,4,1730057603,1730062886
2212,2,1730063207,1730065848
2632,2,1730067458,1730070549
1139,1,1730071771,1730074674
2587,3,1730073235,1730076274
2919,5,1730078056,1730082813
3334,2,1730078890,1730082963
2451,5,1730079970,1730083718
1724,1,1730091154,1730097843
4448,5,1730093835,1730097394
1341,2,1730095133,1730098570
1878,5,1730098564,1730102441
4296,2,1730104684,1730108913
4198,5,1730105474,1730107809
4608,4,1730107532,1730112534
3427,5,1730110217,1730114440
4401,4,1730110474,1730115674
3228,2,1730112581,1730118608
3487,4,1730139213,1730144716
4732,4,1730150475,1730156909
1901,2,1730153082,1730156442
2953,1,1730153830,1730156353
2163,5,1730154294,1730159178
2705,3,1730161768,1730166875
2386,5,1730163797,1730167503
3677,2,1730167672,1730169859
4328,1,1730168446,1730174347
1702,3,1730168966,1730172049
3796,1,1730173049,1730178157
3950,1,1730178811,1730182509
4778,2,1730187520,1730193862
4146,1,1730187869,1730192014
4789,2,1730188568,1730194629
4753,2,1730189351,1730191770
1795,3,1730190480,1730196257
1630,3,1730191127,1730198098
3374,1,1730193596,1730195888
4003,4,1730196235,1730203347
3142,4,1730204239,1730209338
3913,3,1730207368,1730210528
3067,5,1730207830,1730212233
4020,5,1730209993,1730212443
2535,4,1730210490,1730213995
1463,4,1730211875,1730216614
2079,2,1730215167,1730219839
1495,5,1730218492,1730221427
2762,5,1730222892,1730227334
2701,3,1730223612,1730228634
1362,4,1730235189,1730238662
1990,1,1730235523,1730240648
4269,3,1730236207,1730239525
2482,5,1730245083,1730249540
3419,1,1730250960,1730254378
4287,1,1730258417,1730262825
4952,2,1730260500,1730262791
4288,1,1730273954,1730281070
1758,2,1730274393,1730280600
4669,1,1730274552,1730280514
2430,2,1730275155,1730280443
4674,3,1730281070,1730286836
2412,1,1730284073,1730291157
1165,1,1730290421,1730296687
1585,3,1730298900,1730301825
1150,2,1730302012,1730304791
3996,3,1730304026,1730307180
2029,1,1730308469,1730312732
3625,2,1730310354,1730317311
1541,4,1730314434,1730318210
2172,2,1730326129,1730331268
3883,1,1730331014,1730337219
4192,2,1730331682,1730337394
2949,4,1730332752,1730339690
4271,5,1730339683,1730343485
3190,3,1730365902,1730373086
2614,5,1730369742,1730371597
1849,2,1730384925,1730387609
2204,5,1730392635,1730399720
2805,5,1730402468,1730406713
3074,3,1730403424,1730410608
3262,5,1730404163,1730407708
3874,3,1730412693,1730417996
1443,2,1730417430,1730420621
4028,4,1730423109,1730428509
2547,2,1730423379,1730426769
1006,3,1730426390,1730431175
3055,4,1730441066,1730446492
4015,3,1730442467,1730444599
1250,4,1730449861,1730453733
1294,5,1730457518,1730463915
1410,1,1730457613,1730464025
2205,3,1730464013,1730470803
4442,1,1730464528,1730467356
4299,4,1730466189,1730471061
1747,2,1730468807,1730472226
3360,3,1730472458,1730476565
3156,4,1730473951,1730477618
2246,3,1730481938,1730484936
2033,4,1730483726,1730486302
3013,2,1730486528,1730490192
2008,2,1730486925,1730489086
3440,3,1730488557,1730495307
3808,2,1730497593,1730500574
1569,4,1730508139,1730511605
4629,1,1730508749,1730512133
4146,4,1730510881,1730514118
2288,1,1730513656,1730519970
1193,5,1730519288,1730526476
1758,1,1730524113,1730528867
4996,4,1730524150,1730526203
3628,2,1730525917,1730530714
1692,4,1730541834,1730546761
3086,5,1730545167,1730548893
1206,3,1730549499,1730553092
4471,1,1730551730,1730553592
3780,4,1730554585,1730560441
4288,4,1730556871,1730562985
1757,3,1730558475,1730564057
1716,2,1730558786,1730562018
1995,3,1730559490,1730565033
4807,4,1730562667,1730566687
4258,1,1730573951,1730578216
3883,3,1730585527,1730587439
1750,5,1730586821,1730592571
1594,3,1730591057,1730592999
4258,4,1730594311,1730597200
4442,1,1730594442,1730600521
2213,4,1730599015,1730605988
2927,1,1730604927,1730610985
1220,2,1730610248,1730614256
3109,1,1730611571,1730616858
2305,3,1730612524,1730616222
1482,4,1730616824,1730623854
3413,4,1730624965,1730627033
1439,3,1730632218,1730636711
1159,2,1730643358,1730650173
2921,3,1730646253,1730651319
4198,4,1730658483,1730663034
2354,5,1730667124,1730672454
3860,1,1730675888,1730682642
4768,5,1730677988,1730684741
1838,3,1730681379,1730685065
2793,5,1730681608,1730685805
2969,1,1730693511,1730700268
4452,5,1730695533,1730701428
2656,5,1730698871,1730702445
1106,1,1730699376,1730701950
4018,4,1730702753,1730708535
1216,1,1730706758,1730708592
2548,4,1730707685,1730711823
1626,3,1730708628,1730714003
2193,4,1730709200,1730713899
4571,4,1730714996,1730720695
2139,4,1730716739,1730722546
4314,3,1730717013,1730720638
3221,4,1730721046,1730725428
2634,5,1730745407,1730750263
4080,3,1730747215,1730751026
3106,3,1730748074,1730750035
3628,2,1730762029,1730764416
2009,2,1730766357,1730773439
1205,2,1730769636,1730775751
1990,3,1730771421,1730774666
3332,3,1730794993,1730798916
3008,3,1730796108,1730802767
4566,3,1730808850,1730814551
4848,2,1730812070,1730813945
4298,5,1730813055,1730815052
2416,5,1730814659,1730817111
4148,5,1730815753,1730821662
3808,1,1730816736,1730820222
1139,2,1730830081,1730836464
2627,3,1730830675,1730837041
1283,3,1730835854,1730841915
1482,1,1730837967,1730841727
3356,2,1730844565,1730848879
4601,1,1730846119,1730851940
2326,1,1730854782,1730858881
1341,1,1730856222,1730862566
4555,3,1730856229,1730859010
2570,3,1730858396,1730863618
4100,3,1730859456,1730861776
4191,2,1730861923,1730866954
3648,2,1730865355,1730869092
1586,3,1730866632,1730871707
1391,4,1730879213,1730882279
3623,2,1730887118,1730892319
3219,4,1730889110,1730895014
1701,5,1730891363,1730897443
4058,4,1730892456,1730899118
1220,2,1730894361,1730896879
2925,3,1730902127,1730907087
2739,2,1730906134,1730910647
4441,4,1730907479,1730909383
1737,1,1730919953,1730924929
1916,4,1730933547,1730939981
2847,4,1730933766,1730936416
1319,2,1730944425,1730948136
3153,4,1730948462,1730951905
2289,4,1730953548,1730959014
2106,3,1730958346,1730961896
4086,4,1730960133,1730964473
4901,3,1730973556,1730979257
1434,1,1730976297,1730979094
2713,4,1730977637,1730984104
1076,2,1730982635,1730986391
1396,1,1730983611,1730990208
1695,5,1730983793,1730986872
3996,3,1730985535,1730988197
4516,1,1730996757,1731000564
4468,5,1730998490,1731001229
3711,2,1731000447,1731007265
2901,1,1731016346,1731022417
4010,2,1731018024,1731021508
2288,5,1731021408,1731027288
1891,1,1731021436,1731027243
1126,5,1731022173,1731024504
1729,1,1731023644,1731027613
3221,2,1731025351,1731030498
4727,1,1731027265,1731032479
1909,5,1731027652,1731029481
1920,3,1731043431,1731046195
1402,1,1731045665,1731049348
1687,2,1731049284,1731056145
1520,4,1731051062,1731053041
3320,2,1731055282,1731058077
4757,2,1731056767,1731063861
4468,2,1731068351,1731070692
1349,3,1731069396,1731073136
3492,5,1731071530,1731076394
4363,5,1731071595,1731078762
2590,2,1731074653,1731077040
2806,4,1731074807,1731077641
3013,1,1731083757,1731090928
4566,4,1731088635,1731092893
2830,5,1731090463,1731095289
1814,4,1731094034,1731096247
4386,3,1731100058,1731106060
3410,4,1731100239,1731103394
3530,4,1731101718,1731105684
3846,2,1731102261,1731107584
1169,3,1731108875,1731112419
3422,2,1731113664,1731119605
4241,4,1731117344,1731120232
1117,2,1731130710,1731133268
2570,3,1731133525,1731140122
1097,5,1731134943,1731138293
1195,1,1731136001,1731143053
4566,2,1731140500,1731143762
2908,2,1731143111,1731146657
2796,5,1731149012,1731151434
1753,4,1731149111,1731156261
1260,1,1731150203,1731155456
1939,5,1731151427,1731155978
1311,4,1731163195,1731166921
4970,4,1731164719,1731168557
3260,2,1731179877,1731184026
2238,5,1731180282,1731185543
3795,5,1731181143,1731186034
1924,3,1731185207,1731188311
4460,2,1731189723,1731195199
4091,3,1731192089,1731197723
2396,4,1731193132,1731198552
4429,5,1731198033,1731200706
2911,4,1731203078,1731206277
2594,4,1731206567,1731209822
3812,3,1731206825,1731211617
1881,3,1731210732,1731215530
1231,2,1731214119,1731219070
4736,2,1731221446,1731223432
1503,1,1731222237,1731224908
3163,5,1731225198,1731227106
2576,4,1731229495,1731234584
4429,4,1731231365,1731233897
2327,2,1731231440,1731235026
2053,5,1731236836,1731240380
3386,4,1731237789,1731241626
2036,2,1731244526,1731251273
2490,2,1731249377,1731254561
1121,4,1731265624,1731268166
3552,4,1731269597,1731274588
1502,2,1731269927,1731276295
4325,2,1731272981,1731275499
1312,1,1731281011,1731284036
1246,1,1731287189,1731289452
3975,5,1731298576,1731300558
4837,2,1731304526,1731310608
4819,4,1731308192,1731314898
4962,3,1731311486,1731316128
2525,5,1731311945,1731314116
3748,1,1731319058,1731321806
2399,2,1731319616,1731322564
2382,2,1731320150,1731324486
2444,2,1731322850,1731325300
2273,5,1731324339,1731328005
2252,4,1731324447,1731329690
4852,3,1731326082,1731332565
1316,5,1731332856,1731336969
3256,1,1731341407,1731344874
1294,2,1731354809,1731357607
4203,1,1731354997,1731356998
4189,1,1731356388,1731362314
1886,5,1731356871,1731363707
4345,1,1731361398,1731365864
4546,2,1731372015,1731379003
3559,3,1731372391,1731378283
1113,1,1731376066,1731382402
3131,1,1731376610,1731382223
4216,3,1731377977,1731384984
1939,2,1731380159,1731382058
4751,2,1731381171,1731385179
4634,5,1731388851,1731391780
1630,1,1731392779,1731396232
4172,5,1731399043,1731403303
2088,2,1731401445,1731408193
4787,3,1731404269,1731406660
1765,2,1731405596,1731410276
1596,1,1731407287,1731412253
2673,4,1731410091,1731412372
1439,3,1731412164,1731418953
3588,2,1731413105,1731420016
4121,1,1731419572,1731423559
3010,5,1731420814,1731424815
4757,5,1731430813,1731435795
2590,2,1731433631,1731436491
4957,3,1731435660,1731438575
4555,1,1731438528,1731443231
2425,4,1731439781,1731446310
2548,4,1731443484,1731448949
1277,5,1731447653,1731454286
1947,4,1731456305,1731461553
3834,5,1731457475,1731463048
4443,4,1731460214,1731463185
3256,1,1731460778,1731466236
1235,2,1731461026,1731466244
4058,5,1731463874,1731466196
1303,5,1731467532,1731469690
3106,3,1731469674,1731474301
3700,4,1731473360,1731479831
3834,1,1731475995,1731481469
1422,1,1731477119,1731483388
4070,2,1731480145,1731485440
4351,1,1731483426,1731486079
1585,3,1731493018,1731495825
2764,1,1731493255,1731496815
2787,4,1731501138,1731504863
4205,1,1731504330,1731508184
2801,2,1731505020,1731511604
2479,2,1731507647,1731510106
4599,3,1731512220,1731519262
3879,2,1731514224,1731518272
1046,1,1731516397,1731522126
4215,3,1731543134,1731548199
4325,1,1731549659,1731552874
2812,2,1731554264,1731557896
3086,5,1731559067,1731562928
1775,2,1731570268,1731576413
1365,1,1731571403,1731574868
2821,5,1731580005,1731583717
4093,4,1731582055,1731587907
1969,5,1731583620,1731589611
1541,3,1731585911,1731592999
2894,1,1731589253,1731593782
2016,3,1731589956,1731596601
3261,1,1731591926,1731594694
4321,5,1731593425,1731595767
3347,3,1731594305,1731596509
1618,1,1731596708,1731602214
3795,1,1731600548,1731604428
3106,5,1731605844,1731611778
4757,5,1731610115,1731616357
2129,3,1731614417,1731620159
3703,5,1731617692,1731622581
1990,3,1731624747,1731630978
2416,1,1731631070,1731633946
2858,2,1731639709,1731645311
2953,3,1731639742,1731644025
1192,3,1731646396,1731648248
4944,2,1731651775,1731654870
2638,4,1731655521,1731660518
2816,5,1731663749,1731669444
2054,5,1731667342,1731673746
1328,5,1731671189,1731677043
1360,3,1731680843,1731687926
3666,3,1731681625,1731684524
2711,3,1731682361,1731686644
4508,1,1731682794,1731685601
4980,3,1731683961,1731690335
1440,3,1731684927,1731690036
4096,4,1731685945,1731693134
4658,5,1731687785,1731689611
3629,3,1731688594,1731690646
3620,3,1731689144,1731694852
4093,3,1731690757,1731697221
4892,4,1731693424,1731695658
2856,2,1731696252,1731699197
3467,2,1731697142,1731703685
2627,4,1731699721,1731703762
2115,1,1731700515,1731706783
4751,4,1731707016,1731710925
4990,5,1731719911,1731725431
2799,4,1731720332,1731723229
2040,4,1731721076,1731723294
3860,5,1731726853,1731729609
3054,5,1731728110,1731732794
4189,3,1731730179,1731736078
2858,3,1731733065,1731738714
3628,5,1731734774,1731738409
1220,3,1731736523,1731741247
2297,4,1731742966,1731745520
4936,5,1731743678,1731746327
4608,3,1731753328,1731758850
1215,3,1731759694,1731763461
3707,5,1731760015,1731764156
1213,4,1731760361,1731764757
2053,1,1731765560,1731769478
2251,4,1731774131,1731778345
1413,4,1731776043,1731781126
2036,4,1731776600,1731780188
1795,5,1731787687,1731794089
1540,2,1731789462,1731795377
4298,1,1731802794,1731809089
2033,2,1731808993,1731814764
1302,3,1731811985,1731815240
1292,5,1731815984,1731818516
2431,3,1731825500,1731832350
3131,2,1731833370,1731837801
1236,4,1731840648,1731846917
3071,2,1731849256,1731855519
2764,1,1731850343,1731855578
1638,3,1731854799,1731858688
3131,3,1731859298,1731865820
1141,3,1731861400,1731865458
1413,3,1731864328,1731866309
4990,1,1731865688,1731867829
4676,2,1731874290,1731881440
2430,3,1731875280,1731878564
1724,1,1731881545,1731885674
2713,1,1731886189,1731892642
4852,1,1731887428,1731890399
4218,3,1731892213,1731898989
3834,5,1731893205,1731896671
3335,5,1731896393,1731900214
1205,3,1731896438,1731898876
4676,5,1731903053,1731908337
4201,4,1731908250,1731912532
1163,3,1731910789,1731914987
2591,5,1731911664,1731915245
1417,5,1731915686,1731921464
2095,5,1731917711,1731923509
3530,3,1731918950,1731923150
4334,1,1731920806,1731924140
2645,5,1731923944,1731929376
3311,5,1731926296,1731932571
3931,3,1731926567,1731929614
3636,1,1731931026,1731935531
3720,5,1731932077,1731937674
4480,3,1731933611,1731939636
4178,3,1731938946,1731941983
3860,4,1731942968,1731949644
1556,1,1731943458,1731948805
1529,2,1731943736,1731945985
4460,2,1731949930,1731955702
2861,4,1731954694,1731958434
4229,5,1731960603,1731966556
3048,4,1731963360,1731966413
4952,1,1731965920,1731970739
2546,1,1731969777,1731976572
4164,4,1731977507,1731981733
1064,3,1731981687,1731984370
4193,5,1731984685,1731990184
2548,1,1731999595,1732002028
3982,1,1732003893,1732007101
1666,4,1732004329,1732007479
3860,3,1732006185,1732012815
3074,4,1732007105,1732009316
4326,4,1732007568,1732012741
3310,4,1732013882,1732016558
2233,2,1732026553,1732028615
1270,5,1732032134,1732036933
4824,4,1732046011,1732050508
2555,4,1732058288,1732062450
4982,2,1732059699,1732062857
2797,1,1732065332,1732067292
2805,3,1732067824,1732071507
3729,4,1732070936,1732073316
2939,3,1732080172,1732085614
4148,4,1732080902,1732087413
1126,4,1732082108,1732087212
3260,2,1732083156,1732089121
1417,3,1732086071,1732090262
3467,5,1732087344,1732092212
3467,3,1732101121,1732104100
1119,3,1732105411,1732108118
3881,1,1732106447,1732110765
3224,5,1732112390,1732118642
2751,2,1732115986,1732119396
4042,2,1732116373,1732122759
4824,4,1732117208,1732121553
1474,2,1732118551,1732121672
4143,2,1732127897,1732134565
4848,3,1732132603,1732139322
2893,2,1732134570,1732137356
3796,5,1732136272,1732138870
4571,2,1732139683,1732143868
2639,5,1732141359,1732146643
4804,5,1732146889,1732149907
3309,5,1732147711,1732150886
2801,2,1732151227,1732156864
4579,1,1732154014,1732161056
1924,5,1732154388,1732160545
1814,1,1732154782,1732160098
2693,3,1732155259,1732158042
3391,2,1732156068,1732158806
1506,1,1732161653,1732163754
1134,2,1732161838,1732168764
4791,5,1732164177,1732170337
4249,1,1732165743,1732172824
4198,3,1732167441,1732174581
1612,4,1732170855,1732173656
1502,5,1732171248,1732175634
2091,2,1732176261,1732178714
3980,2,1732176747,1732179524
1570,1,1732181853,1732185140
2105,4,1732185579,1732188511
2903,4,1732187944,1732194043
1163,3,1732188064,1732192359
2627,1,1732196771,1732199979
1063,1,1732197571,1732203317
1495,2,1732200990,1732205382
1302,3,1732204605,1732209103
4442,4,1732207704,1732213055
3463,5,1732215176,1732217855
2911,1,1732219958,1732226578
1541,1,1732220874,1732225664
2279,5,1732221043,1732223734
2451,2,1732223689,1732227238
4657,3,1732227695,1732232025
3906,3,1732230981,1732237365
2547,1,1732231432,1732233428
3947,1,1732232875,1732236030
4925,5,1732233749,1732236389
2787,4,1732240410,1732243926
3516,1,1732241313,1732243406
4209,1,1732251514,1732256632
1647,1,1732251969,1732255678
1542,2,1732254628,1732257389
4973,3,1732255223,1732258633
4622,5,1732260987,1732266343
4935,3,1732264264,1732269454
3125,1,1732271028,1732276711
2693,1,1732272344,1732274151
3367,1,1732272428,1732276131
1362,4,1732274647,1732279200
1440,3,1732277142,1732279328
3791,5,1732282190,1732286510
3497,3,1732285498,1732292251
3111,1,1732289365,1732292350
3834,3,1732290170,1732294305
3358,5,1732295500,1732302169
1666,4,1732299366,1732305393
1675,3,1732301783,1732305527
3419,5,1732306428,1732312396
1659,4,1732307119,1732314043
3745,2,1732308531,1732314529
2340,3,1732308736,1732315567
2386,2,1732311576,1732316127
3858,4,1732312477,1732319320
3012,4,1732316154,1732322719
1750,5,1732318011,1732322838
4593,5,1732322508,1732325508
2814,5,1732326289,1732330713
3386,1,1732328143,1732331364
2292,1,1732331436,1732336838
4161,5,1732339970,1732346449
2846,5,1732346273,1732349765
2723,2,1732347625,1732354700
3836,3,1732350985,1732356819
2808,1,1732356459,1732360719
1380,5,1732360556,1732364289
3939,5,1732373878,1732378687
3324,4,1732376355,1732379373
3832,2,1732382889,1732387595
4613,3,1732393711,1732400792
3360,2,1732399512,1732404184
4463,2,1732402703,1732407291
2869,2,1732414559,1732421571
3708,4,1732416171,1732420396
3630,5,1732416521,1732419102
1969,4,1732416798,1732420865
2697,4,1732417940,1732421156
3445,3,1732420649,1732426543
3427,4,1732429545,1732435662
1324,1,1732432784,1732436776
2211,1,1732434110,1732438152
3836,4,1732434300,1732436808
1956,3,1732437319,1732441147
3495,3,1732437439,1732439858
1838,5,1732446173,1732449893
1180,2,1732455581,1732462542
3700,3,1732457897,1732461356
2430,3,1732459643,1732463981
4824,5,1732461500,1732466221
1909,4,1732462582,1732469173
3950,1,1732464826,1732470445
4223,1,1732465509,1732471295
1753,2,1732475213,1732477617
4637,3,1732475500,1732480608
4073,1,1732475849,1732482542
4905,2,1732476520,1732482712
1216,5,1732486731,1732491530
3311,3,1732492011,1732495554
3187,4,1732497574,1732501340
3708,1,1732502341,1732506853
3634,3,1732512916,1732517685
2348,3,1732513366,1732517067
4021,1,1732520684,1732523399
1037,1,1732526052,1732532801
4585,1,1732529574,1732536571
4973,1,1732530493,1732536290
2638,2,1732530513,1732532809
4669,3,1732535221,1732542267
1776,1,1732542803,1732546742
2273,2,1732547934,1732553307
3321,3,1732548056,1732554340
3552,5,1732548933,1732553600
3266,3,1732553058,1732556979
1134,5,1732557850,1732560124
3888,2,1732558031,1732565190
3872,5,1732562028,1732567515
1210,3,1732563153,1732566986
2390,2,1732565425,1732570590
3776,1,1732566375,1732572358
1739,4,1732567964,1732571214
1344,1,1732571780,1732573964
4962,3,1732580749,1732586516
3196,1,1732591731,1732595613
1507,2,1732597286,1732604313
3881,5,1732600766,1732607077
2580,2,1732601381,1732607226
4148,2,1732609065,1732615416
3541,3,1732612751,1732616666
3975,4,1732613501,1732615651
3776,3,1732621132,1732624690
1380,2,1732623569,1732629193
4264,3,1732625787,1732632137
1090,1,1732630609,1732637178
2523,2,1732631408,1732636768
4935,4,1732631896,1732637212
1559,5,1732632680,1732636626
4787,5,1732633464,1732636893
2416,2,1732636101,1732640604
3577,3,1732636336,1732642739
2924,4,1732648472,1732652476
1906,3,1732651436,1732658387
1943,1,1732652241,1732654378
1261,4,1732655982,1732658582
2358,5,1732657760,1732660571
2252,3,1732661860,1732666716
2444,3,1732675139,1732680149
4674,1,1732677961,1732681559
4848,5,1732684925,1732690692
2587,4,1732689234,1732692763
1278,1,1732689354,1732693777
2772,2,1732691943,1732698845
1423,5,1732696754,1732701045
3494,2,1732696803,1732699764
2847,1,1732696805,1732699862
4262,2,1732697488,1732702009
3054,5,1732698103,1732702646
2548,1,1732703463,1732706160
1775,3,1732707691,1732712007
4271,5,1732715122,1732720137
4743,1,1732717367,1732720571
3255,2,1732717809,1732720334
3998,4,1732719492,1732723757
2465,4,1732721939,1732726454
2821,2,1732721978,1732727307
3987,2,1732734811,1732738559
3256,3,1732735605,1732739840
3378,2,1732739421,1732744981
3076,1,1732741523,1732748561
2354,2,1732741568,1732746744
2033,4,1732744980,1732748844
4599,3,1732750966,1732756403
1795,2,1732751384,1732758114
4824,4,1732754644,1732757642
4634,3,1732756802,1732758771
2847,3,1732758408,1732764032
3633,1,1732767935,1732771392
4786,2,1732772772,1732777008
2252,5,1732774040,1732779363
1169,2,1732776566,1732782311
3153,5,1732777504,1732781126
1622,1,1732782016,1732788529
2396,4,1732790103,1732792408
3497,1,1732795390,1732797449
3819,2,1732798425,1732802207
4055,2,1732809438,1732813933
3393,2,1732812652,1732819190
4775,1,1732815263,1732820195
4799,3,1732821149,1732823995
2190,5,1732825520,1732831786
4962,4,1732828679,1732834202
1299,5,1732834876,1732837317
1939,3,1732836859,1732842766
2906,3,1732843015,1732849814
4012,1,1732843507,1732847822
1963,3,1732844895,1732849346
2917,2,1732845481,1732848017
1288,1,1732845715,1732848449
4195,5,1732846916,1732851916
4204,4,1732849802,1732854032
3111,4,1732852968,1732859760
4012,4,1732855816,1732858703
2580,4,1732858752,1732865060
1596,1,1732862760,1732868147
3947,5,1732866190,1732869317
3752,5,1732867174,1732873003
1312,3,1732868944,1732874023
4019,4,1732874022,1732877255
3427,2,1732874341,1732878939
3901,5,1732877487,1732882884
4364,1,1732884062,1732890032
4524,3,1732886146,1732891465
1029,2,1732890981,1732898016
3054,1,1732894779,1732899016
4736,2,1732899842,1732905938
3093,4,1732912621,1732918397
3118,5,1732914122,1732916292
2170,2,1732914470,1732918039
1503,1,1732914999,1732917515
2710,4,1732916366,1732923115
2333,3,1732923983,1732926421
1452,1,1732925933,1732930005
3429,4,1732929967,1732935444
2202,3,1732932398,1732934562
1076,1,1732933397,1732936212
4574,5,1732933830,1732937536
4951,1,1732937501,1732940287
4468,3,1732942255,1732946687
1996,2,1732947732,1732949609
4403,5,1732948696,1732954600
4627,2,1732950554,1732956935
4817,1,1732951920,1732958103
1618,2,1732953898,1732958477
2627,5,1732962998,1732968674
2940,1,1732965050,1732969888
3628,2,1732965053,1732967833
3141,1,1732965387,1732968068
2585,1,1732966484,1732973495
3026,1,1732972222,1732974257
1709,4,1732973287,1732979047
2716,3,1732974045,1732979422
1353,3,1732987558,1732990536
3463,2,1732993808,1733000073
4586,5,1732996536,1733002353
2761,2,1733003943,1733010969
1210,2,1733011859,1733014917
4637,4,1733013815,1733018317
2227,3,1733014953,1733020777
2088,4,1733016036,1733021909
4065,2,1733017141,1733019401
2479,1,1733019275,1733021553
4182,3,1733028308,1733033606
4517,3,1733030974,1733038121
2064,4,1733033637,1733039630
4179,3,1733037790,1733043865
4012,4,1733038094,1733041449
3109,3,1733039709,1733043203
3378,3,1733039787,1733043342
1224,1,1733040076,1733043423
2518,2,1733043955,1733047712
1492,4,1733055342,1733057167
2230,5,1733065076,1733071795
1520,2,1733077337,1733083507
1059,2,1733081695,1733085734
2544,4,1733083168,1733085096
3332,4,1733089313,1733093078
4004,4,1733094099,1733098940
3326,3,1733095680,1733098107
2824,1,1733100136,1733106738
2259,3,1733109624,1733112809
1195,1,1733112671,1733115539
4585,2,1733116474,1733119068
2755,3,1733121426,1733125104
2316,4,1733122074,1733124374
3074,2,1733125267,1733128827
1995,2,1733127371,1733129187
2933,3,1733138198,1733141347
2155,5,1733138778,1733143345
1878,1,1733144300,1733146818
1275,1,1733144836,1733149205
1924,5,1733152153,1733158252
1025,5,1733155782,1733158429
4837,5,1733156910,1733163294
4291,1,1733161407,1733166510
4991,4,1733164421,1733168417
4590,3,1733173765,1733179524
2373,3,1733175461,1733180161
4865,5,1733179085,1733182367
4823,3,1733179571,1733186202
3071,2,1733179759,1733185372
2278,3,1733180896,1733187932
2387,3,1733182636,1733184997
1069,3,1733183117,1733188764
2085,3,1733184717,1733190209
2639,4,1733186499,1733189326
1365,4,1733187488,1733192935
4204,2,1733190863,1733195845
2860,2,1733198460,1733202923
1106,4,1733201144,1733204552
4944,5,1733211211,1733213747
3391,5,1733214659,1733219030
4734,2,1733215153,1733218942
1578,5,1733217379,1733224060
3419,1,1733218626,1733222792
4069,1,1733219612,1733225098
1090,5,1733220445,1733226743
3975,3,1733222425,1733225751
3569,2,1733224552,1733229548
1947,2,1733230212,1733233693
1981,3,1733236106,1733241485
2008,3,1733241437,1733244992
4970,4,1733246121,1733250602
4147,4,1733254404,1733260905
3255,2,1733255328,1733257847
2751,4,1733256766,1733261147
2711,4,1733263017,1733265003
4980,1,1733267937,1733271625
2498,4,1733268897,1733270769
1484,3,1733269498,1733276329
3996,4,1733269985,1733272823
2456,1,1733270079,1733277138
2764,4,1733270428,1733277355
2190,4,1733273768,1733276457
4371,1,1733280167,1733285155
2184,5,1733282017,1733287362
1803,2,1733282626,1733287489
4623,1,1733289721,1733296593
4351,1,1733290279,1733294917
3277,1,1733293987,1733300738
2396,2,1733294388,1733301563
2522,2,1733304776,1733308078
2524,5,1733307899,1733311500
4995,2,1733308133,1733313869
1800,5,1733310791,1733313387
3228,3,1733311090,1733317858
3824,4,1733312175,1733314198
4668,2,1733314211,1733317607
3934,4,1733315458,1733322286
1948,2,1733317177,1733321256
3678,5,1733324277,1733331210
1918,1,1733336954,1733339322
4094,5,1733337341,1733339694
1540,2,1733338534,1733344623
2326,5,1733340547,1733346087
3796,3,1733346326,1733352597
3827,3,1733348734,1733354504
3536,2,1733363099,1733364953
1169,1,1733364128,1733366578
4901,3,1733366947,1733369775
2797,1,1733371530,1733375572
2029,1,1733372558,1733375628
1285,2,1733374868,1733377620
1956,5,1733375171,1733381360
1586,1,1733381790,1733387326
4817,3,1733386744,1733390443
2572,1,1733389500,1733392400
4443,4,1733401320,1733408286
3615,1,1733404601,1733410779
3179,5,1733406794,1733410267
1907,1,1733409460,1733413450
1038,5,1733417444,1733419629
4216,4,1733422071,1733427933
3501,4,1733426406,1733428375
1169,1,1733443044,1733447450
1983,5,1733446696,1733451922
1960,2,1733451098,1733457776
1855,4,1733457460,1733462209
1205,2,1733462817,1733467613
4197,3,1733466751,1733473867
1440,1,1733472444,1733477743
2690,2,1733475619,1733479716
4786,2,1733475820,1733482685
4299,2,1733482121,1733486503
1440,4,1733482530,1733488895
4460,3,1733489507,1733491832
4284,1,1733491692,1733496390
4986,4,1733493050,1733495426
3623,4,1733496817,1733501590
2283,5,1733497277,1733499369
4215,3,1733501903,1733506274
1185,4,1733508130,1733510792
4482,1,1733509360,1733512070
1625,3,1733514456,1733517142
2308,4,1733521137,1733527695
3612,3,1733531519,1733534386
1781,3,1733531628,1733533494
1207,5,1733537186,1733544097
3779,3,1733540558,1733546599
1015,5,1733540902,1733545177
3540,4,1733542823,1733548477
2376,4,1733547896,1733553793
2627,4,1733549574,1733553690
1630,1,1733549638,1733555877
3588,3,1733550044,1733555073
1885,3,1733550318,1733555147
2627,5,1733552379,1733558474
3605,2,1733553159,1733555561
1803,1,1733556735,1733559549
1852,2,1733561879,1733566822
3552,1,1733562826,1733566296
1193,4,1733567586,1733570186
1303,4,1733573006,1733579841
1653,2,1733573272,1733579923
1885,4,1733574186,1733577715
3169,3,1733575426,1733579928
2142,1,1733583824,1733588476
2332,1,1733584210,1733586119
4630,2,1733585898,1733591440
2780,4,1733591981,1733593857
1618,5,1733595341,1733597438
1439,2,1733599067,1733601172
4817,1,1733599096,1733603827
3709,4,1733599463,1733603071
1344,4,1733603298,1733607136
4205,4,1733606953,1733612327
1895,4,1733616390,1733622286
1552,3,1733623633,1733626233
4630,4,1733625058,1733630198
2525,1,1733626709,1733632547
4838,5,1733627937,1733634877
2871,2,1733628089,1733633644
2793,5,1733630146,1733633396
2462,1,1733630579,1733632655
1562,3,1733634526,1733640027
4383,3,1733637511,1733641192
4848,5,1733637740,1733640005
1503,3,1733641474,1733648501
1520,4,1733642678,1733647964
4596,4,1733653168,1733657804
3070,1,1733664203,1733670190
1982,5,1733665196,1733671767
1037,4,1733666906,1733669526
4096,5,1733675728,1733681072
1069,3,1733679272,1733686179
2639,1,1733679932,1733682624
3141,1,1733679966,1733683362
1231,5,1733680576,1733686788
4517,2,1733681919,1733688963
2966,2,1733683216,1733690080
4080,2,1733686093,1733689788
1535,3,1733688261,1733692783
3715,2,1733699534,1733702936
2884,1,1733709962,1733714324
1885,4,1733713326,1733716105
4321,3,1733717768,1733723898
4865,1,1733718837,1733721298
2396,5,1733721157,1733723916
3334,5,1733724745,1733729900
1097,1,1733726712,1733731710
2400,3,1733730923,1733733811
4015,5,1733732524,1733738890
1165,2,1733733259,1733736188
4632,2,1733744456,1733748891
1559,5,1733749667,1733756287
2933,5,1733759268,1733766071
4304,3,1733759817,1733764149
4768,1,1733761613,1733764842
2889,5,1733765127,1733771868
1995,2,1733765636,1733771117
1025,3,1733774467,1733780272
2366,4,1733775777,1733782028
2238,3,1733776774,1733781802
3629,5,1733777761,1733780460
1331,1,1733781738,1733785404
4326,1,1733782994,1733790118
3559,3,1733783715,1733788791
3834,5,1733785655,1733788502
1842,2,1733794379,1733797836
1678,3,1733795998,1733799872
4377,5,1733796480,1733801429
3125,5,1733797689,1733803590
1901,4,1733803054,1733805886
1909,3,1733809608,1733813692
3196,2,1733812131,1733819111
2108,1,1733823022,1733828066
2129,3,1733823129,1733829737
3713,2,1733825448,1733828948
4351,1,1733825901,1733829016
4521,4,1733829323,1733835313
4482,4,1733833394,1733839441
4191,3,1733839080,1733843301
3311,2,1733839853,1733845261
2308,1,1733840068,1733847054
4151,1,1733843092,1733846466
1341,2,1733847564,1733851190
3874,4,1733849219,1733855639
3748,5,1733852007,1733855948
1244,4,1733853512,1733858870
3768,5,1733858713,1733863042
4654,4,1733858766,1733863791
1328,5,1733866961,1733873171
4463,5,1733875103,1733880777
2849,5,1733875390,1733879015
3980,3,1733890825,1733897887
3556,4,1733890898,1733893305
1885,5,1733891512,1733895983
1775,4,1733894779,1733901311
3074,4,1733900039,1733904768
2412,5,1733905445,1733908833
3031,3,1733905564,1733912227
4022,5,1733906394,1733910018
3666,2,1733906849,1733913484
2794,4,1733910153,1733915465
3093,4,1733920088,1733925645
1945,1,1733922279,1733928893
1990,1,1733923017,1733929303
4799,3,1733929738,1733932382
2711,1,1733945220,1733949264
2568,2,1733948046,1733950323
1610,2,1733948181,1733953883
4188,4,1733955436,1733960439
2958,4,1733957236,1733962216
3965,3,1733969460,1733975978
2064,4,1733977292,1733979165
2141,3,1733980834,1733985159
2436,4,1733984147,1733986190
4644,5,1733987314,1733991247
3492,1,1733989808,1733992841
2412,2,1733990537,1733994827
3761,5,1733993646,1733998798
1705,5,1733994302,1733996428
4753,3,1733995760,1734002105
2254,3,1734002075,1734007115
3053,3,1734002270,1734008537
2262,2,1734008371,1734010409
4167,5,1734009546,1734016279
1389,4,1734011096,1734017084
4110,1,1734013932,1734020675
3713,1,1734015774,1734021810
3623,2,1734021078,1734023253
1224,4,1734024469,1734028453
2573,3,1734024873,1734030885
2575,4,1734029494,1734031718
1703,3,1734031967,1734036502
1560,2,1734032581,1734035259
4688,2,1734035430,1734040902
4216,1,1734037848,1734042506
2812,2,1734038047,1734044446
3212,4,1734041286,1734047099
4676,3,1734041440,1734047442
2797,5,1734046169,1734049968
3752,3,1734051241,1734054072
2122,2,1734057986,1734064585
4267,5,1734058013,1734062967
2192,5,1734059912,1734063901
4284,4,1734062397,1734067040
4249,2,1734062923,1734069396
2014,1,1734064137,1734070253
2850,4,1734064771,1734066936
2026,1,1734067130,1734073779
2297,5,1734077611,1734082284
2563,3,1734078828,1734082676
3832,4,1734079493,1734082540
2101,2,1734084218,1734086557
2351,5,1734085086,1734090232
4786,5,1734086139,1734088026
2498,2,1734091752,1734097533
2089,3,1734098026,1734102883
3906,2,1734098576,1734105526
3900,3,1734101627,1734105770
1492,4,1734103535,1734108729
1952,1,1734104400,1734108068
3752,3,1734108885,1734113533
3514,2,1734110961,1734117854
1490,3,1734112223,1734115275
3774,3,1734115973,1734119821
4553,3,1734116787,1734121783
2003,3,1734128268,1734134395
1482,2,1734135684,1734141497
3360,1,1734138329,1734144626
4679,5,1734141509,1734147815
4992,5,1734142394,1734148378
3946,2,1734146432,1734152174
3391,4,1734146799,1734151269
2008,4,1734148282,1734152134
2273,2,1734151846,1734158251
4992,3,1734154150,1734157667
4214,3,1734157471,1734162648
2783,5,1734168716,1734174830
4733,1,1734168937,1734172917
4358,2,1734170383,1734172975
2111,3,1734170945,1734176418
4150,3,1734174962,1734180926
4111,5,1734175502,1734178889
2208,3,1734180102,1734182776
4197,2,1734184717,1734191005
3946,1,1734185694,1734192262
3530,1,1734189369,1734196527
3791,2,1734193891,1734199185
4574,2,1734204417,1734209342
4140,3,1734204835,1734210358
3311,4,1734205067,1734208071
1704,1,1734207577,1734211497
2338,5,1734211596,1734217701
3321,4,1734221707,1734225704
4296,2,1734225547,1734231175
1150,1,1734228096,1734230873
4030,1,1734231773,1734235656
1866,3,1734232707,1734236524
4952,5,1734238996,1734242636
1169,2,1734247650,1734250321
1653,5,1734250691,1734257334
1506,4,1734251010,1734255805
1842,1,1734251143,1734255819
1632,3,1734252080,1734258903
1270,5,1734255596,1734260772
4276,1,1734256976,1734263195
2288,2,1734264494,1734266434
1272,3,1734264591,1734268218
2906,2,1734270382,1734277413
2037,1,1734271809,1734273928
4821,4,1734273108,1734277556
2479,3,1734281259,1734284053
2399,4,1734296955,1734300245
3037,1,1734297416,1734300481
2473,2,1734298436,1734304425
1506,5,1734298939,1734302937
3707,5,1734300431,1734302846
4555,5,1734300680,1734305536
2492,3,1734302420,1734307077
2125,1,1734305731,1734308804
4596,1,1734310839,1734313038
3573,4,1734314107,1734319407
2111,2,1734316264,1734320664
2348,1,1734326466,1734333418
2218,1,1734328265,1734333526
3715,3,1734328422,1734331190
4414,2,1734334422,1734336691
2153,5,1734341364,1734348056
3695,4,1734343352,1734346662
2938,4,1734343360,1734349363
2026,4,1734343902,1734348414
1626,1,1734347160,1734349721
1213,4,1734352793,1734358240
3349,5,1734353988,1734357878
4237,2,1734362795,1734364613
2430,5,1734363566,1734369717
1121,2,1734363635,1734365848
2362,1,1734369187,1734372141
4226,2,1734371617,1734377739
1163,1,1734374465,1734377355
2062,1,1734374621,1734377068
2227,3,1734378619,1734381066
1312,2,1734380503,1734383167
4052,4,1734383904,1734386884
1793,3,1734386695,1734390853
1803,5,1734386744,1734391272
2183,4,1734389925,1734394327
2107,1,1734391802,1734394425
4520,4,1734393399,1734396974
4037,3,1734406582,1734408915
4509,2,1734406933,1734411954
1719,3,1734412477,1734418958
4957,4,1734414938,1734417295
4964,3,1734415941,1734422372
1983,3,1734419249,1734424843
3878,4,1734423251,1734425785
3947,2,1734426326,1734431908
1746,3,1734430557,1734435377
3849,5,1734431086,1734433544
1873,2,1734431753,1734434369
3121,5,1734432548,1734435510
1121,5,1734434593,1734437451
2764,1,1734435133,1734439716
2043,3,1734437730,1734443510
3067,1,1734452921,1734455227
2327,5,1734457541,1734463180
4928,4,1734458181,1734464307
4809,5,1734463230,1734466034
3987,4,1734463401,1734469942
1003,3,1734466254,1734473387
3463,1,1734470149,1734474483
1974,5,1734470998,1734476465
4350,1,1734474191,1734480768
3625,3,1734479211,1734486378
2326,2,1734482796,1734486586
3193,5,1734486592,1734489514
3360,1,1734488702,1734494057
3658,2,1734489385,1734495411
4995,5,1734492704,1734496681
3054,1,1734495018,1734498500
3846,5,1734495571,1734498421
2369,2,1734500077,1734505224
3319,1,1734509355,1734513633
1678,2,1734511386,1734514986
4317,2,1734516509,1734521719
1999,4,1734520279,1734525988
3732,1,1734521568,1734524966
2366,5,1734522111,1734523971
2142,4,1734524299,1734529446
2685,1,1734525006,1734529707
1311,1,1734526886,1734529193
1773,1,1734533158,1734539009
1938,2,1734538258,1734542255
3228,2,1734539746,1734542356
1069,1,1734541810,1734544197
3858,5,1734544201,1734550009
4944,1,1734548380,1734555573
1116,5,1734563466,1734565777
3277,3,1734565950,1734569584
4645,3,1734565974,1734569282
1317,3,1734568284,1734574902
2758,2,1734574403,1734577582
4401,5,1734574466,1734581484
4348,5,1734574514,1734576393
3423,5,1734576706,1734580865
1709,3,1734577416,1734583770
4443,2,1734580580,1734584784
3530,2,1734581789,1734585843
1719,4,1734583829,1734587811
2451,2,1734583968,1734586558
1775,2,1734585203,1734590720
3836,3,1734589179,1734593312
4067,5,1734597329,1734603893
2332,3,1734597669,1734604642
1526,5,1734599381,1734601854
3823,2,1734599857,1734602344
4477,1,1734601962,1734607711
2842,2,1734602213,1734608622
4049,2,1734607695,1734614069
1982,2,1734612940,1734618708
4096,1,1734616936,1734620029
2701,3,1734619988,1734622432
3774,5,1734627330,1734632043
3243,5,1734628371,1734631803
2260,3,1734634925,1734640399
3708,4,1734634931,1734639232
1260,1,1734635437,1734640305
4356,2,1734642408,1734646195
3612,1,1734646137,1734648194
1193,1,1734649032,1734654691
3078,5,1734652525,1734658696
1492,3,1734657036,1734659929
1119,3,1734657435,1734662119
4324,2,1734662344,1734665854
4835,4,1734671362,1734674858
4517,5,1734675034,1734681963
2376,1,1734676149,1734682960
2710,3,1734676217,1734681786
4262,4,1734676987,1734680663
1907,2,1734679043,1734681445
1125,1,1734679394,1734682169
1237,2,1734682392,1734689376
2111,1,1734690901,1734695995
1982,3,1734695684,1734702240
4096,2,1734697780,1734702660
1875,1,1734700832,1734705909
2279,2,1734701730,1734705780
3875,3,1734702758,1734709086
2969,5,1734708178,1734714216
2685,1,1734715119,1734717074
1146,3,1734723382,1734728641
1002,4,1734724051,1734730806
4930,1,1734729483,1734731930
1128,4,1734736284,1734743022
2935,4,1734739587,1734742912
3775,5,1734744543,1734751378
1238,5,1734751769,1734754470
4096,4,1734757233,1734762529
1029,2,1734764147,1734769972
2251,3,1734766871,1734772457
1624,4,1734768363,1734772920
1541,5,1734769326,1734773595
1240,5,1734770194,1734776214
1319,2,1734770629,1734772741
2795,4,1734772460,1734778901
1009,3,1734775706,1734778090
4823,1,1734782503,1734788549
1542,4,1734785442,1734790282
4048,5,1734785481,1734792065
3359,2,1734788954,1734794837
1349,1,1734797834,1734801429
1849,1,1734801854,1734807793
3846,5,1734802376,1734805432
1746,5,1734804985,1734807120
2520,4,1734806832,1734812126
3163,2,1734808518,1734812013
4216,5,1734811297,1734816113
1440,2,1734820355,1734823868
2223,1,1734822405,1734824527
2338,5,1734825686,1734832706
1881,2,1734826684,1734833828
1329,2,1734829949,1734837059
3804,4,1734832485,1734834367
2155,1,1734841711,1734845477
1666,4,1734841877,1734848283
2062,3,1734842889,1734846868
4291,4,1734847762,1734849997
1814,2,1734849295,1734851693
2037,1,1734850727,1734853171
3332,4,1734852328,1734856224
3335,5,1734854005,1734860382
1505,1,1734859760,1734863168
1330,4,1734864545,1734866635
2914,2,1734865949,1734868983
3561,2,1734866316,1734870849
2743,2,1734868363,1734874760
2783,4,1734868610,1734875004
1357,4,1734870533,1734876427
1421,2,1734874546,1734877771
3211,5,1734876646,1734880769
4201,1,1734877501,1734880804
3497,2,1734879999,1734883840
4168,1,1734881193,1734885254
1750,3,1734895043,1734899480
3945,5,1734895265,1734897229
4920,2,1734900759,1734905288
2358,1,1734906687,1734913373
1876,3,1734909173,1734912930
2205,5,1734910308,1734914792
4391,4,1734910428,1734917068
4104,1,1734916251,1734918955
1719,5,1734923408,1734929167
1613,4,1734925695,1734931957
2456,2,1734926727,1734933421
4521,3,1734935131,1734938347
4197,2,1734936718,1734943831
4551,3,1734940443,1734944247
1550,5,1734943558,1734946885
2367,4,1734944247,1734947584
1705,2,1734944298,1734948900
1610,2,1734944526,1734948112
2735,1,1734946038,1734948535
3900,2,1734946488,1734951212
3713,1,1734950680,1734954768
2566,5,1734953080,1734959961
3867,4,1734953773,1734958034
3226,2,1734956426,1734962077
2861,1,1734959544,1734961437
4973,3,1734970325,1734972545
4026,1,1734971897,1734975160
2362,4,1734976695,1734982118
4870,5,1734983746,1734990084
4037,1,1734985638,1734990652
1169,5,1734986509,1734989652
3732,3,1734990744,1734994663
3888,4,1734998622,1735000918
1526,1,1735000612,1735005030
1456,3,1735009504,1735013159
2017,4,1735014431,1735016643
4847,2,1735018693,1735024775
1596,2,1735024769,1735029201
2031,1,1735029816,1735036557
4466,1,1735032709,1735039359
3140,2,1735036643,1735040178
2503,1,1735036995,1735040052
4925,2,1735042969,1735048670
2236,4,1735049427,1735051927
4041,4,1735049758,1735056071
1369,1,1735052149,1735057768
4702,1,1735055096,1735059950
2288,3,1735059779,1735066732
1076,4,1735061152,1735067558
2262,1,1735061165,1735067862
2588,1,1735070862,1735077273
2141,5,1735073281,1735078990
3069,1,1735077387,1735083041
3315,3,1735084747,1735091660
1666,3,1735085662,1735088832
1866,4,1735087676,1735093425
3536,4,1735091968,1735098127
3413,4,1735097263,1735103903
3042,2,1735100360,1735106806
3623,1,1735101194,1735107303
4930,1,1735101578,1735103734
3372,3,1735103479,1735109956
2132,4,1735107743,1735109945
1725,2,1735112418,1735117495
1302,5,1735125658,1735132857
1378,1,1735126764,1735130692
1241,2,1735136271,1735138499
2135,5,1735138322,1735145410
3028,2,1735144831,1735147259
2029,4,1735146110,1735152346
3923,4,1735149870,1735156137
1272,1,1735156774,1735160008
4687,2,1735159285,1735165617
2824,1,1735161801,1735164715
1237,4,1735163248,1735168020
3924,2,1735170050,1735172214
1435,5,1735173369,1735178840
4768,5,1735177211,1735182588
4571,5,1735178855,1735181081
3131,5,1735179131,1735181225
2860,3,1735181277,1735184650
2174,2,1735183528,1735185959
1279,5,1735188183,1735191160
1876,2,1735190188,1735194235
2427,1,1735194250,1735197020
4201,4,1735195700,1735199607
1292,3,1735197156,1735203686
1610,2,1735204146,1735209606
4707,5,1735206029,1735212340
1016,1,1735212204,1735214342
2065,4,1735213595,1735218074
1455,1,1735216099,1735220992
2357,5,1735216512,1735220581
1213,3,1735218870,1735222241
4824,5,1735222071,1735225438
4736,4,1735231713,1735237537
3427,4,1735234032,1735238513
4325,4,1735236444,1735243023
4499,3,1735237846,1735243966
3384,2,1735242959,1735244774
4266,5,1735243732,1735246468
4287,3,1735243782,1735250851
1803,4,1735247225,1735252510
4903,3,1735248027,1735252174
2255,5,1735258302,1735262036
1542,2,1735260817,1735265852
1474,5,1735271483,1735273673
3378,4,1735272614,1735276990
3578,4,1735273239,1735280161
3778,3,1735273746,1735278325
3700,3,1735288255,1735290846
3099,3,1735289610,1735294634
2967,5,1735289809,1735292464
4679,1,1735289994,1735294277
3616,4,1735294976,1735301722
4168,4,1735298388,1735302704
4847,3,1735303749,1735309362
3118,1,1735305622,1735310237
3713,1,1735314106,1735316240
4460,3,1735315032,1735319122
2430,1,1735319403,1735322086
2267,5,1735327655,1735331258
3067,5,1735328372,1735333826
3795,2,1735335074,1735339186
1627,3,1735335445,1735337451
2370,5,1735336766,1735341123
3358,1,1735338935,1735344705
1213,4,1735340937,1735347997
4763,1,1735341789,1735344193
3700,3,1735341939,1735345378
1524,1,1735342159,1735344824
2639,5,1735342398,1735344341
3945,1,1735343567,1735346793
2479,2,1735348335,1735350664
4645,5,1735349375,1735355412
1664,1,1735353769,1735359892
1578,5,1735354538,1735357612
2154,4,1735355033,1735358892
4228,5,1735355857,1735361720
3645,4,1735355969,1735358181
2801,4,1735357197,1735360752
4001,2,1735358794,1735363140
3860,3,1735360357,1735365651
4701,3,1735363578,1735367951
2204,1,1735365296,1735371886
4019,4,1735367527,1735373230
2017,2,1735371209,1735375965
4645,4,1735376724,1735381323
2783,1,1735378883,1735381749
1586,2,1735384170,1735390455
2690,1,1735385009,1735387403
1636,4,1735386147,1735389461
1264,3,1735388739,1735395042
2353,4,1735395856,1735399507
3099,5,1735396535,1735403606
4707,2,1735396979,1735402321
4852,4,1735397807,1735404727
3834,4,1735398447,1735404921
1678,5,1735398477,1735402433
3815,3,1735398869,1735401586
1067,2,1735401111,1735406941
4936,4,1735408489,1735410462
1638,4,1735409665,1735412514
1634,5,1735411938,1735416180
1866,3,1735415976,1735420542
1069,5,1735419199,1735421745
3335,2,1735428464,1735435107
2977,5,1735429483,1735432892
1148,1,1735438394,1735444573
2911,2,1735439005,1735445533
3045,2,1735443423,1735447139
1841,3,1735446410,1735452216
1121,4,1735449198,1735456055
4716,3,1735449409,1735453555
2588,3,1735452138,1735456885
1299,4,1735454213,1735460118
4249,4,1735455019,1735458586
3031,1,1735463898,1735468044
4962,1,1735466430,1735471636
3670,1,1735476375,1735481877
1873,3,1735477810,1735483631
1958,4,1735487187,1735489084
4020,1,1735488917,1735491542
4734,4,1735491947,1735494020
3614,5,1735492894,1735495866
4801,1,1735498413,1735504173
4699,5,1735498576,1735500617
3937,1,1735501526,1735508670
4377,2,1735501687,1735505479
4169,2,1735503559,1735507028
4454,5,1735508930,1735513148
3587,2,1735514622,1735519526
4733,2,1735516726,1735518796
1193,3,1735516800,1735520870
2779,3,1735521408,1735527248
3936,1,1735522380,1735529001
4886,5,1735528767,1735533784
4437,4,1735529811,1735535687
3388,4,1735531509,1735535674
3875,1,1735531511,1735535894
2523,5,1735532069,1735537055
1380,4,1735532512,1735539615
3890,5,1735532773,1735538569
2595,4,1735534751,1735538592
4216,4,1735535744,1735542464
4020,3,1735538720,1735545068
2634,1,1735541683,1735544853
1597,5,1735543588,1735546957
2588,1,1735546549,1735553651
3594,1,1735550228,1735555768
3388,5,1735552790,1735557363
4092,3,1735553103,1735556674
2184,2,1735560164,1735564112
2255,1,1735562693,1735569209
3777,5,1735564078,1735571020
4020,1,1735574480,1735579860
3512,2,1735574754,1735576988
4574,3,1735576214,1735581590
1690,5,1735577093,1735580326
3556,2,1735580553,1735585448
4178,2,1735580757,1735586265
1357,2,1735581618,1735587578
3965,2,1735583437,1735589800
1692,2,1735586490,1735593392
4981,5,1735590617,1735595971
3494,5,1735590742,1735596212
1570,3,1735595349,1735600637
1935,5,1735597644,1735600233
3333,5,1735598753,1735604334
1907,2,1735600668,1735602524
2949,1,1735603682,1735606306
2856,5,1735605205,1735610807
4756,5,1735609121,1735612006
3878,1,1735613988,1735617480
1535,2,1735614454,1735620026
4377,2,1735614901,1735619658
2329,5,1735617787,1735620975
1938,4,1735623042,1735628307
2685,3,1735624009,1735626514
3937,3,1735624356,1735626197
1692,2,1735625042,1735627694
3086,2,1735627420,1735633541
1067,5,1735631674,1735634732
4096,4,1735635761,1735641142
4117,4,1735639116,1735643839
4659,4,1735639420,1735642215
2172,1,1735639500,1735644128
2553,5,1735640299,1735642825
3868,2,1735640865,1735645097
1682,2,1735642641,1735644960
4804,4,1735649569,1735655251
2816,2,1735649770,1735653254
3616,5,1735649933,1735655102
3418,2,1735652897,1735659611
2366,3,1735654633,1735659981
2855,1,1735656642,1735660152
4597,4,1735658928,1735662362
1832,1,1735659203,1735664503
1703,5,1735668505,1735673446
2495,3,1735674395,1735676263
2713,1,1735678664,1735685604
2282,2,1735689873,1735692848
4468,3,1735692150,1735696750
1376,5,1735692599,1735694784
3516,5,1735696276,1735700159
2545,2,1735696993,1735699934
1585,3,1735698153,1735703930
2573,4,1735704782,1735707539
4351,2,1735704871,1735708330
4482,5,1735707651,1735711911
3243,2,1735711792,1735716541
4622,4,1735722076,1735726025
2180,2,1735722178,1735727623
4094,5,1735722905,1735729591
4980,4,1735723555,1735729962
1776,5,1735731664,1735736821
3384,2,1735734696,1735736976
2799,2,1735737320,1735739684
3732,5,1735738772,1735743827
4480,2,1735739279,1735746410
1451,3,1735741876,1735748842
2860,1,1735744147,1735750518
4174,2,1735749902,1735752797
3239,5,1735751326,1735754613
1463,1,1735751982,1735758484
4010,2,1735753845,1735755833
1647,2,1735756364,1735759896
4096,2,1735766515,1735768342
4574,5,1735767377,1735774196
1900,5,1735768045,1735772879
3243,3,1735769089,1735772531
1842,5,1735775759,1735782784
1713,3,1735776540,1735778375
1773,5,1735782347,1735786243
1150,3,1735789030,1735794085
3619,4,1735790598,1735795234
4228,4,1735797805,1735802296
2925,5,1735798721,1735803182
1566,2,1735799299,1735802011
1312,2,1735800751,1735806228
2634,3,1735802084,1735807531
1541,4,1735802111,1735807718
2238,5,1735804062,1735806544
1294,5,1735805998,1735811216
3946,1,1735809891,1735813777
2054,5,1735810661,1735815440
4274,1,1735811396,1735816830
4699,4,1735811768,1735814979
4287,3,1735813908,1735818757
2011,5,1735814202,1735819497
1562,3,1735818974,1735821919
2884,2,1735819572,1735823993
4768,2,1735821942,1735828731
1292,1,1735825055,1735827829
2065,3,1735831113,1735833752
2476,3,1735833616,1735838004
3289,1,1735837685,1735841164
3832,2,1735844586,1735850660
4588,1,1735847405,1735851081
3324,1,1735847660,1735854362
1535,5,1735848564,1735854687
4026,5,1735848901,1735855000
4612,2,1735850779,1735856077
2938,3,1735853513,1735860372
1549,4,1735853707,1735857130
1855,1,1735854630,1735860252
2626,1,1735860432,1735866346
4201,2,1735862275,1735869345
1210,4,1735864554,1735869050
4403,1,1735866216,1735869345
2368,2,1735867056,1735872155
1288,4,1735868956,1735873852
2031,2,1735871918,1735879054
1126,3,1735871975,1735878766
3255,1,1735872818,1735877878
2961,3,1735874922,1735878429
2525,5,1735876749,1735879898
1343,2,1735881393,1735885365
3936,4,1735885572,1735888611
2914,4,1735886538,1735890451
2792,4,1735893394,1735900244
3834,3,1735894141,1735897193
4288,2,1735894972,1735901237
4408,5,1735901095,1735907118
1440,5,1735910609,1735913843
1680,3,1735918074,1735924467
2304,4,1735924352,1735928843
4951,5,1735925520,1735929202
4821,4,1735926044,1735930963
2769,2,1735927965,1735934036
1976,2,1735928427,1735932703
3486,5,1735930698,1735935962
4936,4,1735933529,1735938073
2645,2,1735935954,1735941675
3670,2,1735938634,1735944185
1555,2,1735940838,1735945652
2153,1,1735945540,1735951183
4238,3,1735952824,1735956605
3420,5,1735954989,1735960812
4336,1,1735955343,1735958667
1456,4,1735956588,1735960688
4049,3,1735956714,1735960996
1739,4,1735968523,1735974360
3156,4,1735971119,1735975377
3228,4,1735974523,1735981349
4867,5,1735979167,1735983822
2590,4,1735983106,1735989864
3169,2,1735989644,1735992961
3254,5,1735997266,1736000378
3996,5,1735999013,1736005075
1948,5,1736007280,1736011423
2717,4,1736008877,1736013515
4566,5,1736009784,1736014084
2026,1,1736011418,1736014270
1352,5,1736012050,1736014762
2129,3,1736026984,1736031687
3616,3,1736027557,1736031450
4094,3,1736031795,1736036451
1224,5,1736034528,1736037621
2553,2,1736034583,1736038227
4433,4,1736035521,1736038033
4680,2,1736039542,1736046095
2525,3,1736040618,1736042844
2029,2,1736041483,1736043839
4892,3,1736041600,1736047475
2701,1,1736047465,1736053935
4701,3,1736049418,1736051677
1816,4,1736055390,1736059422
4586,5,1736060746,1736066844
1311,3,1736062241,1736064698
4962,1,1736062864,1736066326
2317,3,1736066775,1736072108
2386,5,1736067206,1736073531
4623,5,1736067560,1736070509
3334,1,1736068963,1736074826
3544,2,1736069787,1736076491
2193,3,1736072607,1736074985
4794,1,1736073365,1736077164
1746,2,1736074242,1736078151
3796,1,1736077726,1736080648
1717,3,1736078907,1736081215
2353,1,1736082968,1736086616
1443,5,1736084348,1736090450
4804,1,1736088760,1736092072
2855,3,1736090387,1736093214
4121,4,1736093575,1736097639
2297,4,1736094413,1736100654
3677,1,1736096129,1736098803
4228,2,1736096671,1736100981
3614,2,1736096837,1736100513
4111,4,1736098210,1736101793
3913,1,1736100150,1736104440
1053,5,1736105002,1736110932
3775,5,1736105303,1736108897
3875,3,1736105919,1736110272
3539,3,1736107443,1736111025
2632,1,1736109431,1736114185
4391,4,1736111135,1736117144
4335,2,1736121790,1736128039
2710,3,1736121844,1736126244
4037,2,1736122285,1736129183
3181,4,1736130634,1736137750
4847,5,1736132995,1736135532
3971,3,1736133800,1736137507
2917,2,1736133823,1736136420
1394,2,1736133933,1736136549
3100,4,1736137231,1736144379
1507,1,1736139665,1736145791
2752,2,1736141860,1736146980
1328,2,1736143140,1736149673
1842,4,1736152363,1736155239
1801,3,1736152899,1736156043
1935,3,1736154025,1736159225
4757,4,1736157127,1736159012
2646,3,1736166013,1736170501
4865,5,1736185396,1736189460
1037,4,1736186636,1736189126
3050,4,1736189718,1736196684
2456,1,1736192047,1736198996
4492,2,1736193728,1736195673
1299,5,1736195447,1736201663
3247,4,1736195469,1736200892
1691,1,1736195583,1736197525
2763,2,1736201458,1736206562
1479,1,1736201981,1736205677
1863,2,1736203301,1736207860
2262,5,1736205043,1736209683
4965,5,1736205693,1736207585
3155,5,1736206144,1736213042
1944,5,1736208137,1736214007
3078,4,1736210705,1736212850
2260,1,1736212469,1736218193
2893,1,1736213078,1736216323
3004,5,1736219223,1736221423
2091,2,1736228274,1736232074
4509,1,1736238357,1736243971
1982,3,1736243003,1736245463
2307,3,1736246156,1736250399
2307,1,1736246415,1736248830
1349,4,1736246489,1736251156
3804,5,1736255141,1736260410
4273,4,1736255693,1736261450
3221,1,1736259705,1736262413
3836,5,1736259762,1736265320
1773,4,1736261687,1736267755
1144,3,1736261788,1736267596
1244,5,1736262307,1736266027
4588,4,1736280171,1736282634
1360,2,1736284603,1736286912
4477,5,1736285431,1736289439
2129,4,1736286045,1736290636
2332,4,1736287178,1736290102
2686,2,1736288539,1736295591
4838,2,1736288929,1736292115
4512,5,1736289641,1736292780
4041,1,1736293694,1736295673
3548,1,1736295049,1736297622
1365,5,1736297134,1736301214
3836,4,1736298074,1736304405
2484,3,1736298150,1736303099
3243,1,1736300320,1736304802
3533,4,1736301505,1736303887
4669,1,1736304084,1736306034
3814,4,1736305466,1736310230
4521,5,1736307429,1736313497
2267,1,1736307694,1736311618
2020,1,1736307828,1736310092
3487,4,1736309918,1736314883
2894,3,1736313211,1736318257
3146,5,1736316713,1736321791
4100,3,1736319049,1736324561
3179,5,1736323050,1736327853
2218,5,1736331000,1736334311
2531,5,1736332231,1736336160
3815,2,1736333330,1736335648
3332,2,1736335581,1736341068
1241,3,1736337511,1736342055
3335,2,1736349455,1736352937
3653,2,1736350012,1736355369
4896,2,1736352489,1736358010
3261,5,1736358696,1736365637
4330,2,1736359716,1736362222
1765,3,1736363231,1736366396
4334,3,1736365024,1736369596
3504,2,1736370328,1736372276
2608,4,1736370350,1736376535
4166,4,1736370843,1736375962
1725,1,1736371053,1736376031
2856,3,1736374904,1736378968
2759,1,1736375802,1736378707
4129,4,1736377413,1736379340
3266,2,1736381408,1736385178
4300,2,1736384309,1736390565
3824,3,1736387815,1736394464
3200,1,1736389997,1736395830
2940,3,1736390106,1736393766
1182,4,1736390592,1736395909
2396,4,1736394337,1736399047
2020,4,1736395969,1736402985
3223,5,1736398327,1736401524
4729,2,1736403884,1736408372
2358,2,1736408862,1736413292
3393,3,1736409024,1736414668
4754,3,1736413268,1736417386
4960,1,1736415762,1736421032
3372,4,1736416509,1736421671
4930,4,1736417856,1736424341
2909,4,1736419749,1736422996
1910,1,1736420420,1736425592
1526,1,1736421303,1736426182
4918,3,1736425413,1736429685
1029,2,1736426737,1736431288
4223,3,1736438519,1736442924
2063,2,1736444045,1736450509
3541,4,1736444607,1736449846
2161,5,1736447173,1736452016
3548,1,1736449144,1736452653
2058,4,1736454414,1736461158
3879,2,1736458204,1736460552
2690,5,1736458946,1736465113
3962,5,1736461995,1736465387
3528,5,1736462383,1736465420
3443,3,1736463642,1736470548
3873,5,1736468595,1736471809
1344,2,1736472642,1736479320
2326,1,1736474596,1736477409
3457,5,1736474727,1736478399
2237,1,1736480386,1736482840
4258,3,1736480663,1736486406
4960,3,1736482296,1736484171
4896,2,1736495413,1736497852
2518,5,1736496567,1736500132
3935,3,1736497341,1736500767
3242,4,1736501931,1736505049
3153,3,1736502520,1736504461
4838,5,1736502839,1736507701
2723,5,1736502877,1736505857
1981,1,1736506463,1736508794
3778,1,1736507025,1736513317
2632,5,1736507399,1736514268
4663,5,1736508065,1736514629
2168,5,1736519311,1736522100
4701,3,1736520273,1736523685
4198,4,1736520431,1736525451
1637,4,1736524562,1736529392
3099,5,1736527048,1736530416
2802,1,1736530218,1736537084
3980,1,1736533820,1736536617
2522,1,1736534383,1736540809
1107,2,1736537165,1736542889
4191,3,1736538829,1736541897
2786,2,1736540187,1736546175
4975,1,1736544728,1736549317
2575,5,1736546881,1736551539
4147,3,1736548287,1736554955
4366,1,1736551040,1736557646
2610,1,1736558824,1736561205
4208,5,1736559432,1736563109
4607,1,1736565287,1736567311
4965,4,1736565293,1736570159
2961,2,1736566020,1736571069
1587,4,1736567720,1736574849
3241,4,1736570701,1736576045
2930,4,1736572816,1736577924
4362,3,1736573667,1736579303
3362,3,1736574737,1736581793
2610,2,1736576998,1736582109
2465,1,1736578215,1736583243
4049,3,1736580193,1736585339
2016,3,1736582302,1736587629
1944,3,1736586033,1736590059
3128,4,1736589453,1736593998
2142,3,1736590793,1736594968
3776,2,1736600593,1736606138
1292,5,1736601223,1736605187
1216,4,1736605512,1736608885
1210,3,1736606767,1736610424
4350,1,1736610805,1736613401
3703,3,1736612552,1736614582
2095,3,1736617597,1736623776
3851,1,1736626059,1736631527
1434,4,1736645141,1736648876
4209,4,1736652604,1736654699
1597,5,1736653960,1736660648
3074,4,1736657824,1736660687
1814,4,1736657969,1736661144
4726,5,1736663164,1736665348
2610,2,1736663669,1736666129
2283,5,1736667051,1736670759
3399,3,1736667869,1736671253
3598,3,1736668741,1736675782
1364,4,1736669455,1736671938
3004,1,1736687414,1736692343
3834,4,1736688069,1736690528
3700,4,1736689245,1736693139
4800,3,1736689889,1736695677
2110,5,1736694045,1736696706
2639,1,1736697014,1736703239
1948,5,1736700052,1736702389
2207,3,1736715907,1736718705
4940,2,1736718341,1736720472
3637,2,1736718464,1736720572
2749,5,1736723544,1736726846
2994,4,1736732644,1736736058
2503,4,1736736403,1736740209
1007,3,1736740342,1736746608
1709,4,1736744659,1736748288
1328,3,1736745626,1736749198
3277,5,1736750319,1736752865
1411,2,1736750879,1736756686
2855,3,1736754663,1736760365
2704,3,1736755495,1736760299
2089,1,1736758218,1736764095
3315,3,1736761575,1736764808
1857,5,1736765344,1736767548
1505,3,1736770256,1736777226
4727,1,1736771368,1736775793
3694,4,1736773096,1736779508
3588,5,1736780041,1736781908
1678,5,1736783045,1736786816
2291,3,1736785121,1736791023
4403,3,1736785183,1736790517
2082,4,1736785504,1736788023
2987,5,1736785542,1736788709
4817,5,1736799920,1736805885
2382,2,1736800218,1736806458
2800,1,1736800750,1736806672
1839,1,1736805096,1736810117
4644,3,1736805130,1736811697
2723,5,1736806583,1736808540
2797,3,1736812040,1736816977
2183,3,1736812689,1736814847
1107,4,1736816439,1736818414
4905,1,1736817156,1736819030
3864,2,1736817285,1736822762
2850,5,1736818986,1736825022
3732,5,1736823470,1736826391
2914,3,1736828068,1736835213
2063,1,1736829372,1736835680
3692,1,1736833483,1736838366
1102,3,1736837583,1736840662
4166,2,1736838428,1736843289
1075,5,1736839973,1736845617
3440,1,1736841618,1736843479
4852,1,1736847048,1736850408
4188,3,1736849610,1736851891
3960,3,1736856728,1736859241
4188,3,1736863672,1736865815
3053,2,1736864162,1736868310
3006,2,1736866574,1736872785
4314,1,1736869107,1736875645
3377,1,1736869283,1736873754
4903,5,1736874514,1736876447
1330,4,1736875779,1736882690
1575,1,1736876340,1736883214
3858,4,1736877668,1736884598
2725,2,1736879004,1736881352
2889,2,1736880563,1736886471
2181,1,1736881416,1736887929
2855,5,1736883364,1736889627
2254,2,1736890002,1736893759
4351,4,1736892724,1736895945
1918,2,1736895826,1736897879
1690,2,1736897138,1736901768
2605,5,1736897430,1736902520
3796,4,1736898189,1736904102
1947,5,1736899107,1736902178
1929,3,1736899918,1736905827
1029,2,1736900396,1736906564
3119,1,1736902207,1736907506
1060,1,1736903374,1736907076
3410,5,1736904799,1736906770
2069,2,1736905129,1736908936
2545,3,1736905519,1736912469
3326,1,1736907255,1736913142
3707,1,1736908856,1736911810
1578,5,1736918929,1736921528
4627,3,1736924452,1736929272
3873,4,1736925655,1736931173
1524,3,1736926221,1736932209
2894,1,1736930496,1736936373
3195,5,1736938789,1736940828
1754,3,1736939129,1736944448
3276,4,1736939968,1736947087
2979,4,1736940070,1736942618
2455,5,1736944111,1736951303
4365,1,1736945185,1736949874
2590,2,1736947270,1736949824
4203,5,1736947278,1736953870
3427,4,1736947894,1736951307
3620,3,1736949872,1736952274
4866,2,1736951635,1736956846
3937,5,1736952917,1736956868
1299,3,1736953052,1736957839
2338,2,1736959818,1736964907
4928,1,1736965017,1736971675
4228,3,1736965852,1736971395
1799,2,1736966382,1736970497
1936,2,1736967816,1736972378
2068,3,1736970301,1736977429
1107,4,1736974938,1736978688
2035,5,1736975746,1736978242
2147,4,1736977781,1736984365
4156,1,1736993217,1736995988
3071,2,1736995505,1737000331
1837,4,1736997028,1737001121
4100,2,1736998164,1737003253
3311,4,1737001066,1737007876
3006,3,1737005197,1737008677
3778,2,1737006643,1737012116
1134,1,1737007038,1737009928
2793,1,1737010338,1737013586
3141,1,1737017294,1737019520
3497,5,1737017415,1737021770
1195,2,1737018147,1737020194
3017,3,1737019069,1737025675
1775,3,1737019945,1737023534
1351,5,1737024812,1737031852
2761,3,1737027726,1737032254
2553,5,1737033707,1737038622
2994,4,1737035307,1737039878
1075,3,1737039893,1737043801
3996,5,1737042184,1737045640
2058,1,1737048324,1737054582
4970,1,1737048979,1737055298
3937,3,1737049330,1737054085
2755,4,1737052807,1737058170
3847,4,1737058288,1737063416
3261,1,1737059622,1737065438
2868,2,1737064011,1737068829
3362,2,1737064182,1737068211
4019,4,1737064694,1737071818
3211,2,1737066362,1737072240
3633,3,1737067949,1737071213
1596,2,1737068943,1737074388
1754,4,1737087807,1737094611
4503,1,1737089041,1737094209
1273,5,1737090870,1737094694
3219,3,1737096799,1737101115
3262,1,1737097496,1737103101
1941,4,1737097689,1737100935
4951,4,1737103529,1737108168
3768,2,1737103577,1737109461
4259,4,1737103604,1737108681
3778,1,1737106689,1737110949
4489,1,1737109501,1737115274
4240,4,1737113730,1737115596
2830,5,1737115660,1737119920
4810,3,1737119134,1737123992
2274,3,1737120875,1737127049
1520,1,1737124608,1737128590
4377,5,1737126338,1737128509
4571,5,1737127842,1737129719
2252,4,1737128595,1737134249
3312,5,1737129809,1737134026
3879,3,1737142643,1737146636
2225,1,1737147736,1737149692
3595,5,1737163432,1737167211
1502,1,1737166484,1737169900
1732,5,1737176192,1737182316
2054,5,1737177618,1737183365
4205,3,1737180034,1737185919
4325,1,1737186284,1737189393
4001,3,1737190411,1737196130
4012,3,1737191894,1737197668
2365,1,1737193981,1737200436
2444,2,1737198585,1737205310
1918,4,1737208419,1737214698
3119,1,1737211659,1737217747
4996,3,1737213322,1737216922
2246,4,1737216754,1737222094
1185,4,1737216808,1737222458
1951,5,1737216916,1737220821
4644,4,1737227747,1737233070
4049,2,1737231589,1737234313
2396,5,1737233450,1737238036
4753,5,1737240356,1737247382
4670,1,1737241595,1737244241
1394,1,1737241981,1737245502
3332,5,1737250673,1737255503
1560,5,1737252854,1737256523
3359,1,1737259428,1737264179
1383,4,1737262744,1737268833
2020,4,1737264331,1737270028
2481,3,1737265134,1737268199
1246,3,1737265423,1737269782
4948,5,1737266743,1737272589
4839,2,1737267177,1737272940
4229,1,1737267312,1737273805
1456,3,1737267618,1737274385
1885,3,1737275027,1737279958
2430,5,1737277038,1737282499
2594,4,1737277225,1737279283
3311,2,1737282089,1737289284
3984,2,1737286821,1737291000
4509,1,1737287190,1737289640
3196,3,1737292283,1737294963
3042,1,1737298277,1737305319
2591,4,1737301078,1737305762
3391,1,1737302072,1737307327
2089,4,1737303139,1737307745
3559,4,1737306916,1737309802
3683,2,1737311201,1737314668
4940,2,1737311920,1737314284
3812,4,1737314976,1737320099
4751,5,1737318649,1737325203
1629,4,1737327110,1737329167
4366,5,1737329551,1737335999
4489,2,1737334927,1737339204
3031,1,1737335389,1737339965
1443,5,1737342318,1737345397
1979,5,1737343120,1737346269
3165,2,1737344115,1737347922
4644,1,1737347722,1737349962
1816,1,1737352413,1737356234
1052,4,1737354043,1737359229
1461,1,1737354976,1737357400
2801,4,1737355364,1737361348
1119,5,1737357628,1737362781
1750,3,1737361887,1737364003
2106,1,1737362421,1737366682
4021,2,1737363627,1737370333
2846,1,1737365154,1737368701
3946,3,1737372798,1737376909
1303,2,1737378286,1737381889
3761,1,1737380338,1737386701
1447,4,1737386789,1737389238
2321,4,1737388661,1737391460
3419,3,1737392430,1737395654
4460,3,1737395513,1737399561
3501,2,1737396768,1737400711
2089,2,1737401735,1737406116
4778,2,1737402882,1737409746
2050,4,1737404918,1737409644
1957,3,1737406003,1737410676
3008,4,1737406224,1737408896
2860,1,1737407817,1737410425
2316,1,1737408194,1737413512
2939,3,1737410201,1737416214
3378,3,1737417656,1737420323
1747,5,1737420820,1737425335
2893,2,1737431119,1737434124
1632,3,1737433086,1737439600
3607,4,1737437268,1737442069
1097,5,1737441202,1737445529
3349,1,1737445957,1737448327
1383,1,1737449013,1737452546
3935,1,1737454574,1737459799
3863,3,1737457261,1737460676
2570,5,1737460000,1737463885
1025,2,1737462903,1737467148
1857,1,1737467113,1737473783
3982,3,1737467255,1737471009
1195,3,1737467661,1737470611
3544,2,1737469361,1737474988
2267,5,1737474210,1737479572
3573,1,1737476814,1737482010
3374,4,1737481196,1737486448
2168,2,1737481796,1737486478
2459,2,1737497010,1737501959
1182,2,1737497434,1737501866
2575,4,1737498452,1737504311
3854,5,1737502710,1737508228
3447,1,1737503186,1737506910
4909,1,1737505561,1737511374
3017,2,1737512056,1737518200
4821,5,1737515621,1737518363
3605,1,1737516185,1737523330
4106,1,1737518011,1737524204
3358,3,1737520923,1737523261
1582,2,1737523882,1737527996
4555,3,1737524666,1737528425
1357,1,1737525070,1737528829
3924,3,1737525123,1737530331
3240,1,1737529630,1737532861
4020,2,1737531175,1737535953
4475,3,1737533106,1737537380
2693,2,1737534944,1737541825
4654,3,1737535628,1737539046
2704,5,1737535913,1737540132
4992,1,1737537954,1737543172
2576,4,1737538874,1737545755
4003,5,1737548475,1737553956
2492,2,1737548873,1737553400
2865,2,1737550772,1737554071
4167,3,1737551722,1737556396
2598,5,1737554902,1737558795
4021,5,1737555113,1737561904
1758,1,1737557728,1737563791
2758,1,1737559026,1737562168
1163,2,1737559545,1737563052
2611,4,1737561789,1737564429
1421,4,1737562799,1737569272
1542,4,1737563612,1737567635
4520,3,1737564395,1737568700
2600,1,1737564587,1737566602
2523,3,1737567457,1737573306
4588,3,1737567548,1737572326
2054,2,1737571456,1737576714
4292,4,1737573915,1737579289
4503,5,1737574864,1737578855
3556,5,1737574972,1737580896
1357,4,1737575248,1737579685
1765,4,1737578587,1737582679
4284,4,1737583124,1737588067
2020,1,1737583730,1737589335
2518,2,1737583834,1737588283
1665,4,1737589218,1737593485
1898,4,1737595748,1737599975
4012,1,1737604183,1737607874
3791,1,1737605829,1737612793
3239,1,1737612276,1737615746
2704,3,1737613208,1737620286
4291,2,1737615340,1737617865
3095,1,1737622144,1737629288
3572,1,1737623423,1737627850
4000,5,1737625282,1737631939
3196,1,1737627194,1737631704
4960,2,1737629879,1737634241
4628,1,1737631182,1737637562
2050,3,1737633396,1737639516
4143,1,1737643019,1737647105
3918,1,1737643454,1737650014
1272,4,1737653408,1737658565
2119,3,1737653908,1737657906
1490,2,1737654278,1737656781
1948,3,1737656864,1737659231
4757,1,1737657439,1737663419
2129,3,1737665707,1737670558
3261,2,1737668728,1737670789
3273,1,1737669486,1737673200
1939,5,1737670967,1737674191
1353,4,1737671186,1737676431
3467,1,1737672253,1737674262
2077,1,1737673275,1737678490
3292,2,1737676532,1737683269
3806,4,1737679480,1737683249
1816,2,1737684234,1737688291
3512,3,1737686010,1737689602
1814,5,1737687982,1737694445
1977,5,1737690059,1737696410
1067,2,1737698603,1737704577
1182,4,1737705314,1737709393
2851,3,1737706778,1737710199
2703,5,1737708802,1737713009
3143,1,1737710687,1737715067
3594,3,1737714156,1737718946
1455,2,1737715188,1737722292
2531,1,1737715778,1737718575
4670,1,1737721655,1737728166
4037,2,1737724851,1737728542
2040,4,1737725007,1737730821
3541,1,1737725123,1737729279
4022,3,1737725194,1737727923
2917,2,1737732196,1737738746
4905,5,1737735668,1737738394
3598,2,1737736384,1737742858
4509,1,1737737146,1737744009
2816,3,1737740116,1737743145
3100,2,1737746865,1737751329
2105,2,1737747605,1737752534
1007,5,1737752908,1737759020
2428,3,1737760181,1737765534
4317,2,1737760522,1737764014
4325,1,1737767293,1737774471
2871,5,1737767459,1737772402
3277,2,1737768739,1737775184
2383,1,1737769081,1737771893
4064,5,1737772927,1737776712
2524,4,1737774480,1737780385
1551,3,1737776032,1737780373
4517,4,1737777172,1737780806
2787,2,1737777635,1737780971
4666,2,1737783846,1737789839
4070,5,1737787510,1737792388
2639,2,1737792211,1737799169
3625,1,1737797341,1737801548
1075,3,1737800171,1737805480
1842,2,1737804459,1737807952
1622,4,1737813652,1737819642
1092,1,1737814339,1737818984
1461,1,1737815802,1737820395
3266,2,1737816184,1737822767
1990,4,1737823896,1737827469
3428,3,1737824503,1737831305
1796,3,1737825781,1737831532
2415,1,1737827835,1737833534
1765,4,1737830298,1737834677
2292,5,1737836112,1737843152
2645,5,1737838472,1737841592
2147,5,1737845759,1737850406
2095,4,1737846599,1737853626
3516,5,1737852035,1737854356
3607,5,1737857573,1737862464
4429,3,1737866313,1737871395
2647,2,1737868021,1737875186
2759,3,1737872587,1737876591
3641,5,1737877659,1737881197
3649,5,1737880360,1737883022
2588,1,1737881538,1737887431
1121,3,1737881723,1737884074
4229,5,1737884393,1737891204
1189,5,1737887031,1737890457
3118,1,1737890602,1737892420
1976,2,1737892368,1737896956
4659,3,1737892784,1737894885
1029,4,1737901430,1737907962
1659,2,1737902726,1737907290
2600,3,1737910164,1737916236
3729,1,1737910498,1737914820
4587,2,1737912660,1737919496
3530,5,1737914212,1737916898
1490,3,1737918933,1737920836
4317,1,1737925775,1737931530
1009,5,1737936945,1737942671
2267,5,1737945025,1737952048
1814,5,1737945361,1737947592
4015,1,1737946393,1737949448
3728,2,1737949420,1737955919
1443,5,1737949866,1737954826
4555,1,1737953642,1737960787
3443,1,1737957031,1737959961
2115,2,1737958226,1737962102
4566,5,1737961435,1737963519
4891,5,1737961640,1737965196
3873,3,1737962900,1737967631
4607,1,1737966537,1737969279
3541,5,1737966894,1737970907
2939,2,1737967244,1737974224
2554,4,1737967426,1737969713
3562,3,1737968116,1737971460
1117,3,1737968201,1737973801
2759,2,1737971397,1737976559
4003,2,1737972302,1737975144
3119,4,1737973738,1737980279
2575,3,1737979066,1737985189
4622,4,1737979677,1737983170
2994,3,1737980328,1737984188
4266,2,1737983154,1737986839
1976,2,1737984198,1737990589
1050,4,1737986557,1737990239
2532,4,1737994367,1738000215
2236,2,1737996945,1737999635
4055,3,1737997263,1738000108
2938,2,1738001069,1738005267
3637,1,1738007578,1738011707
3455,1,1738008923,1738014514
3713,1,1738009502,1738013705
4918,5,1738013105,1738015648
1460,4,1738019875,1738024522
3241,3,1738023108,1738029113
3055,3,1738025468,1738031439
4240,1,1738029955,1738037109
1529,4,1738030012,1738035491
3540,3,1738031553,1738034424
3875,2,1738036295,1738042686
1941,4,1738040276,1738044161
1612,2,1738040506,1738045433
4648,3,1738049030,1738055335
2361,5,1738049267,1738052168
4276,2,1738053144,1738059073
1185,3,1738056638,1738059892
2278,4,1738057989,1738062965
1453,5,1738058075,1738060289
2121,5,1738058832,1738061157
1549,5,1738065142,1738067952
2168,2,1738073232,1738076308
4873,1,1738074277,1738081350
4121,2,1738074828,1738077843
3247,5,1738076117,1738079051
3278,1,1738076368,1738082473
2127,3,1738076691,1738083832
4317,2,1738079368,1738085072
4192,2,1738079947,1738085767
2273,2,1738083803,1738086190
2735,3,1738084604,1738088978
1439,2,1738085957,1738088023
4328,5,1738086640,1738089782
4507,4,1738088400,1738090201
4751,5,1738089124,1738091804
1241,1,1738091574,1738096370
3356,1,1738092467,1738096810
4026,1,1738093283,1738098814
3670,1,1738093529,1738097255
4059,3,1738102702,1738108429
1410,4,1738106999,1738110136
3382,5,1738108134,1738112588
4848,3,1738109517,1738115770
3945,2,1738112017,1738116260
2868,4,1738112337,1738118745
1252,5,1738112849,1738117807
1352,4,1738113212,1738118870
4240,4,1738114410,1738116320
3544,2,1738118082,1738120504
2456,2,1738121001,1738124053
1988,1,1738123508,1738130165
4076,4,1738125116,1738128719
1626,5,1738127469,1738134273
4001,1,1738127946,1738132417
1102,1,1738130568,1738133600
3121,2,1738131386,1738136587
2076,2,1738133530,1738136167
1329,2,1738133964,1738137453
2282,2,1738137582,1738143081
2184,1,1738139794,1738145245
3195,5,1738140411,1738144841
2329,3,1738142382,1738147126
1125,2,1738157127,1738160786
4613,1,1738162630,1738166652
4355,2,1738163121,1738165810
1377,5,1738170093,1738175551
3467,2,1738176940,1738182120
1474,5,1738178540,1738181306
3075,5,1738183119,1738186220
2383,2,1738185834,1738190831
1110,4,1738187346,1738192608
4873,5,1738188349,1738193979
2161,2,1738190734,1738193460
2572,1,1738195423,1738198754
4048,3,1738200032,1738202853
3496,2,1738201338,1738205576
1568,5,1738203988,1738210995
3073,2,1738204278,1738209579
1912,4,1738209586,1738215998
3758,4,1738210779,1738215818
2934,4,1738219540,1738225744
1402,3,1738221705,1738225538
2353,4,1738223922,1738228722
3260,4,1738234361,1738239441
3228,2,1738235559,1738237448
3228,3,1738242674,1738245116
2064,2,1738244320,1738250179
2871,2,1738253414,1738256980
3306,2,1738254403,1738259177
4801,3,1738260404,1738267250
2797,5,1738260974,1738265403
1137,3,1738261142,1738266218
3918,1,1738261887,1738263842
4546,3,1738263373,1738269523
2288,4,1738264580,1738268951
3332,3,1738265113,1738271835
4104,2,1738275328,1738278221
4466,5,1738278831,1738283845
4502,2,1738282396,1738285390
3017,5,1738290076,1738293776
3540,1,1738290837,1738294474
2142,1,1738291186,1738294978
4143,1,1738291740,1738297369
3047,3,1738296474,1738299025
2106,5,1738297073,1738301042
4847,4,1738297439,1738303761
4203,1,1738297473,1738303196
4182,2,1738308937,1738313512
1224,5,1738310286,1738313546
2337,2,1738312165,1738315464
2443,1,1738317190,1738321499
1421,5,1738318683,1738325404
3093,2,1738327759,1738332432
1162,3,1738339032,1738345444
4240,1,1738340417,1738345891
2525,4,1738340738,1738345086
1907,4,1738345902,1738351125
2804,2,1738347719,1738351964
1509,3,1738348422,1738353369
2842,4,1738352497,1738358526
4216,3,1738353479,1738357429
4022,4,1738358955,1738365840
1667,2,1738364185,1738368557
2333,4,1738364529,1738367615
3863,2,1738364779,1738367763
3898,4,1738365054,1738369729
1376,4,1738368721,1738375795
1678,3,1738370485,1738374425
1423,3,1738373206,1738377157
3594,5,1738374298,1738376693
1490,2,1738378476,1738384451
2647,5,1738379799,1738382419
3636,3,1738385015,1738389272
2442,2,1738388118,1738393811
3382,1,1738389034,1738391361
2860,5,1738392862,1738399899
4905,4,1738395266,1738401618
4891,5,1738395548,1738401980
1482,5,1738401820,1738404422
3572,5,1738408385,1738414305
2812,2,1738411708,1738414968
3626,5,1738414075,1738420150
1193,4,1738415846,1738421526
2565,4,1738418988,1738424895
3849,5,1738423456,1738427897
2981,5,1738424218,1738429324
4456,1,1738424482,1738431235
3847,2,1738425733,1738428569
4275,1,1738426202,1738430491
3606,1,1738431366,1738437712
1799,3,1738433377,1738436450
1638,4,1738434880,1738438421
2931,2,1738438241,1738443640
3460,3,1738438296,1738443130
3996,4,1738439795,1738445973
4390,3,1738440121,1738445468
4240,1,1738441172,1738446187
3883,1,1738444221,1738448740
1397,4,1738444939,1738451210
1598,3,1738444956,1738452063
4819,1,1738446191,1738451735
2077,1,1738446614,1738453776
4267,3,1738446999,1738451648
4821,5,1738452210,1738458199
4236,3,1738452482,1738456789
2799,4,1738452685,1738456474
1773,5,1738452930,1738454756
1658,2,1738458640,1738462670
2085,1,1738464642,1738467017
2479,3,1738466451,1738472829
4019,3,1738469174,1738474756
4228,3,1738469708,1738474014
4010,4,1738472674,1738478974
1317,4,1738475761,1738479598
1252,3,1738476528,1738478608
1058,4,1738477915,1738483303
2845,4,1738479182,1738481408
2168,2,1738479854,1738486289
2415,4,1738481930,1738487592
1720,3,1738483518,1738490223
3694,1,1738484516,1738486843
3870,3,1738485102,1738488318
1900,1,1738485786,1738488841
2487,1,1738486089,1738491774
2202,3,1738486159,1738489252
3239,1,1738486556,1738488813
4948,4,1738487051,1738492483
4386,2,1738489231,1738495387
3320,5,1738490267,1738492283
2115,5,1738492511,1738497329
4167,4,1738500870,1738503316
2036,4,1738503419,1738506251
4373,1,1738508746,1738510886
1053,4,1738512553,1738517330
1378,1,1738513576,1738520455
3140,5,1738514039,1738519275
3076,2,1738517536,1738523789
3095,3,1738517568,1738523505
2101,2,1738527034,1738533080
4847,3,1738530884,1738532991
3382,5,1738536367,1738543357
1695,3,1738545393,1738551632
3925,2,1738549609,1738551740
3007,3,1738552781,1738555713
2860,4,1738555347,1738559103
3228,4,1738558328,1738560348
3141,4,1738564938,1738571905
2190,5,1738565640,1738569119
1551,2,1738568287,1738571688
1319,5,1738569802,1738575448
1470,2,1738570597,1738575918
2195,2,1738572967,1738576280
2089,3,1738574309,1738578993
3852,5,1738578737,1738585758
4482,5,1738578739,1738585258
3510,1,1738583448,1738587063
3966,4,1738583865,1738588114
4819,4,1738584759,1738588623
4751,2,1738587511,1738593261
1413,4,1738587989,1738593473
1207,2,1738589921,1738596820
4566,5,1738591389,1738595896
4588,2,1738594381,1738599218
4264,5,1738599686,1738601707
2604,3,1738614229,1738619226
3700,3,1738626605,1738628467
2077,1,1738628857,1738635964
1357,3,1738633141,1738638713
2758,4,1738633145,1738635830
2949,3,1738634647,1738637094
4227,4,1738636749,1738638850
3106,1,1738639928,1738647120
3212,1,1738642075,1738647930
1507,4,1738645862,1738648887
1141,2,1738646648,1738649653
4873,5,1738649672,1738656412
3986,1,1738653460,1738657974
3131,3,1738656034,1738662979
3916,1,1738656776,1738663769
1990,4,1738661124,1738667126
4973,3,1738663859,1738669855
4650,4,1738669215,1738676255
2431,1,1738671802,1738677591
1988,2,1738673878,1738678434
3653,1,1738674189,1738676603
2365,1,1738675211,1738679944
4952,4,1738675410,1738678183
1372,5,1738681644,1738686140
3243,4,1738682346,1738687734
2544,3,1738682532,1738689012
1434,2,1738683816,1738689089
1276,2,1738684290,1738689801
3059,1,1738684611,1738688464
1768,4,1738686000,1738691090
4208,2,1738688347,1738691933
3391,1,1738691153,1738697120
1963,4,1738693796,1738699962
4285,2,1738699192,1738701915
4357,5,1738700438,1738702389
3163,2,1738701265,1738707253
3685,1,1738701266,1738707497
2804,5,1738703611,1738709777
3326,2,1738707890,1738712653
2422,4,1738712419,1738714796
2636,5,1738717788,1738722154
2228,3,1738719118,1738721286
2802,4,1738721229,1738727650
4067,3,1738725232,1738729396
2121,2,1738728939,1738732604
2748,4,1738728947,1738733062
2225,2,1738729629,1738732188
4284,3,1738731915,1738734384
4030,4,1738734808,1738737366
3140,5,1738735214,1738738154
1420,3,1738736939,1738739883
1630,4,1738737308,1738739336
1587,4,1738739353,1738742378
4650,3,1738740734,1738745301
4608,4,1738742056,1738747480
1396,1,1738742133,1738748235
3140,5,1738744871,1738747067
2274,2,1738747857,1738754856
3748,5,1738749578,1738756359
4227,1,1738749727,1738754708
1578,4,1738752564,1738754592
2908,3,1738759319,1738766155
3758,5,1738762017,1738769047
1695,5,1738762558,1738766938
4729,3,1738764957,1738769550
3321,3,1738766947,1738769259
1769,5,1738771068,1738773500
3278,4,1738773070,1738778977
1769,5,1738773780,1738777749
3298,3,1738776891,1738782161
1252,1,1738777142,1738779556
3266,3,1738777247,1738781917
4794,2,1738778083,1738780326
4553,3,1738780510,1738783305
2178,1,1738781191,1738783279
4627,5,1738781857,1738786722
4362,4,1738784237,1738787628
1912,1,1738785500,1738788092
3084,2,1738785706,1738792528
2842,4,1738786040,1738788005
1007,3,1738786147,1738791047
4492,2,1738786337,1738789483
4873,1,1738786541,1738788617
1294,1,1738788320,1738794044
4746,3,1738791376,1738798106
4521,4,1738793961,1738797308
2678,2,1738794659,1738800394
2351,4,1738795517,1738799397
2169,1,1738796152,1738797965
3759,1,1738799848,1738803558
2748,4,1738801169,1738807427
3978,2,1738804384,1738811055
2274,5,1738805743,1738808049
3277,1,1738808956,1738813807
1758,1,1738809383,1738815805
3579,3,1738814204,1738817821
1207,5,1738818427,1738822673
2364,5,1738819471,1738825234
4477,2,1738819649,1738824091
3004,5,1738820365,1738823474
4751,1,1738821231,1738823131
3200,5,1738821272,1738825688
2821,4,1738822414,1738824813
4286,2,1738822420,1738826992
2636,5,1738831083,1738836255
2503,2,1738831215,1738834184
1185,5,1738833783,1738837837
2122,4,1738834493,1738838117
1524,3,1738834923,1738839986
1512,2,1738837033,1738841855
3377,3,1738843331,1738849509
4972,2,1738855324,1738861848
1483,5,1738857192,1738864115
2535,5,1738863928,1738868610
4588,5,1738867436,1738872119
4870,4,1738875952,1738882561
1452,5,1738875976,1738882486
1105,2,1738881659,1738887482
2875,3,1738886717,1738890338
1118,1,1738891832,1738895947
4185,3,1738895148,1738897948
3495,2,1738903573,1738910186
2213,5,1738904368,1738911054
3443,5,1738911673,1738914552
2534,5,1738911749,1738916730
4304,4,1738912828,1738918872
2725,2,1738916712,1738920990
4019,3,1738920270,1738926062
1840,2,1738921215,1738925694
1049,3,1738921904,1738925359
2679,1,1738925792,1738930234
3292,5,1738928259,1738934577
1625,5,1738937080,1738940007
1496,3,1738938382,1738941698
2161,3,1738940016,1738944318
3727,1,1738940631,1738944167
3013,5,1738944350,1738951092
4092,3,1738946868,1738953543
4205,3,1738948828,1738952965
3131,5,1738954366,1738959404
1515,3,1738957718,1738964492
1503,4,1738963995,1738968110
4669,2,1738970664,1738974576
4441,1,1738970918,1738973277
3012,3,1738972222,1738978125
2009,1,1738972326,1738974127
4414,3,1738975762,1738979743
4824,2,1738979893,1738985463
3200,2,1738980961,1738984793
4146,4,1738983461,1738988830
2790,5,1738985098,1738988779
4579,1,1738986040,1738989412
2695,2,1738988331,1738992307
2008,3,1738990108,1738993581
2622,4,1738994324,1738998243
4435,2,1738996197,1739000842
1737,2,1739003576,1739010194
4350,4,1739005527,1739012665
2808,2,1739005961,1739010047
3141,3,1739009974,1739011888
4658,4,1739014828,1739017887
2678,2,1739016735,1739023092
4023,3,1739017298,1739022576
4787,2,1739018279,1739023418
1378,1,1739019747,1739024082
1182,5,1739021370,1739024154
4571,5,1739022061,1739029254
2327,2,1739024062,1739029293
3947,3,1739024915,1739026778
3780,1,1739028132,1739033034
3460,5,1739029331,1739032872
3327,3,1739031148,1739037051
1502,4,1739035627,1739042583
1868,5,1739035920,1739040809
3872,2,1739037646,1739042397
4659,3,1739038628,1739040542
1859,4,1739039606,1739043576
1890,4,1739039937,1739043201
2656,5,1739043888,1739047038
1100,2,1739045581,1739048523
2850,2,1739046697,1739049780
2260,2,1739049561,1739053791
1423,5,1739049575,1739055495
4423,1,1739051922,1739059032
4648,4,1739052097,1739056889
1916,5,1739052248,1739055658
3975,4,1739054848,1739061510
3528,4,1739057044,1739061226
1063,5,1739057403,1739061199
4949,2,1739057964,1739064445
4808,5,1739062486,1739066520
2079,3,1739065255,1739070303
2547,1,1739065967,1739069914
3422,4,1739066604,1739069185
3495,1,1739066972,1739074072
3720,3,1739067866,1739072182
4698,1,1739069949,1739076825
4911,5,1739072028,1739075794
3577,1,1739074255,1739076944
3423,4,1739075910,1739081856
4492,1,1739079459,1739084828
3561,3,1739079830,1739084432
2170,1,1739080374,1739085999
4996,2,1739080891,1739087146
3478,4,1739090552,1739093717
1886,3,1739093637,1739100799
2288,3,1739093974,1739100896
4982,3,1739094866,1739100392
3356,1,1739095186,1739099608
4972,1,1739096645,1739102134
1226,3,1739103710,1739107825
3579,2,1739110007,1739111845
4566,2,1739110504,1739116506
2173,2,1739112506,1739115549
2432,4,1739114959,1739117987
2565,1,1739116805,1739119099
4964,1,1739117361,1739122835
2348,4,1739119540,1739126347
4228,3,1739123378,1739128426
4867,3,1739128504,1739134540
4635,3,1739131740,1739138673
3584,3,1739132340,1739134664
1524,2,1739132634,1739138374
4148,2,1739135145,1739139464
4847,4,1739135775,1739139370
2865,3,1739142338,1739144372
3713,4,1739144915,1739147446
1037,3,1739150171,1739154870
3838,2,1739153528,1739159846
3879,2,1739153946,1739157886
3163,5,1739154022,1739157454
4754,2,1739161366,1739166087
3950,4,1739171491,1739177538
2317,5,1739173049,1739176351
4634,3,1739181522,1739183430
4390,2,1739184337,1739189399
3559,1,1739185918,1739188212
4167,3,1739187111,1739192909
2626,2,1739187995,1739189819
4180,4,1739190703,1739197902
1857,4,1739191168,1739193657
4587,2,1739192334,1739195937
4746,5,1739193406,1739197931
2762,1,1739195414,1739202457
2274,2,1739196164,1739202980
1388,2,1739196698,1739200414
4445,4,1739197915,1739201515
4443,3,1739199428,1739201743
3326,4,1739204434,1739209383
4026,1,1739210231,1739216533
1664,4,1739213038,1739218336
2021,4,1739214903,1739218780
2351,1,1739230413,1739237562
2122,2,1739232120,1739237973
3443,2,1739243252,1739246148
3076,2,1739245038,1739247089
1916,4,1739253006,1739255079
1622,2,1739259076,1739264937
1724,1,1739259842,1739264699
2465,1,1739260460,1739262535
1637,5,1739266465,1739269979
2657,1,1739266907,1739270215
3936,4,1739269731,1739272157
3338,3,1739271534,1739275651
2054,5,1739275474,1739281547
3067,4,1739277386,1739279945
2801,5,1739279243,1739283397
2129,5,1739283743,1739287794
1434,3,1739286302,1739288992
3700,4,1739289919,1739295248
4511,2,1739290254,1739295558
3319,5,1739290827,1739292988
1680,3,1739291065,1739297568
4743,1,1739292875,1739296606
4178,4,1739301357,1739305383
2601,4,1739305005,1739308418
2267,1,1739310447,1739316223
3237,3,1739311114,1739313345
1134,4,1739314343,1739316311
2246,4,1739314509,1739320730
1453,5,1739315002,1739321727
3556,3,1739317289,1739320246
2390,1,1739323166,1739329057
1757,3,1739325865,1739330512
1578,3,1739330506,1739332883
2361,2,1739330877,1739337323
2201,3,1739330927,1739333746
1776,1,1739332543,1739336111
4005,4,1739333822,1739335654
1092,5,1739335716,1739338742
3311,4,1739336100,1739342700
3851,3,1739337668,1739342410
4427,5,1739340159,1739343284
1246,5,1739340266,1739344527
4593,1,1739341788,1739345291
4180,1,1739345733,1739351334
1704,1,1739349245,1739354802
3007,3,1739349924,1739355747
1982,3,1739350829,1739353381
3699,5,1739354724,1739360243
2014,4,1739356091,1739362181
2433,5,1739359254,1739363274
3778,5,1739366558,1739370501
4786,3,1739368770,1739373580
2572,5,1739371623,1739375871
2470,4,1739373938,1739380964
4841,2,1739378535,1739385015
1068,2,1739384814,1739390415
4512,3,1739390962,1739395034
1324,2,1739391028,1739397200
2212,5,1739395098,1739398341
1468,3,1739395632,1739400977
1969,5,1739396279,1739400614
1683,4,1739397816,1739404187
3709,2,1739402695,1739406465
4512,4,1739403558,1739409582
4300,1,1739406593,1739413124
4938,5,1739408358,1739413806
4291,3,1739408602,1739413020
4460,3,1739409276,1739411756
3847,5,1739414039,1739417115
3912,3,1739419273,1739423537
3641,2,1739419998,1739421901
1169,4,1739422054,1739428105
4564,3,1739423862,1739427066
3232,5,1739424559,1739430616
4022,4,1739426852,1739431524
1255,3,1739429680,1739436125
1906,1,1739429761,1739434121
4517,4,1739429895,1739434306
2475,3,1739431540,1739437109
4167,3,1739433891,1739438789
3055,5,1739434917,1739441872
2394,1,1739436960,1739440086
3360,3,1739438437,1739441187
3047,1,1739440227,1739443569
4236,3,1739443029,1739445512
1341,5,1739445358,1739450554
1737,5,1739445494,1739449737
1297,2,1739445660,1739451784
4534,4,1739452256,1739456272
4363,3,1739452306,1739456891
4401,1,1739453485,1739456072
2570,2,1739454228,1739459854
2587,2,1739459207,1739465637
2901,4,1739465067,1739469505
1474,2,1739473649,1739477710
2805,1,1739475402,1739478241
2987,5,1739476927,1739480836
1982,1,1739479035,1739481016
2080,1,1739481162,1739483935
4426,4,1739482521,1739489519
4117,3,1739484974,1739491964
3163,2,1739485205,1739490739
4340,3,1739486069,1739490005
1578,3,1739486207,1739492647
2184,5,1739490598,1739497482
4991,4,1739490749,1739497247
2069,4,1739503233,1739508802
4676,3,1739505839,1739512538
1758,4,1739511769,1739517806
2105,4,1739516031,1739522171
2432,1,1739517352,1739521967
1716,2,1739518448,1739521536
2524,5,1739522677,1739529122
1417,3,1739525333,1739532194
1486,1,1739530168,1739533320
3838,1,1739532962,1739537089
4791,4,1739535261,1739541690
3007,2,1739537401,1739544536
2619,5,1739539892,1739546122
2924,2,1739543772,1739547363
2566,2,1739544243,1739548483
3806,4,1739546691,1739550190
2009,4,1739555273,1739561773
1037,1,1739557601,1739564289
4645,2,1739558646,1739563248
4456,1,1739562270,1739569119
4188,3,1739563514,1739569568
1402,4,1739565421,1739570887
2914,1,1739569300,1739573941
4094,2,1739571577,1739577038
4197,2,1739573326,1739580390
4630,3,1739573889,1739577624
4373,5,1739578473,1739584951
3306,5,1739581948,1739587090
4041,5,1739582040,1739589198
4067,5,1739582827,1739587730
2739,2,1739583130,1739588256
1097,3,1739586146,1739589924
2977,3,1739595588,1739601139
4866,4,1739599485,1739605032
2363,5,1739603676,1739609983
2390,5,1739605458,1739609106
1059,2,1739607786,1739613619
1771,4,1739610375,1739614794
4870,4,1739613467,1739620659
4000,2,1739615407,1739622379
1941,5,1739620061,1739624381
2316,2,1739626646,1739631298
1559,2,1739626705,1739630733
3594,1,1739627626,1739630550
3078,5,1739631712,1739638354
4121,1,1739632413,1739636903
1388,1,1739633015,1739638554
2121,1,1739634857,1739638149
3317,4,1739636668,1739639017
4209,1,1739638556,1739640432
2847,2,1739638608,1739640864
1378,3,1739638639,1739642715
4408,3,1739639934,1739643114
4628,5,1739645026,1739647299
3381,4,1739649658,1739654809
1068,5,1739650213,1739653946
4736,3,1739655920,1739660089
2868,3,1739656879,1739658996
1362,5,1739657266,1739663208
1768,1,1739658670,1739664809
3947,2,1739660296,1739666881
3327,3,1739663168,1739665681
4798,3,1739664939,1739671518
2930,1,1739669324,1739674321
4175,4,1739672678,1739674929
3561,2,1739674907,1739677042
4574,3,1739678327,1739682802
2154,5,1739680525,1739687655
1126,2,1739683074,1739686052
4972,4,1739683194,1739688395
2523,5,1739686371,1739690685
2524,3,1739691720,1739696677
2977,5,1739699819,1739702406
3699,4,1739703994,1739708634
4335,1,1739709607,1739711508
3870,5,1739710852,1739717267
3828,5,1739710883,1739717585
4687,1,1739711040,1739717628
2657,4,1739711752,1739715654
2329,5,1739715325,1739721117
1104,4,1739716402,1739718956
4102,4,1739716930,1739721044
2208,5,1739717908,1739723227
2334,3,1739721318,1739726091
3670,4,1739724708,1739729974
4775,5,1739726548,1739729334
1206,5,1739727789,1739730032
2069,1,1739729453,1739734217
4991,4,1739735129,1739738078
3254,4,1739735335,1739741516
3099,1,1739739683,1739742614
4321,2,1739741487,1739748247
2855,1,1739742217,1739746750
2273,1,1739742317,1739749496
4753,1,1739744684,1739750316
3828,3,1739747393,1739749939
2316,4,1739749357,1739752039
1077,4,1739755198,1739761477
1754,1,1739755583,1739760478
2723,5,1739760377,1739767181
2914,1,1739761808,1739768721
2749,3,1739763644,1739766099
2476,5,1739763997,1739771178
2111,3,1739767017,1739772978
2749,3,1739769905,1739775565
3111,1,1739770195,1739773690
3384,2,1739773042,1739778903
2400,5,1739774287,1739780751
1890,5,1739774914,1739779155
2861,3,1739778669,1739784884
1597,4,1739781668,1739785459
3262,2,1739784988,1739789763
4096,2,1739789559,1739796714
2697,1,1739796959,1739803799
3758,1,1739800595,1739802998
4227,5,1739800770,1739802814
1516,5,1739802433,1739805211
4101,3,1739803380,1739806419
2153,5,1739804343,1739809914
3870,1,1739804772,1739807736
2136,2,1739809770,1739811667
3347,4,1739811465,1739817990
3572,1,1739814536,1739819820
4555,4,1739816133,1739821673
3240,4,1739816283,1739820722
4520,1,1739817985,1739822869
1469,3,1739819598,1739823774
1920,5,1739823077,1739825056
1396,2,1739825139,1739831537
1515,1,1739827563,1739829710
1728,2,1739828179,1739834256
1195,3,1739832018,1739838896
3050,2,1739833733,1739836421
2108,1,1739833778,1739836279
4658,1,1739839615,1739844439
1277,5,1739839617,1739842620
4592,3,1739841556,1739847357
1709,2,1739841882,1739845534
2555,1,1739842772,1739849205
3931,4,1739848738,1739852608
1397,2,1739853968,1739858794
2364,4,1739860291,1739866062
3467,5,1739861467,1739867884
3429,3,1739864206,1739870750
4096,5,1739866248,1739872407
1601,3,1739866985,1739873161
2619,2,1739867432,1739871171
3310,3,1739867917,1739870518
3890,1,1739868409,1739874728
4026,2,1739871095,1739874587
2588,5,1739874841,1739880054
4905,1,1739881143,1739882971
4169,1,1739882940,1739889703
1549,5,1739883665,1739888189
3228,5,1739886089,1739889724
2100,1,1739888525,1739895601
3709,1,1739891552,1739893757
2073,5,1739896640,1739901897
1106,3,1739899913,1739906997
1383,2,1739901291,1739907510
1064,4,1739902602,1739907871
3050,4,1739904468,1739908791
2604,4,1739910468,1739915545
4070,2,1739914682,1739919651
1650,5,1739917073,1739923019
3870,5,1739917202,1739922004
2793,1,1739917308,1739922793
2107,5,1739919143,1739921788
1411,4,1739921618,1739924507
1038,4,1739931648,1739934449
4300,1,1739934071,1739941219
1343,4,1739935199,1739937646
4350,1,1739936263,1739938170
2710,5,1739937088,1739943802
1110,2,1739937470,1739940583
2482,3,1739938065,1739942912
3692,4,1739944769,1739946932
4866,2,1739952148,1739958724
2228,5,1739952436,1739957112
4650,2,1739958053,1739960490
4634,5,1739963159,1739965198
1484,2,1739963315,1739966029
4454,5,1739964183,1739969644
2021,3,1739966695,1739970575
4882,5,1739976933,1739981578
4740,1,1739978246,1739980519
4144,2,1739978687,1739983269
3973,2,1739979648,1739982859
3191,5,1739980493,1739984470
4784,1,1739991920,1739996887
4512,3,1740004032,1740009871
4088,5,1740009722,1740013249
1535,4,1740010030,1740013720
3937,4,1740012812,1740017462
1475,3,1740019015,1740022919
3054,2,1740019748,1740021749
2011,4,1740024130,1740028837
1015,4,1740031302,1740036540
4701,2,1740033754,1740038659
3382,3,1740037062,1740043789
4172,3,1740038595,1740041093
4240,5,1740039690,1740046200
1013,2,1740041184,1740044132
4908,4,1740045362,1740048542
4648,5,1740046664,1740052156
3873,1,1740047899,1740053706
3849,3,1740049334,1740052621
3826,2,1740049914,1740051821
4512,4,1740054751,1740061351
2054,3,1740060743,1740063510
3956,3,1740061109,1740066247
1751,5,1740067237,1740073674
3292,3,1740068807,1740072277
4702,2,1740074635,1740080370
1618,3,1740076478,1740082667
1773,4,1740076723,1740083135
2195,3,1740083234,1740088245
1003,4,1740083270,1740088808
3812,2,1740085681,1740087733
2769,2,1740089480,1740093819
4288,4,1740093754,1740096478
1598,3,1740096607,1740099724
3511,3,1740104386,1740110961
1780,3,1740113240,1740118571
4172,3,1740113574,1740115910
3165,4,1740114285,1740118500
2193,1,1740114384,1740120062
3155,4,1740114562,1740120568
1901,2,1740115405,1740117830
2522,3,1740116039,1740121428
1541,1,1740124689,1740131336
2534,5,1740126840,1740129021
2357,2,1740131529,1740134619
2690,2,1740133742,1740137494
4909,4,1740136275,1740142878
3320,1,1740136763,1740141559
1076,4,1740138016,1740141046
1037,3,1740138140,1740143722
4332,3,1740140431,1740144022
3410,2,1740143085,1740145134
4232,2,1740145592,1740152505
3298,4,1740150303,1740156819
4022,5,1740156435,1740161382
4692,2,1740159260,1740165185
2361,2,1740164011,1740168327
1628,5,1740167230,1740173259
4792,1,1740167949,1740171750
3981,5,1740169238,1740173899
1311,4,1740173260,1740179042
2876,4,1740174402,1740181590
3834,5,1740174675,1740178980
3629,5,1740180352,1740185185
2797,1,1740181882,1740186514
1852,2,1740183134,1740186114
3274,5,1740183657,1740186926
4094,5,1740183948,1740187362
1596,5,1740184974,1740191624
1007,4,1740188225,1740192167
2804,1,1740188705,1740192511
1729,1,1740190795,1740192757
3429,3,1740190837,1740196792
2925,5,1740192636,1740196999
2422,1,1740198820,1740201776
4509,5,1740201214,1740207147
2353,3,1740204404,1740207799
1999,4,1740206016,1740210140
1586,4,1740207266,1740210010
3644,1,1740210049,1740213950
4637,2,1740218037,1740223961
2808,1,1740222701,1740225779
3975,5,1740225458,1740229247
3457,2,1740231389,1740237824
2362,5,1740233305,1740239159
1302,1,1740234686,1740237414
1628,5,1740240342,1740246518
1701,5,1740241054,1740248238
4657,4,1740242564,1740249418
2455,3,1740245075,1740248188
3256,2,1740250136,1740254920
3241,4,1740250892,1740256017
4828,3,1740251596,1740256330
2703,1,1740252272,1740257305
1483,3,1740257076,1740260277
4102,3,1740263783,1740265980
2254,3,1740265570,1740267474
4186,4,1740266723,1740271793
1002,1,1740279696,1740283112
1683,1,1740280461,1740282566
3648,4,1740285902,1740290013
3935,2,1740286024,1740292071
1598,2,1740290025,1740292448
4521,5,1740290931,1740296739
4786,1,1740291665,1740296398
1524,3,1740292328,1740298157
4325,2,1740292838,1740297237
2283,4,1740294497,1740299748
2054,4,1740298584,1740302851
3267,2,1740301865,1740308501
3873,1,1740306684,1740312756
1192,1,1740309830,1740313505
1549,3,1740310400,1740314837
2238,4,1740316208,1740321281
1550,3,1740319426,1740322501
4129,5,1740320709,1740324575
2874,3,1740321815,1740326886
2920,5,1740327926,1740334910
1765,4,1740329077,1740331664
4902,2,1740331397,1740336649
2207,1,1740331873,1740333694
4882,3,1740340152,1740343797
2979,4,1740349528,1740356619
3207,1,1740360421,1740363901
2979,2,1740362757,1740367504
3223,5,1740365629,1740371267
2906,1,1740365831,1740370991
4227,5,1740369059,1740372791
4180,3,1740369629,1740375509
2601,2,1740370224,1740373429
4215,5,1740373067,1740377553
3013,1,1740375427,1740377918
1420,2,1740376607,1740381384
1092,1,1740376986,1740383384
3086,3,1740377793,1740383489
4668,1,1740379904,1740387016
4321,2,1740381002,1740383186
3708,2,1740385221,1740387079
3143,3,1740388824,1740392672
3879,4,1740395212,1740400398
4940,3,1740398034,1740401555
2334,3,1740402081,1740405401
2545,2,1740405976,1740411108
1944,1,1740410824,1740414914
4179,5,1740414117,1740420223
3374,3,1740414221,1740418452
3117,4,1740416799,1740418749
1058,3,1740417529,1740420627
1350,4,1740421188,1740427031
4657,1,1740424760,1740427977
1470,1,1740426453,1740432375
3163,3,1740427702,1740434188
4771,3,1740430736,1740434188
2272,2,1740432726,1740437613
1775,5,1740433911,1740440937
1550,3,1740438907,1740444577
1002,5,1740439740,1740443631
3507,5,1740444550,1740450667
3360,3,1740449049,1740455532
2440,5,1740450055,1740456719
4630,4,1740452794,1740457259
2847,2,1740455869,1740458916
3306,4,1740456443,1740461212
4321,3,1740457374,1740460813
2333,2,1740468471,1740471070
4775,5,1740470251,1740473928
2591,2,1740472772,1740478287
4423,1,1740476760,1740480940
2656,4,1740479436,1740484296
2308,3,1740480086,1740485736
3588,2,1740488071,1740491641
3898,2,1740490345,1740493803
4148,1,1740490544,1740495974
2796,2,1740492941,1740497564
2170,5,1740497628,1740503193
2565,1,1740499440,1740503849
4865,1,1740499656,1740502056
4159,5,1740501181,1740507676
3314,3,1740501493,1740504080
2127,1,1740501948,1740505811
2801,3,1740504702,1740508388
3352,3,1740510157,1740517160
2459,1,1740514952,1740517881
3314,1,1740517127,1740519833
4433,3,1740520401,1740523614
2168,3,1740541218,1740546969
2958,1,1740541595,1740544723
3384,2,1740544122,1740546968
3327,2,1740545310,1740550153
1068,2,1740549269,1740555232
2769,4,1740554108,1740557512
1635,4,1740554956,1740558070
3332,2,1740556320,1740558982
4212,2,1740558000,1740563269
2869,3,1740559131,1740565356
2313,1,1740561706,1740565163
4423,1,1740562265,1740566501
4383,4,1740562476,1740568740
1535,3,1740563383,1740569640
3918,4,1740564384,1740569418
3837,5,1740566812,1740570300
4104,4,1740567015,1740572438
2100,4,1740568260,1740570151
2432,3,1740569328,1740571491
3846,5,1740572089,1740577171
4996,4,1740575943,1740581092
4553,3,1740576393,1740580735
4489,2,1740580002,1740586459
2636,1,1740582838,1740587568
1729,1,1740583888,1740589584
3331,2,1740585558,1740591898
1484,3,1740593481,1740598084
1241,2,1740595474,1740599358
2642,2,1740598007,1740601107
1007,3,1740598489,1740601324
2762,4,1740604791,1740607307
4624,4,1740607606,1740611454
3854,3,1740609712,1740616106
2703,4,1740611145,1740615402
3478,3,1740618826,1740623128
1598,1,1740620660,1740624884
1100,5,1740622832,1740628437
4033,1,1740625361,1740628317
3986,2,1740625492,1740631623
3295,1,1740629850,1740634040
2598,2,1740631585,1740635697
3947,1,1740633325,1740637898
4121,1,1740633403,1740640359
2111,1,1740637265,1740644166
3069,1,1740641347,1740646814
1771,1,1740641734,1740645403
2555,4,1740644130,1740649300
4798,3,1740645550,1740652419
3004,5,1740647235,1740652081
2170,5,1740649375,1740654571
1352,2,1740650469,1740656396
4787,3,1740651931,1740654081
3475,5,1740651979,1740655730
4164,2,1740653209,1740659338
4891,4,1740653946,1740658705
1303,4,1740654479,1740659799
3321,1,1740655980,1740659888
2627,1,1740657643,1740663060
4949,1,1740659021,1740663892
2585,5,1740659659,1740663970
3331,1,1740662577,1740667723
3078,3,1740663171,1740669603
3804,1,1740665087,1740671083
3169,1,1740665731,1740668415
3994,1,1740666372,1740668379
1948,3,1740668198,1740671727
4668,1,1740668756,1740673044
3234,4,1740670984,1740676130
3713,3,1740671751,1740677240
2601,4,1740674400,1740678948
4197,3,1740675550,1740678287
4186,3,1740676194,1740678557
4669,5,1740676376,1740681981
1918,1,1740679465,1740685060
4792,4,1740680620,1740686153
3528,4,1740681215,1740688359
2555,4,1740682239,1740686346
1104,2,1740685574,1740691136
4712,2,1740687752,1740690357
3703,5,1740689506,1740695358
2642,1,1740696197,1740699966
1982,5,1740697600,1740704087
3360,4,1740698761,1740704072
4588,4,1740698930,1740703543
3911,3,1740699192,1740703999
2566,4,1740701271,1740703204
1761,5,1740701555,1740708655
4080,5,1740702702,1740707981
4375,2,1740712523,1740715775
4922,1,1740714242,1740717806
2123,5,1740717149,1740721175
4659,3,1740718806,1740720821
2532,5,1740723561,1740728730
2272,2,1740724124,1740727419
2321,4,1740727024,1740731406
4144,5,1740730388,1740732203
4622,1,1740739701,1740746702
4973,4,1740741729,1740745587
4070,2,1740746762,1740753553
1559,4,1740746914,1740751475
1562,4,1740750207,1740754824
3314,2,1740751756,1740757121
2821,3,1740752256,1740755164
2065,4,1740756024,1740760862
2725,4,1740758081,1740761950
4266,4,1740767805,1740770250
2749,3,1740768077,1740772273
4236,2,1740768344,1740774884
4848,4,1740768678,1740771672
3679,4,1740775679,1740778792
2806,2,1740775695,1740777815
3729,2,1740780802,1740785076
2111,1,1740781002,1740782995
3126,3,1740782985,1740785441
2395,5,1740787113,1740793220
1569,1,1740790320,1740794361
2492,1,1740790866,1740792908
3119,5,1740791898,1740796402
2711,1,1740792912,1740798443
4459,1,1740792932,1740797313
3793,5,1740795775,1740801899
2354,3,1740795925,1740802957
4962,2,1740796239,1740800411
4311,5,1740797076,1740804203
4362,3,1740798179,1740804985
1682,2,1740799862,1740804075
1029,2,1740803401,1740807318
2282,3,1740803564,1740810327
4566,2,1740803758,1740810509
2925,1,1740806257,1740809039
1276,4,1740810441,1740816297
3710,3,1740814449,1740817061
1423,1,1740814927,1740818968
4756,3,1740815885,1740820364
2627,3,1740816329,1740820703
1439,5,1740819298,1740825583
1365,3,1740821276,1740825641
1490,3,1740821292,1740826357
3536,3,1740827968,1740831762
2678,4,1740835468,1740839833
3074,3,1740838057,1740841533
2129,2,1740844278,1740850790
3607,5,1740856636,1740863531
1029,1,1740856999,1740863509
3438,5,1740857732,1740860311
2841,1,1740861973,1740864368
2930,1,1740863211,1740869933
1502,2,1740870066,1740876353
3422,2,1740877819,1740881953
1956,1,1740879871,1740886679
3223,2,1740886690,1740892550
2935,2,1740893112,1740898558
3212,2,1740893373,1740898008
4059,5,1740896230,1740900787
4421,1,1740898410,1740904696
4574,2,1740903202,1740908902
1487,5,1740903441,1740906064
4730,1,1740905635,1740908939
2981,4,1740906019,1740912686
3106,3,1740909180,1740914879
1246,2,1740909374,1740916554
3165,5,1740909992,1740912034
4129,2,1740910967,1740917162
2591,2,1740911241,1740913803
4010,1,1740915017,1740919378
2979,3,1740916312,1740918330
2095,3,1740917622,1740921755
4080,2,1740918667,1740921000
4944,2,1740920005,1740925880
4286,5,1740923707,1740930833
3791,2,1740923876,1740929400
3427,4,1740923940,1740928566
2555,2,1740934010,1740937810
4028,4,1740934052,1740938152
1542,3,1740937812,1740939870
3292,3,1740938721,1740943199
3659,2,1740940667,1740946329
2585,2,1740942958,1740945791
4585,3,1740943882,1740946363
4572,1,1740946611,1740949974
4468,2,1740947034,1740949425
2713,4,1740956356,1740959558
1995,5,1740958713,1740963207
3117,1,1740960194,1740966628
2917,1,1740964455,1740968383
2575,2,1740968506,1740972820
1013,1,1740969145,1740973935
2980,1,1740977684,1740984398
1881,4,1740980221,1740984411
2016,4,1740984476,1740991471
4086,4,1740989571,1740995115
1434,2,1740993657,1740999752
1780,5,1740996669,1741001213
3136,4,1741000344,1741004846
3422,3,1741002029,1741009087
2079,5,1741004951,1741009215
4064,3,1741004951,1741010956
4821,4,1741005257,1741012071
4198,3,1741008009,1741012750
4797,5,1741010731,1741017093
1597,5,1741013756,1741016078
4292,2,1741014386,1741018482
4215,4,1741016579,1741021260
1610,3,1741021388,1741026732
1832,4,1741021606,1741026625
4751,4,1741022636,1741029531
3279,3,1741026991,1741031550
1067,2,1741028016,1741030937
3347,3,1741028576,1741035445
1118,1,1741029459,1741035818
4751,4,1741030689,1741033365
4549,1,1741030929,1741033649
3327,5,1741031301,1741033195
1664,3,1741031654,1741034340
2211,5,1741031996,1741037460
4335,3,1741032585,1741039518
2387,5,1741035815,1741037745
3169,5,1741038660,1741041591
4760,2,1741038816,1741044584
1936,4,1741040774,1741045487
4264,5,1741048046,1741053163
2484,2,1741052856,1741056146
3195,3,1741053725,1741058238
3047,5,1741053974,1741060983
4821,1,1741054639,1741057397
2310,4,1741055875,1741058910
1158,1,1741060859,1741064111
3195,2,1741063219,1741069280
4023,4,1741065677,1741069642
4055,2,1741068947,1741074021
1350,1,1741070721,1741073324
2237,5,1741071341,1741076309
3858,1,1741073744,1741078584
1725,4,1741078862,1741083775
1653,5,1741079833,1741082347
4191,1,1741086130,1741091717
4088,4,1741088362,1741090898
4048,2,1741090917,1741097770
2161,2,1741090925,1741095294
4611,5,1741092814,1741099108
2487,4,1741096495,1741100343
2565,3,1741099127,1741105527
3179,4,1741102811,1741108214
3208,1,1741103698,1741109593
1558,2,1741104082,1741109319
4973,5,1741105493,1741112596
3679,4,1741106541,1741113430
4906,5,1741111089,1741117115
2634,1,1741111848,1741116827
4264,3,1741112315,1741115706
2546,2,1741112947,1741119198
1319,2,1741115537,1741120213
2920,2,1741119670,1741124880
3594,3,1741128211,1741133546
2063,1,1741128640,1741134201
3935,2,1741133396,1741136403
4395,2,1741135549,1741142273
3326,1,1741137902,1741139852
1396,5,1741139207,1741143523
2479,5,1741140245,1741144991
3588,4,1741144690,1741147019
3447,2,1741149126,1741153990
4252,4,1741149379,1741151907
1254,3,1741150283,1741154672
3297,5,1741152254,1741155911
1402,4,1741155050,1741160167
3809,2,1741158459,1741163851
1709,1,1741162173,1741165888
3795,2,1741163814,1741166115
1053,4,1741165678,1741170067
1272,4,1741165679,1741168580
1629,3,1741166681,1741172345
2348,3,1741167158,1741170440
4092,2,1741168622,1741174624
4753,1,1741171433,1741176844
2237,4,1741172077,1741177313
3602,1,1741173180,1741178314
4817,2,1741173842,1741178603
1988,3,1741176122,1741181491
4558,1,1741186458,1741190212
4756,5,1741188181,1741190829
3179,2,1741191299,1741196761
4429,4,1741193589,1741196836
1995,3,1741196534,1741199506
1421,3,1741199432,1741202706
4692,5,1741209258,1741213323
2389,5,1741216076,1741219116
2161,5,1741218189,1741223297
4471,4,1741220366,1741226904
4421,1,1741224024,1741230587
3295,1,1741225784,1741228645
4793,3,1741225985,1741228544
3879,1,1741227541,1741230192
3050,5,1741232586,1741238474
3349,2,1741235154,1741239468
4716,4,1741251124,1741257809
3653,2,1741254840,1741257294
2422,1,1741258323,1741262663
2262,5,1741265946,1741269155
2297,1,1741270702,1741276216
1357,3,1741274502,1741280920
3360,4,1741275206,1741282347
1137,2,1741276348,1741279846
3143,3,1741284792,1741290923
4944,3,1741289577,1741293832
4799,4,1741289740,1741294139
1626,4,1741300007,1741306213
3360,5,1741304668,1741310809
1259,5,1741313000,1741319128
1163,3,1741313283,1741316693
2095,5,1741319171,1741324932
3399,3,1741327927,1741333122
4797,4,1741328111,1741331687
1724,3,1741334981,1741338972
2408,5,1741335446,1741341144
3074,3,1741337602,1741342055
3552,1,1741339583,1741342001
3996,3,1741339969,1741343675
1886,1,1741341311,1741344059
2648,3,1741343770,1741350510
1435,3,1741344868,1741351677
1665,2,1741347343,1741351717
2879,5,1741349704,1741352491
3315,2,1741352707,1741356208
2279,1,1741355406,1741361808
3707,2,1741357760,1741362777
4657,4,1741365523,1741367511
3569,1,1741365761,1741369356
3163,1,1741365992,1741368966
1097,1,1741366276,1741372932
2920,2,1741369582,1741371955
1628,4,1741371575,1741378085
4679,3,1741374533,1741377471
2440,1,1741375886,1741381929
2889,1,1741376334,1741380478
2841,4,1741376859,1741379118
1185,5,1741384260,1741388880
4390,5,1741385429,1741391306
4637,4,1741386861,1741388964
1162,3,1741387406,1741390317
4271,5,1741394530,1741398703
4169,1,1741394613,1741399784
2386,1,1741394878,1741401172
4935,2,1741396353,1741398397
1161,4,1741399466,1741405291
2389,3,1741400265,1741405426
1952,2,1741402085,1741407390
1121,2,1741408971,1741411591
4264,4,1741410337,1741415217
3292,4,1741413024,1741415594
2472,3,1741422230,1741424450
4461,3,1741430827,1741437762
4021,2,1741433296,1741440333
1558,5,1741434288,1741440774
1259,4,1741434483,1741440264
4918,2,1741435979,1741439642
1317,2,1741436911,1741441088
4730,5,1741436982,1741440025
3890,3,1741437170,1741439073
4908,2,1741442793,1741448755
2695,1,1741448905,1741453254
1269,1,1741450169,1741456710
1617,3,1741452466,1741458989
4928,3,1741453150,1741457563
2808,5,1741454194,1741460971
1067,1,1741455580,1741458515
2161,3,1741458907,1741461052
3774,3,1741459657,1741463132
4033,4,1741460054,1741461971
1999,3,1741462751,1741465867
2172,5,1741464631,1741471150
4100,2,1741465445,1741468973
1692,4,1741466436,1741468874
1432,2,1741467595,1741471635
1944,3,1741468518,1741474047
2198,1,1741470255,1741477072
4286,1,1741471361,1741475033
1635,3,1741471447,1741477240
1345,4,1741471832,1741476531
3285,3,1741472187,1741477380
1001,1,1741474987,1741478842
2634,1,1741475156,1741479605
1976,4,1741476575,1741479911
3006,5,1741477776,1741482100
1213,5,1741477799,1741484161
4212,4,1741478641,1741485725
4791,4,1741481956,1741484099
2287,4,1741482716,1741488230
3689,5,1741483398,1741488624
3328,3,1741485437,1741488555
4106,4,1741489331,1741492632
1769,3,1741490107,1741494654
2080,3,1741490161,1741494983
3080,1,1741490937,1741493941
4291,4,1741494990,1741497217
1362,5,1741499340,1741502501
3399,2,1741500500,1741507091
4975,2,1741501898,1741508130
2019,1,1741503123,1741506499
2153,2,1741503584,1741510144
1806,5,1741503988,1741507036
2390,5,1741506630,1741509694
4546,3,1741507827,1741511003
4882,4,1741513375,1741518473
1276,2,1741519252,1741521097
3496,3,1741523375,1741530370
4071,1,1741526986,1741531172
1858,5,1741527240,1741531041
4771,5,1741527632,1741533215
1628,3,1741531104,1741534978
4730,4,1741534408,1741537866
2523,1,1741534674,1741541728
4459,5,1741538303,1741543105
4659,2,1741538681,1741544651
2136,1,1741539406,1741543235
2515,1,1741542327,1741548975
3311,2,1741542679,1741548485
2585,4,1741546568,1741553155
1383,5,1741547470,1741550106
3778,1,1741550978,1741553502
4789,2,1741552944,1741559553
4970,3,1741557307,1741559797
1675,3,1741561652,1741567589
2939,5,1741563997,1741570245
3539,4,1741566355,1741568715
3870,4,1741567294,1741572887
4555,2,1741571031,1741573770
1059,4,1741572935,1741575734
2851,1,1741574360,1741580788
1598,4,1741574939,1741581115
3295,1,1741576351,1741583528
4241,3,1741582362,1741584290
1780,5,1741584115,1741588885
3128,5,1741584444,1741588889
2127,3,1741585958,1741590460
4288,1,1741585960,1741591526
4754,4,1741586280,1741589925
3796,5,1741588090,1741592968
1195,4,1741590885,1741595494
4844,1,1741592580,1741595640
2903,5,1741595283,1741601453
2515,3,1741600727,1741602629
3007,5,1741602671,1741605755
1612,4,1741605987,1741610460
1761,5,1741610133,1741615864
3070,2,1741611960,1741615723
2173,2,1741612472,1741617274
2492,5,1741613166,1741615444
3628,3,1741621485,1741628184
4901,5,1741624688,1741631477
2327,3,1741625884,1741632062
4791,3,1741626802,1741630295
3391,1,1741628575,1741635536
2655,2,1741628632,1741631309
2212,3,1741631380,1741636659
2283,4,1741633555,1741636977
1057,3,1741636987,1741643335
4426,5,1741636998,1741641613
2638,5,1741638640,1741644818
3340,2,1741638686,1741640512
3297,1,1741641766,1741644572
2097,1,1741642040,1741644985
4311,4,1741642521,1741646023
1753,5,1741644993,1741650430
3672,5,1741649313,1741652872
2029,3,1741649836,1741654266
3267,2,1741653444,1741656882
2048,3,1741655266,1741662027
1456,2,1741657574,1741660781
4537,3,1741660895,1741663178
2555,3,1741662322,1741668461
1947,4,1741667977,1741671941
1678,5,1741668473,1741671624
2575,3,1741669122,1741675457
2062,3,1741669244,1741676247
4817,4,1741671675,1741677973
1540,2,1741672510,1741677508
2703,5,1741674495,1741679153
4910,5,1741677054,1741682815
3928,2,1741677907,1741684987
1421,5,1741678309,1741680391
2917,5,1741680826,1741683389
3939,4,1741680963,1741683482
4754,1,1741682658,1741689422
4635,1,1741684850,1741691359
2031,2,1741684861,1741690101
3381,2,1741690222,1741695943
3812,1,1741690384,1741694643
1365,4,1741691409,1741694775
4882,2,1741692417,1741697007
1535,3,1741694266,1741698663
3243,5,1741698493,1741702296
2288,4,1741713510,1741716226
3292,3,1741714182,1741718127
3492,3,1741716000,1741718403
2254,5,1741718198,1741722806
2879,5,1741724266,1741729548
1719,3,1741725160,1741728243
3293,2,1741729127,1741735099
2169,2,1741731710,1741733924
4754,1,1741734118,1741739736
2045,3,1741734616,1741739467
1979,2,1741734838,1741740271
4298,5,1741737842,1741739923
4687,2,1741738398,1741740738
2204,4,1741739752,1741746282
2054,4,1741744159,1741749656
4531,5,1741744246,1741746774
3289,5,1741745818,1741752882
1768,5,1741748085,1741755016
2911,5,1741750062,1741753184
4605,4,1741751112,1741754877
2382,5,1741753291,1741760127
4022,3,1741756140,1741763122
1434,2,1741756488,1741762373
3314,1,1741758191,1741761139
3720,5,1741770892,1741774681
1878,4,1741770941,1741774424
3411,5,1741777448,1741780924
2568,5,1741781576,1741788302
4949,1,1741783939,1741786323
3606,1,1741785072,1741787688
1866,5,1741785423,1741787381
2796,1,1741788007,1741790762
4975,2,1741789169,1741796348
4663,2,1741789241,1741792437
3843,3,1741789539,1741793520
3467,1,1741789631,1741791629
1650,2,1741790979,1741796416
3004,3,1741792056,1741794948
2218,3,1741793007,1741794949
1455,1,1741794673,1741798558
2806,3,1741798291,1741800646
4096,5,1741800772,1741804741
3212,2,1741802769,1741808363
3377,2,1741804702,1741808651
1025,1,1741809586,1741814712
2304,1,1741811016,1741817083
2283,5,1741812378,1741817587
4018,2,1741813773,1741820973
1292,3,1741819185,1741823692
2531,3,1741823676,1741827133
4794,3,1741827836,1741831620
1416,4,1741834327,1741837809
2296,4,1741839146,1741843716
2899,2,1741841812,1741848807
3273,4,1741843485,1741845442
2369,3,1741846662,1741851298
3070,4,1741851417,1741858159
1516,4,1741866652,1741871621
1695,4,1741870855,1741872713
2532,2,1741872735,1741874868
3528,1,1741872878,1741875697
4005,3,1741874237,1741879899
4022,5,1741875204,1741879313
3552,1,1741875469,1741877299
4694,1,1741876605,1741878860
2826,5,1741876715,1741880148
1624,2,1741877955,1741885126
2826,2,1741880285,1741885862
2142,3,1741883678,1741886237
4698,3,1741885116,1741888239
2751,5,1741888537,1741894586
3260,2,1741891255,1741897175
4910,1,1741891573,1741896299
2523,1,1741895051,1741897833
2780,1,1741896055,1741899951
1216,4,1741902304,1741909052
2184,5,1741906306,1741909934
1180,1,1741906987,1741911272
3759,1,1741910950,1741914485
2236,5,1741915934,1741917866
3042,3,1741916406,1741921576
1343,1,1741919096,1741922423
1629,1,1741921800,1741927264
2794,4,1741923948,1741929637
2058,4,1741926915,1741930736
1360,2,1741928952,1741931525
4645,3,1741929111,1741932577
2139,4,1741931122,1741934477
4957,1,1741932799,1741935723
2317,1,1741938749,1741944778
1999,1,1741942301,1741948925
4751,4,1741947792,1741951299
1746,3,1741951009,1741957317
4735,1,1741961723,1741968593
2050,4,1741963277,1741966703
4658,3,1741970656,1741973190
1601,5,1741973018,1741976499
4080,3,1741975070,1741977447
3689,3,1741980179,1741986259
1366,3,1741981005,1741985641
3736,5,1741982394,1741984916
4454,3,1741985546,1741989482
3994,5,1741988229,1741992330
1324,3,1741988640,1741990912
4322,5,1741991653,1741994376
1475,5,1741995354,1741999557
4065,3,1742000846,1742003930
3734,3,1742007200,1742012771
4784,1,1742007364,1742010635
4521,2,1742010383,1742014946
1793,1,1742010769,1742015361
2487,5,1742018491,1742023317
4201,3,1742020323,1742025371
2957,3,1742026907,1742032462
4332,4,1742030318,1742033530
3457,2,1742036319,1742040387
3878,5,1742036789,1742040188
3824,2,1742039413,1742044881
1466,1,1742039917,1742043395
1555,1,1742040359,1742046421
1542,3,1742040437,1742046253
1673,3,1742042677,1742049562
3641,3,1742049395,1742053757
4906,2,1742050605,1742053344
4055,3,1742050767,1742055733
2296,3,1742054872,1742057776
4071,5,1742058396,1742064129
4768,1,1742060064,1742063587
3234,5,1742061716,1742063954
2376,2,1742064511,1742069404
2927,2,1742066332,1742071172
1618,3,1742067717,1742070431
2769,2,1742069498,1742071983
3053,1,1742071260,1742076091
3606,3,1742074063,1742080624
4079,5,1742075759,1742078664
2610,5,1742081178,1742083342
3629,2,1742082296,1742085262
3093,1,1742084749,1742090250
2549,1,1742087432,1742093920
2113,3,1742088486,1742091372
4937,4,1742091372,1742095463
3070,3,1742092609,1742095521
2013,5,1742093676,1742099002
2068,3,1742094956,1742101968
2020,4,1742098675,1742105463
3273,3,1742100512,1742105740
1717,1,1742102370,1742106626
1369,5,1742106169,1742110957
4569,3,1742109159,1742114627
2570,3,1742109913,1742114352
2183,2,1742112153,1742117813
2598,4,1742116195,1742120091
2310,1,1742116893,1742122827
2647,2,1742119779,1742125948
3854,3,1742119793,1742122219
1422,3,1742119939,1742125647
1068,2,1742124475,1742130527
3081,3,1742125859,1742130037
4277,3,1742126974,1742130737
4903,1,1742129475,1742134204
2805,2,1742130425,1742133337
3705,2,1742130557,1742134259
1550,5,1742130828,1742137955
3163,3,1742131237,1742138175
3228,3,1742136518,1742143206
4163,4,1742136788,1742140465
3081,4,1742144309,1742147193
4241,5,1742146553,1742152457
3422,4,1742150602,1742153561
3243,2,1742152014,1742159133
1466,1,1742164911,1742170843
1317,5,1742165221,1742168233
1125,1,1742167005,1742169302
4395,4,1742171274,1742176421
1377,2,1742175783,1742180037
4908,1,1742177328,1742182437
2547,5,1742178588,1742184882
4607,2,1742182502,1742184922
2341,5,1742182756,1742186513
3827,2,1742185215,1742192292
4019,5,1742189123,1742191771
2899,2,1742190917,1742196769
1067,4,1742191894,1742198415
1426,3,1742192010,1742197824
1319,4,1742197579,1742204712
4422,5,1742197797,1742204896
1761,4,1742202447,1742207881
2310,2,1742204966,1742210711
2050,2,1742206835,1742213908
1388,1,1742209629,1742213422
1466,3,1742210220,1742215903
4351,2,1742210308,1742215977
2633,5,1742212511,1742218340
2532,5,1742213344,1742218818
1103,2,1742214960,1742222099
2841,4,1742216012,1742222812
1935,1,1742216984,1742220957
1506,5,1742219184,1742223030
1064,5,1742221590,1742226918
1241,1,1742227574,1742232879
2288,2,1742229609,1742232876
4106,2,1742230226,1742233056
1466,5,1742234716,1742237426
2790,3,1742248354,1742254563
1475,2,1742248441,1742254111
1618,2,1742254705,1742258748
2953,5,1742255376,1742257576
4698,3,1742255447,1742259679
4995,3,1742258568,1742263343
1059,4,1742258683,1742261562
4033,1,1742259368,1742264929
3266,2,1742261131,1742263500
4003,1,1742263120,1742267963
1255,3,1742263609,1742266111
4180,2,1742265594,1742272421
3541,2,1742267911,1742273589
3273,2,1742270294,1742276092
2562,5,1742270660,1742276307
4531,3,1742271115,1742276596
3913,4,1742273604,1742278614
1122,2,1742275608,1742282779
2212,4,1742278264,1742282592
1988,5,1742279109,1742280969
4240,5,1742280417,1742283503
1969,3,1742284090,1742289161
1814,3,1742287381,1742292799
1678,4,1742293642,1742299691
4099,5,1742294413,1742301333
2184,4,1742300941,1742306212
3411,2,1742303358,1742309808
4001,5,1742304877,1742310731
4794,5,1742306357,1742312221
1754,1,1742306709,1742312573
4048,2,1742307198,1742313595
2779,2,1742307221,1742312880
2627,1,1742307818,1742310539
3504,3,1742312083,1742314122
1692,5,1742314233,1742320553
1893,4,1742315006,1742319130
1568,1,1742315508,1742317588
4377,2,1742315709,1742319281
4627,4,1742316650,1742319180
1215,2,1742323790,1742328987
4841,1,1742325156,1742329096
3911,3,1742326413,1742332668
3309,3,1742327493,1742334167
4495,1,1742328373,1742333237
3683,5,1742330368,1742336029
3640,4,1742330569,1742334537
2911,5,1742337474,1742340266
1569,4,1742341387,1742343811
1718,5,1742344329,1742347013
4848,4,1742346436,1742348401
1907,3,1742349489,1742355717
2518,1,1742349535,1742356305
2326,3,1742350724,1742354831
3133,4,1742351946,1742357890
3045,1,1742353551,1742355379
2267,3,1742353655,1742358300
1013,3,1742354031,1742360235
1120,2,1742361150,1742367863
1265,1,1742365336,1742372415
2781,3,1742366706,1742372811
3310,3,1742371125,1742375309
4386,5,1742371208,1742376978
4552,3,1742371225,1742375819
2678,3,1742373310,1742377539
2874,3,1742375153,1742377388
3456,1,1742382400,1742388652
2383,1,1742384292,1742387074
3042,1,1742387052,1742391991
3523,5,1742388834,1742394142
2173,5,1742391035,1742396451
3310,5,1742395822,1742402281
1150,3,1742396315,1742398824
3978,5,1742397385,1742399374
4918,4,1742397423,1742403876
4348,3,1742399491,1742403556
2704,2,1742400078,1742402631
2967,5,1742402857,1742408759
2219,3,1742406194,1742409794
1859,2,1742406292,1742410201
1875,5,1742412393,1742418542
4423,1,1742418845,1742424791
1231,2,1742422548,1742427395
4806,4,1742428743,1742430582
4161,2,1742428848,1742431881
3391,4,1742432050,1742437169
3273,2,1742433268,1742439386
4908,3,1742434166,1742437999
3983,2,1742434681,1742438599
2115,4,1742439317,1742442842
3550,5,1742439763,1742445339
1875,5,1742444960,1742450667
3496,4,1742445634,1742450290
1232,5,1742446452,1742450901
4215,1,1742446584,1742451755
4442,2,1742450994,1742454376
1397,3,1742451551,1742457940
4236,5,1742452468,1742458346
1846,3,1742452890,1742454834
1210,5,1742453910,1742455730
3080,5,1742458348,1742464108
1678,2,1742458526,1742460372
3773,3,1742462356,1742466997
2642,1,1742463729,1742467514
2869,5,1742463864,1742466994
4421,4,1742471987,1742478879
1773,4,1742473089,1742477454
2183,1,1742473628,1742477378
1207,5,1742483905,1742489675
2711,5,1742485891,1742492352
2911,5,1742486908,1742492467
1509,2,1742487916,1742493584
4421,4,1742497515,1742502378
3067,1,1742498521,1742505678
3815,3,1742500024,1742503274
2009,2,1742502744,1742504955
2440,3,1742505219,1742510802
3962,1,1742505531,1742508940
4267,2,1742507089,1742512673
1754,2,1742510693,1742517035
1361,3,1742511647,1742515158
3878,4,1742513654,1742517924
4508,3,1742513900,1742520872
3881,5,1742523217,1742529395
2657,3,1742523686,1742529600
2725,1,1742524368,1742529652
3806,1,1742524808,1742531823
4865,4,1742525977,1742530054
4331,2,1742526380,1742529970
1025,5,1742527616,1742532534
4276,5,1742531795,1742534636
4395,4,1742532060,1742536577
3730,2,1742533108,1742535978
4433,5,1742535001,1742538918
3848,4,1742535235,1742537357
1709,3,1742538403,1742544877
2861,4,1742539533,1742544463
4809,3,1742542163,1742548959
4534,5,1742544692,1742547895
4848,5,1742545183,1742547485
1189,5,1742546738,1742551840
4699,3,1742548682,1742554998
2646,1,1742548944,1742551048
4082,2,1742550792,1742553915
2785,2,1742553474,1742556551
4898,4,1742557893,1742563201
1683,1,1742561291,1742564516
2636,3,1742565790,1742570365
2903,5,1742571852,1742573658
4151,3,1742572283,1742575439
2278,3,1742573657,1742578161
1527,3,1742583265,1742587578
1329,2,1742583843,1742585816
4350,1,1742584228,1742586138
2495,5,1742592210,1742595753
2433,2,1742602202,1742608174
1402,1,1742604526,1742608027
1391,2,1742605639,1742609862
3659,5,1742607750,1742613715
2591,4,1742608994,1742613973
2386,5,1742611807,1742618574
4446,4,1742614091,1742619568
2016,4,1742618085,1742624103
1439,4,1742623340,1742625362
4104,3,1742623852,1742629962
3824,3,1742630751,1742635971
2043,5,1742630923,1742635052
2972,1,1742637531,1742642423
1939,3,1742637649,1742640916
3947,2,1742644115,1742649026
4824,3,1742650600,1742653765
2980,2,1742652117,1742655515
2415,4,1742652738,1742654553
3745,4,1742656147,1742662004
4746,2,1742657633,1742662613
2093,4,1742657712,1742664272
2154,4,1742661502,1742667569
2608,1,1742661884,1742668077
3979,4,1742662008,1742665024
4950,4,1742662183,1742666208
3143,2,1742664560,1742671483
4363,4,1742665702,1742667914
3573,1,1742666717,1742669056
3916,1,1742668202,1742674621
3706,1,1742668761,1742671731
3502,1,1742674031,1742677609
1210,5,1742684951,1742686805
3338,3,1742687901,1742690348
2845,2,1742693370,1742700176
1635,2,1742693770,1742696108
1678,4,1742695471,1742699741
3321,3,1742701762,1742706857
1075,4,1742703637,1742706740
2969,1,1742704743,1742710334
2790,3,1742705910,1742712866
1730,5,1742705971,1742712291
4524,5,1742706113,1742711224
3467,1,1742706507,1742712567
4203,5,1742709511,1742715224
4817,5,1742710593,1742715345
1117,5,1742711546,1742713851
1107,3,1742712731,1742714617
1016,5,1742715927,1742721881
2481,3,1742722238,1742726447
3082,1,1742725680,1742729562
2515,1,1742727601,1742732782
4052,1,1742729928,1742735360
1265,5,1742731162,1742733717
4273,5,1742731684,1742735580
3901,5,1742734529,1742739743
4285,3,1742734608,1742741153
2127,4,1742736276,1742740361
3153,1,1742739272,1742744876
2183,4,1742739813,1742742873
2304,3,1742746870,1742749361
1016,5,1742749473,1742754659
1351,1,1742752972,1742755096
2156,3,1742754384,1742756431
4502,1,1742755625,1742761720
4520,4,1742755915,1742757964
3829,1,1742761729,1742765071
2357,5,1742764223,1742767644
2520,4,1742767363,1742772145
1585,1,1742767744,1742769563
3141,5,1742769549,1742775481
2053,3,1742770551,1742774111
2297,1,1742770974,1742775363
4429,1,1742774827,1742781479
4291,1,1742775421,1742781364
1635,3,1742775501,1742780983
1936,1,1742781071,1742787812
3314,3,1742781340,1742786877
3292,4,1742783682,1742790765
4080,5,1742783966,1742787626
2252,5,1742789980,1742795007
1279,5,1742790607,1742794183
3042,3,1742791257,1742796303
1981,3,1742792663,1742795061
3701,2,1742793735,1742799142
4809,1,1742797535,1742800944
1957,3,1742801677,1742804206
2138,4,1742803888,1742806077
3198,1,1742804745,1742809738
2008,3,1742806235,1742809489
4727,4,1742808936,1742811508
3131,3,1742813162,1742816796
4193,1,1742813914,1742818399
3010,5,1742817612,1742820520
4555,3,1742820313,1742824865
3672,5,1742823066,1742827213
2523,2,1742837529,1742841494
3979,4,1742848411,1742853591
3562,4,1742850668,1742856481
1121,5,1742851622,1742854768
4340,3,1742852804,1742857797
4373,1,1742860987,1742867729
1780,4,1742862718,1742866879
1728,5,1742863183,1742867203
1761,2,1742867383,1742870057
4168,1,1742879005,1742885116
4778,1,1742881026,1742886494
2614,3,1742881309,1742887101
2710,5,1742881709,1742886345
3212,4,1742884460,1742886726
3193,3,1742884553,1742890381
1993,2,1742885452,1742889122
1106,5,1742886548,1742892130
2786,2,1742888460,1742892646
1582,3,1742888665,1742894992
1502,5,1742889100,1742893038
4841,2,1742892757,1742897298
3773,4,1742893804,1742897205
3295,1,1742893973,1742895805
3979,4,1742895669,1742901039
2555,5,1742895958,1742899102
2826,5,1742898998,1742905249
3377,5,1742905075,1742908982
2062,4,1742905084,1742909896
4970,4,1742910911,1742917072
4163,5,1742920645,1742925508
1173,3,1742927846,1742932190
1993,1,1742929374,1742933939
3311,3,1742932987,1742936278
1680,2,1742935001,1742939010
4587,5,1742935105,1742939911
2568,2,1742935508,1742941423
3095,4,1742938972,1742941910
2265,2,1742941087,1742947684
3136,1,1742941389,1742946379
2988,2,1742942023,1742945863
1101,2,1742942936,1742948862
3109,5,1742944024,1742947601
2821,3,1742949886,1742956695
3727,5,1742950784,1742954295
4178,3,1742952489,1742957457
1352,4,1742952548,1742958786
1126,5,1742954668,1742960802
4345,5,1742954828,1742957790
2961,1,1742959248,1742966011
1701,3,1742959249,1742962175
3979,3,1742961973,1742969041
2183,5,1742962812,1742964856
4882,4,1742964501,1742971150
3314,5,1742971038,1742977504
3324,1,1742973164,1742976767
1635,4,1742975026,1742981591
1451,2,1742977425,1742981530
1013,2,1742978737,1742984181
1505,1,1742979546,1742986716
4093,3,1742981598,1742983804
2267,5,1742981993,1742987138
4627,3,1742983508,1742985720
3242,3,1742989099,1742994154
1801,2,1742993768,1742999165
1205,5,1742996374,1743000027
4513,4,1742998913,1743000919
1128,2,1743000259,1743002828
2213,5,1743005088,1743010952
4156,5,1743008840,1743015677
4729,5,1743009236,1743014930
1058,3,1743009759,1743012659
1287,1,1743010675,1743017065
2202,3,1743011194,1743015151
3735,3,1743012603,1743015183
1195,5,1743013651,1743020270
3653,2,1743015187,1743017235
4799,3,1743016894,1743020930
3217,3,1743020372,1743025732
4873,1,1743022696,1743029851
4205,1,1743027402,1743031749
4204,4,1743027698,1743030767
4023,4,1743028382,1743031984
3086,2,1743028923,1743030821
2820,3,1743030781,1743033523
2381,4,1743031077,1743037932
3468,1,1743031545,1743038560
1443,1,1743031805,1743034541
4850,1,1743032742,1743036776
1775,3,1743033052,1743035764
1352,2,1743040481,1743045301
3080,5,1743045318,1743050889
1287,1,1743049138,1743055070
3119,1,1743049396,1743055203
3206,4,1743049429,1743054631
4408,5,1743049557,1743052118
2690,4,1743053189,1743058272
1881,2,1743054780,1743058930
3924,5,1743054940,1743057875
1161,3,1743061957,1743065518
1283,1,1743064611,1743068793
3768,5,1743065703,1743071795
4285,3,1743066717,1743073824
1090,5,1743067414,1743072618
4786,4,1743068410,1743075448
2802,2,1743068746,1743072246
4669,3,1743070857,1743073885
1116,4,1743073336,1743077756
2219,2,1743073373,1743079713
3677,1,1743078348,1743082317
4297,5,1743079467,1743084441
1227,3,1743082740,1743088090
4866,2,1743083045,1743086772
3637,1,1743084625,1743088709
3760,4,1743084925,1743087387
4229,5,1743095224,1743102000
1391,1,1743097539,1743103773
2977,4,1743102117,1743104444
4332,1,1743103696,1743107864
4694,2,1743103931,1743107501
4199,1,1743105289,1743111039
2737,2,1743105719,1743107566
4786,4,1743105947,1743109952
4323,5,1743108946,1743113697
3848,2,1743109045,1743113429
2703,1,1743110980,1743115040
1939,1,1743114258,1743116844
3048,3,1743116111,1743118083
1976,5,1743123703,1743129957
2191,4,1743128665,1743133582
3406,1,1743129589,1743131407
3009,1,1743131119,1743137237
4778,1,1743131339,1743134008
3310,2,1743132279,1743137484
2993,5,1743132519,1743137030
4020,1,1743135512,1743138895
2972,2,1743135686,1743142683
2382,5,1743135722,1743139163
1104,5,1743136714,1743141820
2113,2,1743137363,1743139926
4055,3,1743143391,1743150169
4175,2,1743146223,1743153073
2946,3,1743146223,1743152663
1653,3,1743148698,1743155179
3669,5,1743149423,1743151848
2764,2,1743153310,1743157240
1328,3,1743154868,1743159064
1444,5,1743156390,1743159777
4701,4,1743157147,1743159209
2008,3,1743158107,1743164911
3340,4,1743160348,1743165592
3262,1,1743164843,1743169663
2781,5,1743166123,1743172827
1515,1,1743166736,1743169831
1167,5,1743173046,1743179413
2367,5,1743177447,1743183076
2796,4,1743178610,1743181041
3689,4,1743187294,1743193767
4330,2,1743188558,1743191959
3146,5,1743189663,1743196750
1416,2,1743189868,1743195557
4111,3,1743190890,1743195130
3729,2,1743193510,1743199820
4499,4,1743195909,1743202069
4071,2,1743197034,1743202733
4252,4,1743197183,1743202648
3051,4,1743198208,1743202859
3967,4,1743199839,1743203206
3221,5,1743203706,1743205528
4356,1,1743211659,1743218630
2620,2,1743213817,1743220692
2804,4,1743214180,1743216129
3012,5,1743214738,1743221179
4729,4,1743217649,1743223842
4495,3,1743219677,1743224440
3806,4,1743225304,1743229551
2783,2,1743225513,1743228861
4896,5,1743225656,1743231425
4787,5,1743227473,1743229981
3864,3,1743230530,1743233579
3572,3,1743231663,1743237676
1479,5,1743232697,1743238180
4599,3,1743235209,1743241150
4266,5,1743240620,1743247363
2077,2,1743241240,1743246161
3923,4,1743241450,1743244037
2604,1,1743242931,1743248335
3630,4,1743245468,1743249535
3672,1,1743249969,1743252861
1058,3,1743254205,1743258342
2845,5,1743254639,1743258589
2601,3,1743254681,1743259878
4680,1,1743255175,1743259074
3242,2,1743255244,1743257861
3324,4,1743259034,1743261457
4950,2,1743265937,1743270747
1139,1,1743266055,1743268466
1237,1,1743269185,1743275568
4496,3,1743269560,1743272648
2876,1,1743272602,1743277461
4062,1,1743273528,1743277647
4216,3,1743275254,1743282170
2874,2,1743280541,1743285498
2147,2,1743283943,1743289450
3095,3,1743285253,1743291425
4873,1,1743289369,1743295605
1134,4,1743290367,1743296394
3073,1,1743296386,1743300730
1995,2,1743297507,1743302928
2769,2,1743303788,1743309630
3814,3,1743307296,1743312100
1451,2,1743307825,1743313568
4058,1,1743310255,1743315070
1656,2,1743312397,1743318179
4592,3,1743313265,1743315814
1161,5,1743315750,1743322293
2198,5,1743315984,1743321320
1378,4,1743316509,1743319512
3745,1,1743318288,1743320303
2442,2,1743324649,1743327682
3588,4,1743327584,1743329594
2177,2,1743327609,1743330312
3562,5,1743329772,1743334994
4489,1,1743339187,1743341365
2611,3,1743343880,1743350573
4701,3,1743345116,1743347611
2156,5,1743349447,1743354135
4288,2,1743353801,1743356368
3417,3,1743353951,1743358916
3004,5,1743356498,1743362975
2779,2,1743358615,1743361748
2800,1,1743363222,1743365377
3727,2,1743364938,1743371495
4451,2,1743365791,1743371680
1809,3,1743368001,1743373337
1057,5,1743369476,1743372541
2344,3,1743374833,1743379805
3918,3,1743375027,1743378302
4377,1,1743376653,1743379066
1754,2,1743381940,1743388653
4938,2,1743385154,1743388921
2791,1,1743385435,1743391830
3229,2,1743388592,1743392816
3984,4,1743391851,1743396760
1241,3,1743392319,1743396396
4451,4,1743397282,1743402087
2043,2,1743398004,1743403030
2207,4,1743399390,1743402516
2849,2,1743407687,1743414363
1163,4,1743408101,1743412344
2539,5,1743411786,1743418779
2047,5,1743413116,1743419517
3810,4,1743419215,1743423416
4512,5,1743423136,1743427614
4801,2,1743424034,1743429885
4539,3,1743430894,1743435129
1110,2,1743431090,1743435508
4049,5,1743432335,1743437668
3198,1,1743434753,1743438210
1846,2,1743435402,1743438530
4952,5,1743435989,1743439671
2276,4,1743438909,1743443499
2083,4,1743441178,1743447075
1075,3,1743444194,1743447812
3234,2,1743447021,1743449712
1407,3,1743447029,1743452277
4012,4,1743447778,1743452999
4129,1,1743448181,1743453442
1729,5,1743455849,1743458574
2772,2,1743457507,1743459855
4422,3,1743461990,1743468944
3666,5,1743466843,1743470558
1288,3,1743466894,1743470233
3410,2,1743467172,1743469970
4409,1,1743467374,1743471787
4145,3,1743473446,1743476069
1665,5,1743475907,1743479583
4658,5,1743477269,1743480066
4064,3,1743482170,1743488133
4062,3,1743483411,1743487834
2368,4,1743486100,1743492935
1862,2,1743487723,1743492995
4232,4,1743491136,1743494136
4304,1,1743497071,1743500851
3976,2,1743504268,1743508999
1729,1,1743504342,1743510615
4082,3,1743509453,1743512832
1841,5,1743509474,1743516063
2262,2,1743509830,1743516746
3545,1,1743510654,1743512705
1907,4,1743513177,1743518808
2221,3,1743514339,1743520829
3939,1,1743514557,1743520904
1411,1,1743514915,1743519779
3735,4,1743516623,1743519350
2017,2,1743519183,1743522263
4593,5,1743519559,1743522111
2894,4,1743520911,1743523339
4711,1,1743521448,1743526066
2187,3,1743527683,1743532700
4786,2,1743529136,1743534274
2555,3,1743532732,1743539239
2093,1,1743533492,1743540633
3292,1,1743540388,1743542745
3976,1,1743546380,1743551066
3699,5,1743548446,1743552472
2072,3,1743551498,1743553513
2321,1,1743552313,1743556651
4146,4,1743553153,1743557869
2459,4,1743557211,1743560627
4466,4,1743557261,1743561293
2117,3,1743557766,1743564713
1241,1,1743558958,1743563079
2416,2,1743564446,1743568400
2343,5,1743565941,1743572622
3878,5,1743566254,1743572057
2574,4,1743567480,1743572582
3668,4,1743569675,1743575138
1761,5,1743571190,1743577981
1610,3,1743573793,1743577874
1423,1,1743577835,1743581506
3550,3,1743580054,1743584705
1453,5,1743584357,1743587022
2333,3,1743586390,1743588491
2154,4,1743589637,1743594763
1873,5,1743591728,1743594235
3907,4,1743592765,1743598711
3579,2,1743593349,1743598242
4922,4,1743599078,1743603950
1294,3,1743599272,1743605408
3689,3,1743599640,1743603770
4866,4,1743600440,1743607465
1566,2,1743608410,1743611597
2632,4,1743610977,1743614970
4802,2,1743613344,1743616207
4409,2,1743618277,1743621663
2238,2,1743619040,1743624039
3378,5,1743619515,1743624373
1343,3,1743621542,1743623452
4627,5,1743622401,1743625818
1645,2,1743626185,1743631049
3292,5,1743629628,1743631674
1075,4,1743629699,1743632814
4902,5,1743630640,1743633542
2860,2,1743638022,1743641132
3429,2,1743640432,1743646541
3713,4,1743640863,1743645246
4571,3,1743643327,1743649894
4325,4,1743643330,1743646187
3267,2,1743644765,1743649543
2136,3,1743647774,1743652157
1275,5,1743648124,1743653182
3548,1,1743649798,1743654258
1278,4,1743656303,1743662887
1341,1,1743662778,1743669590
3778,2,1743662849,1743667558
4121,5,1743664884,1743668194
2982,5,1743665454,1743670035
4418,3,1743665645,1743671384
2332,5,1743666166,1743671467
1303,5,1743666725,1743668961
4659,2,1743672149,1743678914
1069,4,1743675690,1743679431
4612,5,1743678139,1743683271
2096,2,1743679515,1743682746
1180,2,1743679925,1743682970
4802,1,1743681389,1743688396
4082,2,1743682628,1743685463
3674,3,1743684757,1743690477
4910,2,1743686366,1743692518
1527,2,1743686579,1743688631
4807,1,1743688160,1743692100
2788,3,1743689075,1743691813
3870,1,1743690963,1743697246
4203,1,1743691539,1743696340
1169,4,1743697279,1743704003
3625,1,1743697440,1743702707
4965,2,1743698583,1743703239
1512,2,1743702971,1743709988
2532,4,1743705622,1743712501
1929,2,1743706847,1743711818
4335,5,1743708290,1743712251
2065,3,1743715434,1743718592
1193,4,1743717258,1743721447
1486,1,1743717842,1743723818
3381,1,1743721662,1743727271
1444,3,1743728272,1743733359
2755,3,1743729915,1743734839
4637,5,1743731409,1743738511
3848,1,1743732277,1743734329
2130,3,1743734804,1743738670
4435,3,1743740922,1743743048
1084,4,1743742093,1743749219
3570,2,1743743045,1743749455
2174,5,1743743254,1743747188
1092,1,1743743340,1743750160
4461,5,1743744444,1743749845
2119,4,1743745932,1743748854
1364,2,1743746345,1743752929
1659,2,1743747658,1743754656
2806,5,1743755751,1743759666
1259,1,1743757639,1743762411
2562,2,1743760061,1743766417
3692,1,1743760408,1743764025
1489,5,1743768354,1743771400
2207,5,1743769259,1743775384
3559,2,1743779303,1743785667
4513,1,1743780996,1743785041
2472,2,1743782115,1743786236
4475,1,1743784962,1743790270
4881,5,1743788505,1743794799
1652,2,1743788637,1743792231
1550,3,1743791305,1743797163
3076,5,1743804341,1743810208
2694,2,1743807896,1743814098
1246,3,1743809105,1743814633
3347,4,1743809647,1743813413
2332,3,1743810172,1743816216
1678,1,1743815389,1743821903
2211,2,1743817606,1743820131
4345,4,1743819007,1743822278
2806,4,1743821059,1743826418
4386,3,1743826347,1743830455
1703,4,1743830148,1743836471
3102,4,1743837214,1743842283
1859,3,1743838764,1743845767
1612,4,1743840213,1743842326
1692,2,1743841536,1743845434
1002,1,1743842367,1743848658
4992,2,1743842880,1743846105
4632,4,1743843960,1743848097
4461,2,1743844507,1743847406
2601,1,1743845688,1743851480
4952,1,1743853822,1743858375
3933,3,1743858125,1743863121
1301,5,1743858545,1743865150
3269,4,1743862698,1743866258
3360,3,1743864765,1743871237
4981,2,1743865780,1743871047
2805,4,1743867553,1743871539
2108,3,1743868374,1743871284
3229,3,1743870442,1743874319
4151,2,1743873522,1743876166
3971,4,1743874445,1743880231
3000,3,1743874651,1743879507
2201,1,1743875991,1743880130
1729,2,1743882406,1743889068
1101,1,1743883597,1743888341
4065,5,1743884005,1743890440
4704,4,1743887201,1743892751
2432,1,1743889465,1743892145
3156,2,1743891953,1743895050
2639,5,1743893237,1743896376
2274,5,1743896115,1743901710
1237,1,1743899712,1743904516
1006,1,1743900285,1743904753
4461,3,1743909707,1743915533
2871,5,1743911041,1743917993
2292,3,1743912383,1743917161
4350,4,1743915705,1743920394
3598,2,1743917335,1743922656
4039,4,1743917578,1743921075
2861,3,1743920619,1743926366
3377,4,1743922591,1743926351
3091,2,1743924187,1743926528
3510,4,1743924266,1743930263
3502,5,1743928345,1743930955
3329,3,1743929171,1743932970
3928,4,1743929197,1743934233
3605,4,1743931011,1743937523
4080,1,1743932771,1743938432
1295,2,1743933651,1743937358
3868,4,1743934060,1743938027
2903,2,1743934627,1743939175
3870,2,1743942499,1743945427
2365,2,1743943470,1743948364
1102,5,1743945940,1743952116
2238,2,1743947633,1743951293
2123,5,1743948397,1743953516
4465,5,1743950060,1743952133
3326,4,1743952827,1743954722
1453,4,1743954211,1743956293
1405,4,1743955786,1743961070
2076,4,1743957604,1743959680
1046,4,1743958300,1743964937
1737,1,1743961761,1743968854
2498,4,1743962283,1743966964
4192,4,1743963422,1743970051
2308,5,1743963689,1743968301
3653,2,1743963698,1743969674
3200,5,1743964771,1743971032
4229,3,1743965849,1743967772
3972,1,1743966650,1743970198
2147,3,1743967132,1743973084
3883,4,1743973004,1743978450
1117,2,1743973160,1743980115
1317,1,1743977153,1743980798
4847,1,1743978784,1743981022
1102,5,1743980160,1743984716
4855,5,1743982686,1743988743
2365,5,1743987747,1743991420
4828,3,1743992837,1743997541
3700,3,1743995951,1744001810
1483,3,1744004826,1744007403
1462,2,1744008258,1744012293
1720,1,1744008698,1744013996
3684,5,1744008990,1744015070
4049,3,1744010655,1744012902
3193,4,1744011535,1744013721
2354,5,1744014156,1744018876
3050,3,1744016448,1744020181
4574,1,1744016887,1744023074
3414,4,1744018831,1744024297
4496,5,1744021673,1744024800
3075,2,1744022967,1744029702
4039,2,1744024495,1744026734
2077,2,1744025235,1744031734
4452,1,1744025511,1744032707
4167,1,1744026143,1744031402
4188,3,1744034336,1744037796
3623,3,1744035380,1744037367
2142,2,1744037655,1744044015
3169,2,1744038524,1744042568
3995,1,1744039093,1744041184
2481,4,1744042923,1744048464
3815,5,1744049716,1744053974
3263,3,1744052493,1744054955
1975,3,1744052509,1744057339
3340,5,1744053133,1744057339
3551,1,1744053958,1744060103
2996,5,1744062006,1744066883
4175,3,1744062598,1744069731
4414,3,1744062924,1744066712
2178,5,1744064607,1744071733
4395,2,1744064896,1744067418
2273,4,1744067432,1744072113
2341,2,1744067652,1744071339
3640,2,1744069267,1744075003
3667,4,1744069908,1744075913
1740,1,1744071411,1744075264
2416,4,1744074815,1744078895
2580,5,1744076352,1744078205
2005,2,1744079769,1744082543
1116,1,1744082096,1744086145
2341,2,1744085149,1744092309
2226,3,1744085650,1744091666
3689,4,1744086014,1744092292
3007,3,1744093110,1744098047
4079,2,1744094447,1744098405
1083,1,1744096673,1744103666
3328,5,1744100823,1744102838
4059,5,1744103503,1744105746
1441,1,1744104592,1744107993
2310,1,1744105876,1744109579
3761,4,1744106080,1744109389
4746,4,1744106288,1744111817
3100,4,1744107900,1744112654
3070,5,1744109554,1744113487
2069,1,1744109834,1744115569
3391,2,1744110968,1744116813
1102,2,1744115038,1744117521
2187,1,1744117288,1744123165
2327,5,1744119680,1744122857
3239,5,1744121803,1744123937
1922,4,1744122458,1744128446
1452,3,1744123679,1744128679
4264,5,1744124364,1744127577
3584,5,1744125935,1744130890
3118,3,1744126756,1744129899
1870,2,1744130391,1744132798
3832,3,1744133226,1744135999
2620,5,1744133406,1744135799
4777,1,1744133950,1744140858
3691,4,1744134303,1744136759
1259,3,1744135996,1744141990
2574,1,1744144833,1744147446
1797,4,1744145635,1744149277
3121,1,1744149821,1744155581
3649,1,1744159652,1744163345
3743,2,1744160708,1744167243
4818,5,1744162446,1744168196
3708,1,1744169434,1744173801
1444,4,1744170224,1744172148
4818,4,1744170783,1744175991
3243,4,1744171057,1744176083
2326,5,1744174125,1744176948
1182,3,1744175455,1744182625
3533,1,1744175473,1744177407
2704,5,1744175996,1744181419
1569,2,1744178148,1744180155
4012,2,1744178150,1744180345
1918,1,1744182046,1744185753
4802,3,1744182603,1744185940
3299,4,1744189363,1744194863
2548,5,1744190756,1744196236
3320,1,1744191385,1744193852
3729,1,1744193111,1744196821
1675,1,1744198135,1744205195
4952,1,1744200974,1744205154
1761,1,1744202106,1744206845
3226,2,1744207230,1744210263
4664,2,1744208238,1744214825
4144,2,1744208547,1744214519
4928,1,1744210017,1744217180
2996,3,1744212699,1744216636
3649,3,1744222107,1744224738
4172,3,1744224111,1744226187
3297,5,1744227498,1744232158
3334,3,1744227984,1744231688
3828,4,1744230181,1744236815
1302,2,1744230751,1744236436
4727,2,1744234191,1744240190
4922,2,1744234670,1744239090
1734,5,1744236157,1744240092
2321,3,1744247686,1744253071
4701,4,1744247840,1744250675
3255,4,1744247977,1744251565
4187,4,1744250950,1744257690
2927,1,1744251653,1744253560
2083,4,1744251972,1744256013
3815,4,1744257265,1744259187
3352,3,1744259024,1744264631
2127,2,1744261363,1744264067
3686,4,1744261365,1744266462
4801,2,1744263849,1744267364
3636,3,1744267991,1744274521
2647,4,1744271946,1744277537
2386,2,1744274110,1744277497
1484,1,1744275149,1744281620
4613,1,1744277314,1744283892
3665,3,1744280226,1744283977
1596,1,1744282101,1744284221
4297,1,1744283865,1744287362
2029,2,1744284889,1744290209
2470,3,1744285284,1744288952
3457,3,1744286300,1744290306
2952,4,1744286313,1744290879
4644,3,1744286693,1744292219
1502,4,1744287573,1744290920
2178,2,1744290875,1744295405
1666,1,1744292943,1744299573
4793,5,1744298043,1744304132
3223,2,1744299947,1744302996
4223,3,1744302327,1744305370
4441,5,1744303123,1744307282
2425,4,1744303773,1744306917
4332,4,1744307178,1744309532
1366,1,1744307265,1744312054
1916,5,1744308157,1744314258
2804,4,1744309694,1744314614
2636,1,1744310374,1744316586
3779,2,1744311988,1744316777
2187,1,1744312358,1744319334
4630,4,1744324360,1744330764
1929,2,1744326142,1744332616
3237,5,1744329408,1744333528
4025,4,1744331272,1744338308
4429,1,1744334156,1744336455
3126,4,1744336221,1744338996
4524,5,1744338113,1744344822
1412,3,1744339763,1744345652
3864,4,1744344087,1744349403
4249,5,1744346604,1744350146
2886,4,1744346952,1744348806
2952,2,1744350806,1744356757
2296,5,1744351671,1744358034
4451,4,1744354766,1744358922
3511,4,1744359445,1744365880
1092,2,1744360912,1744365169
4802,2,1744362086,1744367867
4340,4,1744365140,1744367080
4423,1,1744366392,1744372738
2694,1,1744366864,1744369487
3614,2,1744369831,1744376567
3320,1,1744369882,1744375414
1057,1,1744374284,1744376143
3628,3,1744376456,1744379294
1728,2,1744377744,1744380818
4965,3,1744378036,1744384315
4692,1,1744378089,1744383914
4866,2,1744392798,1744398139
4608,4,1744395579,1744400878
3154,2,1744397200,1744399649
4275,5,1744398443,1744405545
1303,5,1744400633,1744406463
3455,1,1744403819,1744406622
4791,4,1744405365,1744409154
1886,3,1744407958,1744411602
3059,4,1744408563,1744411472
1314,2,1744411163,1744413430
2233,3,1744411293,1744416878
4277,2,1744413317,1744416841
2053,2,1744415342,1744419906
2138,5,1744418180,1744424799
2906,4,1744421306,1744425788
4711,2,1744427272,1744429506
1623,5,1744428270,1744433359
2415,1,1744442398,1744447210
1484,4,1744444206,1744446992
1537,2,1744444323,1744447977
2181,1,1744446172,1744448566
3418,5,1744454380,1744457480
2386,2,1744457078,1744460278
3338,2,1744457253,1744459808
4334,3,1744458419,1744465256
4944,3,1744461005,1744465589
4482,3,1744465325,1744467274
1224,1,1744469147,1744475391
3386,4,1744469294,1744472237
4923,3,1744469337,1744474453
4241,1,1744470268,1744477422
4555,4,1744471240,1744478388
3946,1,1744471843,1744474682
4446,2,1744473283,1744476775
2977,2,1744475240,1744478775
1344,1,1744478193,1744483802
1486,4,1744479545,1744483436
2009,5,1744479554,1744482424
1018,2,1744486131,1744490537
2804,1,1744486757,1744492480
4342,1,1744486954,1744492473
2934,4,1744492109,1744494284
2237,5,1744500396,1744504859
4786,4,1744500396,1744502529
4500,5,1744503088,1744510267
4698,3,1744503407,1744510282
1615,4,1744505122,1744510297
2430,4,1744506682,1744513025
3860,4,1744507160,1744510821
2481,1,1744507945,1744511023
2031,5,1744508553,1744512927
2934,5,1744509800,1744516330
4069,3,1744516843,1744523067
3352,2,1744518460,1744523818
4635,3,1744519537,1744525398
2614,1,1744519676,1744522707
2534,5,1744520520,1744525388
4299,2,1744522890,1744527632
1479,5,1744524084,1744528905
2469,1,1744524124,1744527754
1083,4,1744525198,1744530501
1524,1,1744531787,1744538384
4182,1,1744533476,1744536119
3995,3,1744533879,1744537429
2123,5,1744534664,1744536880
4604,3,1744536665,1744543151
1376,2,1744536987,1744540494
4167,3,1744539541,1744542346
3054,5,1744547663,1744549948
3870,4,1744548686,1744553160
4039,2,1744549223,1744552564
2690,3,1744551910,1744558888
4433,2,1744553530,1744555876
2108,4,1744554700,1744560182
4175,4,1744560241,1744566588
4970,1,1744561716,1744567805
2785,4,1744562053,1744567499
1402,4,1744562743,1744569192
2255,4,1744564016,1744567462
4288,1,1744565039,1744571748
3854,1,1744566160,1744568991
2093,2,1744568234,1744572136
2089,3,1744571311,1744577297
1058,1,1744573283,1744577941
1610,4,1744575918,1744582001
2223,4,1744576261,1744581897
3055,5,1744576322,1744583453
2047,4,1744577121,1744581929
2233,1,1744577133,1744580471
1739,3,1744583227,1744587265
4480,3,1744583645,1744587618
4626,5,1744584387,1744589779
1728,4,1744584592,1744589796
1067,1,1744585446,1744588848
3689,3,1744587793,1744589777
3447,3,1744588212,1744595247
3242,3,1744589722,1744591527
2785,4,1744590223,1744593611
3198,4,1744592891,1744594709
1695,5,1744595198,1744597168
2349,5,1744596584,1744603504
2758,5,1744602612,1744608221
1692,1,1744603909,1744608771
1185,3,1744605478,1744611820
2566,5,1744608463,1744613261
1349,2,1744609765,1744612056
2464,1,1744610141,1744615350
4799,3,1744611894,1744619013
3573,2,1744612937,1744618442
1740,1,1744618376,1744622874
4784,4,1744620565,1744624716
1999,5,1744620850,1744624833
1193,4,1744621697,1744626656
3191,5,1744631409,1744634092
2383,1,1744633393,1744638805
4701,2,1744633750,1744639426
2930,3,1744635203,1744640760
3976,2,1744638120,1744641623
1672,3,1744643030,1744645908
4141,4,1744644608,1744647592
2800,5,1744644989,1744647738
4395,5,1744649582,1744651660
1173,5,1744654172,1744658910
4477,4,1744654965,1744658121
2724,1,1744656018,1744658980
3050,1,1744657651,1744660329
1795,4,1744657965,1744661762
4877,2,1744659680,1744664012
4765,1,1744660680,1744664902
2425,3,1744661408,1744663654
1853,2,1744662896,1744669039
4500,4,1744666858,1744669423
1793,4,1744668463,1744671427
3481,2,1744670627,1744677027
3981,1,1744671509,1744675226
4071,1,1744673644,1744678646
1376,4,1744673902,1744678314
3428,5,1744676083,1744678027
1666,2,1744678848,1744683338
2212,3,1744685809,1744688782
1436,1,1744686248,1744691206
4365,5,1744691142,1744693315
3496,4,1744692262,1744694381
3200,3,1744693086,1744695057
2556,2,1744694052,1744697242
2573,5,1744696516,1744698752
4500,5,1744697500,1744700307
1444,5,1744706405,1744711793
3247,1,1744708062,1744713127
2492,1,1744710978,1744717805
2228,4,1744711648,1744716693
3994,3,1744712522,1744719035
4205,2,1744715204,1744721641
1270,5,1744718182,1744720875
1352,4,1744718202,1744722309
2909,4,1744722852,1744729999
3793,4,1744727799,1744732555
4037,2,1744730713,1744734481
2969,4,1744736394,1744741137
3684,5,1744736908,1744739984
4635,1,1744738625,1744742856
4080,4,1744738895,1744741077
2341,1,1744738965,1744743758
4185,1,1744742621,1744744888
3118,3,1744747057,1744752503
3569,5,1744747117,1744751317
4163,1,1744749597,1744755803
4877,3,1744752723,1744755642
2369,3,1744758256,1744761680
3376,1,1744767055,1744774078
1941,3,1744769270,1744776378
3603,3,1744771190,1744773770
2518,3,1744772084,1744776206
3933,4,1744777390,1744783930
2523,4,1744780151,1744784080
1963,5,1744781810,1744786313
1060,3,1744787893,1744792752
3074,2,1744791362,1744796518
1570,1,1744791946,1744795847
3640,4,1744791961,1744796589
2487,3,1744793850,1744799903
4339,2,1744798051,1744801859
2804,1,1744801968,1744804316
2573,4,1744804514,1744807575
2776,5,1744805229,1744810573
1494,1,1744809881,1744816889
2287,3,1744814626,1744817257
2183,5,1744815209,1744821567
1391,4,1744815646,1744821088
2173,5,1744816441,1744820686
4878,1,1744818445,1744823952
2901,4,1744822912,1744826158
4604,2,1744824476,1744831105
3847,2,1744826080,1744832266
2783,3,1744828302,1744830481
3013,5,1744830279,1744833508
1407,2,1744833057,1744835854
3793,3,1744835246,1744839104
2487,1,1744835439,1744842524
2354,1,1744836739,1744838600
4495,1,1744840242,1744846125
4908,2,1744842026,1744846097
1101,5,1744842187,1744844334
1461,4,1744842918,1744848440
3331,2,1744842925,1744845239
2472,5,1744846265,1744852038
2972,5,1744850456,1744857011
3260,1,1744851671,1744858830
4383,3,1744853919,1744860827
1841,3,1744855729,1744859368
1420,4,1744856681,1744862226
1682,4,1744862869,1744867577
2009,3,1744864218,1744866206
4091,1,1744864784,1744867041
2865,1,1744865428,1744870102
2255,5,1744865571,1744869850
2651,3,1744866603,1744870516
2340,1,1744868550,1744875136
3551,2,1744869598,1744876648
3793,3,1744873011,1744875290
3809,3,1744875699,1744878789
4691,1,1744875863,1744879838
1453,3,1744877315,1744882212
4500,4,1744879825,1744886060
4694,5,1744882470,1744884991
1624,3,1744886415,1744892800
4855,4,1744886709,1744889629
2710,1,1744889277,1744895602
4336,5,1744890004,1744893379
3141,3,1744890269,1744894783
3466,4,1744890494,1744896641
2889,2,1744894042,1744899810
1675,1,1744899883,1744904803
4093,3,1744902722,1744908004
2177,4,1744903795,1744906988
3907,3,1744905128,1744911109
2524,4,1744906485,1744910629
3354,2,1744906783,1744911011
2364,3,1744908038,1744911365
4239,4,1744914848,1744921940
2776,1,1744915246,1744920914
4757,1,1744919014,1744923333
1060,4,1744920476,1744924036
1360,3,1744920700,1744926383
3322,3,1744920855,1744927491
3084,3,1744924611,1744927581
2168,5,1744931322,1744936198
4058,4,1744931539,1744933991
3497,4,1744933173,1744938857
4418,1,1744935171,1744937245
2585,5,1744935732,1744940173
4385,2,1744935810,1744939295
4940,4,1744940596,1744945765
3240,4,1744944930,1744949175
1378,2,1744947958,1744954051
4258,4,1744949033,1744954146
2787,5,1744955455,1744957678
3803,2,1744957054,1744961900
3983,3,1744957578,1744962035
1541,2,1744963823,1744965956
2363,1,1744969821,1744974243
4765,4,1744974787,1744977947
3845,2,1744977948,1744979883
3167,1,1744978182,1744980079
1029,3,1744979560,1744983386
3559,5,1744984927,1744988183
1101,2,1744984957,1744990883
3995,4,1744985422,1744989095
2769,1,1744988779,1744993729
4886,5,1744991116,1744996383
4188,1,1744992025,1744998526
4756,2,1744994708,1744998207
1279,1,1744997138,1745001976
3009,3,1744999335,1745001586
2134,2,1745000903,1745007745
3410,4,1745003834,1745006533
2143,5,1745009731,1745015280
2326,2,1745010039,1745015165
1163,1,1745010943,1745015021
1590,4,1745014721,1745016864
2430,5,1745022513,1745025583
2627,3,1745026467,1745033367
2812,2,1745029773,1745036242
2988,4,1745032000,1745034772
2554,3,1745034883,1745037432
4495,1,1745038620,1745044516
2037,2,1745039300,1745042546
2694,1,1745043101,1745046857
2177,2,1745043618,1745048246
3009,2,1745046635,1745051616
3156,2,1745049824,1745053610
3088,2,1745050019,1745053486
4358,4,1745051463,1745053400
1559,1,1745052706,1745059279
4117,1,1745054602,1745061724
1453,1,1745060246,1745067116
3419,2,1745061666,1745067981
4832,4,1745062429,1745066835
3828,3,1745064383,1745069618
2936,3,1745066078,1745069961
1859,3,1745067606,1745071583
2560,3,1745071792,1745074411
3242,5,1745072601,1745076695
3851,3,1745075337,1745078145
3686,5,1745075711,1745080472
1099,5,1745076577,1745082754
4092,3,1745078989,1745083291
2531,3,1745079137,1745084536
2783,2,1745079652,1745085348
1492,2,1745079769,1745086536
3710,3,1745080060,1745082845
1329,3,1745082156,1745084488
4021,4,1745085687,1745091391
2812,3,1745088359,1745092633
4208,3,1745089103,1745094402
1612,1,1745089771,1745093466
4908,4,1745091702,1745097563
3575,4,1745091869,1745095776
3346,5,1745097959,1745103324
4707,1,1745099287,1745104170
4890,5,1745102686,1745107894
1254,2,1745103745,1745108453
3725,1,1745103793,1745110193
1045,1,1745104271,1745111303
3726,5,1745105554,1745112609
1939,1,1745106753,1745109174
1656,1,1745107670,1745109924
4196,3,1745107783,1745112481
4986,4,1745108532,1745111530
1761,1,1745111757,1745115084
3670,3,1745112223,1745114962
1673,5,1745127310,1745131738
3774,5,1745127494,1745130729
3078,2,1745127601,1745134271
4366,4,1745128501,1745134213
3310,1,1745130590,1745137376
3325,3,1745130741,1745134617
3062,3,1745132368,1745139296
3873,1,1745135179,1745137697
3619,5,1745135324,1745138578
2808,2,1745142079,1745145386
2356,5,1745143598,1745150749
4240,3,1745144725,1745146629
2639,3,1745145370,1745152533
1930,3,1745145690,1745150474
3864,5,1745145830,1745150292
3868,4,1745146254,1745152051
3692,5,1745147551,1745154028
4770,4,1745147696,1745153798
4365,5,1745149338,1745154817
3730,1,1745149528,1745156563
2981,1,1745150564,1745152406
3468,4,1745150969,1745154145
1780,5,1745153688,1745160071
4564,5,1745153764,1745157895
4348,1,1745154294,1745158701
2548,4,1745156573,1745161262
2587,2,1745157252,1745161633
3552,4,1745158075,1745160079
3077,5,1745161085,1745166560
3276,4,1745164361,1745170462
1647,1,1745164414,1745169707
4608,3,1745164475,1745168573
2629,3,1745164658,1745171453
1037,1,1745166596,1745173419
2791,1,1745169199,1745174200
2341,2,1745170705,1745174958
4188,5,1745174703,1745179439
1897,5,1745174894,1745179897
1857,1,1745175942,1745180145
1083,1,1745176921,1745182602
4048,1,1745179684,1745186241
2539,3,1745180634,1745187174
2764,1,1745181332,1745184607
2574,1,1745182167,1745186604
1261,1,1745182952,1745188049
4224,3,1745183029,1745188022
4964,5,1745188736,1745194311
1503,4,1745192060,1745197818
4191,4,1745196735,1745203411
3923,1,1745197690,1745202492
3053,3,1745197825,1745202862
3924,3,1745200075,1745202849
4166,3,1745201613,1745203555
2936,1,1745203390,1745205278
1265,4,1745206114,1745210142
2033,4,1745206440,1745211270
3888,2,1745207741,1745212817
4326,5,1745208064,1745212647
1410,4,1745211127,1745216693
1343,4,1745213090,1745215573
3073,2,1745214756,1745217222
1806,4,1745218433,1745225458
2423,4,1745222307,1745228294
3614,1,1745223732,1745226872
1740,3,1745226876,1745229998
4144,3,1745228520,1745233435
1058,3,1745229887,1745235468
2390,5,1745230826,1745233220
4145,5,1745234403,1745239792
3629,3,1745234650,1745237688
2594,1,1745234916,1745236997
3082,3,1745237026,1745240921
2069,2,1745237715,1745239870
3035,3,1745241719,1745243874
3764,5,1745243332,1745245762
4106,2,1745249526,1745253107
4867,3,1745255226,1745259954
3928,3,1745256664,1745263760
3329,3,1745257034,1745259117
2860,1,1745257830,1745261427
4274,5,1745258531,1745262781
3863,5,1745259171,1745264254
3306,5,1745261471,1745265790
4446,5,1745262402,1745269517
1189,3,1745262442,1745267801
4634,2,1745262573,1745265717
2213,5,1745264024,1745266421
3544,5,1745265769,1745270035
4629,4,1745266638,1745273352
4240,1,1745271281,1745278369
3091,5,1745271428,1745275873
1957,3,1745274065,1745280695
2187,2,1745276992,1745279666
3285,3,1745280675,1745285028
4694,4,1745281131,1745283831
2459,4,1745282197,1745284337
2014,2,1745282302,1745286936
4500,2,1745284103,1745287147
1466,4,1745286675,1745293079
1413,5,1745287175,1745290809
4141,2,1745287703,1745291233
3667,1,1745289275,1745295617
4466,4,1745290141,1745292847
4079,1,1745291777,1745295175
2283,4,1745292649,1745298319
3873,5,1745293716,1745298029
2288,3,1745297659,1745303434
4296,5,1745298156,1745304965
1060,2,1745300496,1745306574
1159,3,1745303125,1745310190
3546,5,1745306441,1745313245
2482,4,1745307012,1745310952
4409,2,1745308153,1745314789
3907,3,1745310704,1745316233
4992,1,1745317015,1745319466
2785,3,1745318295,1745323727
1842,2,1745319815,1745326697
3469,5,1745324614,1745326532
2124,5,1745324983,1745330693
4766,3,1745325203,1745328636
4607,5,1745325217,1745329551
4950,4,1745327995,1745333621
1255,2,1745329471,1745335524
2611,4,1745330402,1745335198
3243,2,1745335229,1745339054
4981,1,1745335339,1745337405
4600,3,1745335430,1745341454
4054,3,1745337704,1745344736
4328,1,1745339173,1745341329
2400,2,1745339813,1745346290
1859,3,1745340646,1745347838
1944,5,1745340708,1745343250
4421,2,1745341834,1745347227
2711,3,1745349179,1745352606
2112,2,1745349298,1745353286
3410,3,1745355979,1745359778
4159,5,1745358332,1745360658
3181,4,1745358415,1745362788
1440,4,1745358604,1745364095
3067,3,1745362200,1745364260
3752,1,1745362707,1745368745
1349,1,1745363247,1745366905
3009,3,1745363307,1745366370
1771,2,1745363548,1745365495
3126,1,1745364822,1745371707
1077,2,1745367105,1745369768
1496,5,1745369307,1745373811
1057,5,1745370493,1745374760
4214,4,1745370786,1745373128
1189,3,1745376164,1745378268
4590,5,1745377122,1745382893
2843,4,1745377130,1745381554
3335,5,1745378132,1745385062
3689,5,1745382465,1745385876
4033,5,1745384547,1745387404
4865,4,1745386130,1745388276
2348,5,1745387534,1745390621
2999,4,1745388952,1745396064
3329,5,1745390007,1745394363
3966,5,1745391054,1745396634
3091,1,1745394137,1745396871
1635,5,1745394303,1745397125
3979,1,1745397479,1745401424
1857,2,1745398222,1745404707
4052,4,1745402005,1745404176
1924,5,1745403640,1745407514
2779,1,1745406702,1745411314
3292,1,1745412646,1745417741
4160,3,1745412824,1745416659
3475,2,1745413539,1745420189
1624,5,1745420331,1745427230
4760,3,1745420412,1745425613
4906,4,1745420590,1745426076
4463,1,1745425740,1745428131
3727,1,1745426330,1745428960
2534,5,1745427903,1745430741
2058,2,1745428113,1745435095
4849,4,1745428397,1745435283
3398,1,1745429203,1745432666
1125,3,1745429277,1745431937
2648,3,1745434055,1745436423
4363,5,1745434778,1745439591
4923,5,1745436596,1745442132
3269,3,1745440683,1745445571
4409,4,1745441823,1745447158
2237,3,1745442402,1745449391
4465,2,1745443021,1745449476
1818,1,1745447235,1745453242
2563,1,1745449135,1745455893
1153,4,1745451925,1745457866
3510,4,1745453046,1745458145
4921,2,1745455442,1745458944
2043,3,1745456666,1745458959
2876,5,1745458526,1745463325
3358,5,1745459150,1745462823
4734,2,1745459162,1745465009
1598,5,1745460488,1745466810
1617,1,1745463085,1745468409
2083,5,1745464062,1745470721
4376,5,1745466739,1745469604
4454,1,1745467693,1745472114
4156,2,1745469940,1745475160
3752,5,1745471690,1745473878
1692,2,1745473505,1745476407
1435,1,1745474721,1745480532
1732,2,1745476999,1745482961
4048,3,1745477808,1745480119
3863,5,1745479616,1745483242
3382,3,1745482778,1745486132
2563,4,1745483608,1745489770
3311,5,1745486237,1745491030
3815,2,1745486426,1745493048
1989,1,1745488776,1745492788
3007,5,1745489098,1745491082
4421,4,1745489232,1745493442
1372,5,1745489335,1745494041
3276,3,1745489725,1745495471
2651,5,1745489738,1745492951
1898,1,1745492874,1745495103
2317,3,1745493514,1745499316
2788,3,1745494121,1745501285
4847,3,1745494288,1745500753
4712,5,1745500236,1745504683
1569,2,1745501015,1745506479
4791,5,1745501158,1745505927
3793,5,1745502059,1745504229
2327,2,1745505366,1745508973
4102,5,1745507518,1745511975
2702,1,1745508095,1745511325
2570,2,1745512378,1745515631
2746,4,1745513084,1745520265
1859,1,1745515111,1745517325
2523,5,1745516763,1745519120
4304,3,1745519497,1745525170
2547,4,1745527386,1745534413
2783,4,1745528244,1745530533
3834,2,1745530659,1745534872
2124,4,1745533569,1745537887
3598,2,1745540412,1745544497
1466,5,1745540739,1745542793
2619,1,1745548616,1745554181
2584,5,1745550367,1745556416
2267,3,1745550403,1745552780
2661,5,1745555067,1745560840
1500,3,1745556548,1745559481
2776,2,1745556561,1745563005
1164,4,1745559332,1745563762
3198,3,1745561961,1745565560
2982,3,1745564074,1745568688
3487,3,1745568794,1745573077
2191,3,1745569126,1745574603
1982,5,1745570292,1745572651
3791,3,1745573734,1745579084
2218,2,1745573855,1745577032
2580,5,1745579404,1745582920
1505,3,1745582513,1745588875
2093,1,1745593127,1745596537
1757,5,1745593518,1745600319
2134,2,1745594015,1745598275
4117,5,1745597922,1745601349
3667,2,1745601164,1745606054
4227,5,1745604435,1745606254
4500,1,1745605799,1745611644
2202,4,1745607308,1745609627
3354,2,1745609358,1745615292
2291,5,1745610647,1745616347
3354,2,1745615604,1745620024
4613,1,1745615636,1745620868
1810,3,1745616499,1745619550
4972,3,1745617848,1745622896
3837,2,1745618935,1745622598
4183,1,1745620907,1745627067
1106,3,1745621000,1745624705
1386,1,1745622112,1745626380
4005,5,1745622599,1745628991
4928,1,1745626874,1745630334
2622,3,1745641334,1745646281
2181,3,1745643246,1745648092
4073,4,1745643581,1745647869
4022,4,1745654181,1745657050
1613,2,1745655226,1745658621
2748,2,1745657264,1745664219
2363,2,1745659048,1745661254
4778,4,1745659279,1745664154
3443,4,1745661855,1745667845
1975,2,1745662118,1745667765
3773,4,1745666281,1745670011
4039,1,1745670911,1745675002
2020,1,1745676197,1745680726
2058,1,1745678244,1745683767
4452,2,1745685221,1745689707
1388,3,1745686790,1745690172
2009,4,1745694475,1745699296
2871,3,1745696447,1745701356
1893,3,1745702487,1745709376
4216,2,1745703986,1745706067
3278,1,1745707104,1745713012
3406,5,1745711870,1745718643
4224,5,1745713765,1745716146
2178,2,1745715662,1745722696
2546,3,1745716801,1745722717
4866,4,1745717151,1745719014
2931,1,1745723249,1745728337
4106,2,1745723945,1745730408
2783,3,1745724056,1745730879
3838,3,1745725494,1745731575
1746,4,1745725526,1745728573
2776,2,1745728326,1745730390
4949,2,1745736924,1745739907
4987,5,1745737186,1745742566
1814,2,1745741020,1745746594
4413,2,1745741510,1745747413
3984,3,1745742508,1745744549
4033,5,1745743268,1745747353
2587,5,1745748494,1745754811
1265,5,1745749047,1745751684
4569,4,1745749375,1745756452
1573,5,1745751120,1745754839
1265,2,1745753209,1745758931
2456,4,1745755518,1745758805
4818,2,1745755782,1745760102
1443,3,1745756459,1745763410
4899,5,1745756587,1745762371
2656,4,1745759510,1745764798
3091,5,1745762599,1745765013
2068,1,1745764300,1745767890
3169,1,1745764449,1745766670
2389,3,1745765086,1745769659
1006,4,1745768211,1745770392
2451,2,1745768532,1745772769
3720,1,1745769241,1745773659
1665,3,1745769548,1745775721
4172,1,1745769722,1745774019
4340,3,1745770275,1745775880
4679,5,1745775840,1745781350
4312,2,1745776679,1745778586
1857,4,1745777879,1745780881
2130,4,1745777954,1745783476
1164,2,1745779744,1745783363
1226,1,1745780646,1745787400
2961,1,1745783201,1745789428
2005,4,1745783399,1745789435
3710,5,1745784643,1745790064
1439,1,1745787905,1745790533
4736,3,1745788486,1745791219
3552,4,1745790579,1745796665
3878,3,1745790905,1745794053
4463,4,1745791384,1745793692
4175,2,1745792221,1745794497
1102,4,1745794575,1745797086
2528,5,1745810447,1745812494
3393,2,1745810688,1745814589
4531,5,1745812385,1745815649
4189,4,1745813048,1745818953
4922,2,1745818962,1745823369
3178,4,1745820786,1745823867
3095,4,1745822134,1745828349
3939,3,1745822436,1745829000
4354,2,1745827491,1745834419
3334,1,1745833417,1745836836
4517,3,1745833486,1745839003
3455,4,1745834356,1745841535
2014,1,1745836059,1745839871
3983,3,1745839812,1745845899
3806,4,1745843710,1745849580
2365,1,1745846017,1745850567
2851,1,1745847701,1745851748
4768,4,1745847935,1745852330
3289,5,1745848851,1745853612
3455,3,1745852305,1745855176
1588,1,1745852938,1745860108
4632,1,1745853070,1745855388
2039,5,1745862235,1745868647
3780,1,1745864802,1745869670
3440,1,1745869845,1745875983
3653,4,1745871682,1745878051
3971,3,1745872389,1745877071
3911,1,1745876157,1745881724
1405,5,1745881517,1745887382
3314,5,1745881674,1745885526
4828,2,1745881949,1745885625
3668,1,1745881961,1745887912
4754,5,1745882241,1745884627
1189,3,1745882501,1745887997
3095,5,1745884236,1745887418
3979,2,1745884347,1745890821
1926,1,1745885437,1745891026
4746,5,1745886224,1745888821
1067,4,1745887342,1745893107
1749,1,1745887627,1745893587
3939,1,1745888189,1745893916
1945,2,1745889082,1745891049
4294,5,1745889967,1745894664
1153,4,1745890930,1745893917
4599,2,1745894446,1745901254
2764,3,1745898528,1745903654
4100,3,1745899836,1745905656
2163,1,1745900107,1745904779
2953,1,1745900671,1745903822
2130,5,1745901985,1745906069
1378,5,1745905245,1745910617
4935,1,1745908750,1745911430
3261,2,1745909309,1745914080
3614,4,1745910276,1745915016
1977,1,1745911309,1745916212
4849,5,1745913253,1745917549
3067,2,1745916138,1745919936
2105,5,1745916781,1745921138
3193,2,1745922490,1745925763
2561,4,1745926739,1745932129
3394,1,1745943509,1745948406
3827,1,1745945967,1745951649
2168,5,1745946450,1745950904
1691,2,1745948456,1745952646
4228,1,1745950988,1745954898
4215,3,1745951695,1745955830
3890,4,1745953160,1745957373
3856,3,1745954233,1745960538
2395,5,1745954277,1745961041
3468,4,1745955945,1745961245
2919,3,1745956234,1745959494
3561,4,1745958753,1745963450
3381,3,1745959347,1745964981
4058,5,1745966001,1745972589
1252,3,1745966950,1745972541
2869,3,1745971398,1745975832
4054,5,1745972545,1745979363
3146,5,1745974179,1745981303
2349,5,1745979549,1745986108
3329,1,1745982858,1745989465
3000,2,1745982914,1745989579
2996,1,1745991747,1745994995
4624,2,1745997913,1746003082
2826,5,1746001144,1746006574
2980,3,1746001539,1746005686
4669,3,1746004912,1746009584
2586,2,1746005261,1746007830
3262,3,1746012339,1746015312
1947,1,1746013521,1746017989
1765,3,1746013900,1746016838
2065,1,1746015437,1746018550
1898,5,1746017442,1746022976
2886,4,1746019533,1746022138
1060,5,1746019763,1746022324
3486,2,1746019905,1746025235
3539,5,1746019919,1746026685
3778,4,1746022027,1746028163
4291,4,1746022368,1746027674
1292,2,1746023271,1746027467
4023,3,1746033268,1746038726
3720,2,1746035247,1746039570
1410,2,1746035331,1746040558
1673,4,1746035783,1746038913
2292,4,1746036309,1746041271
4644,5,1746037657,1746040809
4588,1,1746038847,1746045142
2221,5,1746040882,1746047096
4048,3,1746041937,1746045780
4940,4,1746044606,1746048266
3468,4,1746044669,1746049698
4108,1,1746045836,1746050087
4146,1,1746046835,1746053492
1709,1,1746047030,1746052019
3894,5,1746049092,1746054089
3699,3,1746051965,1746057067
3145,2,1746053401,1746055395
2355,1,1746058588,1746062602
4619,5,1746061508,1746066052
3142,3,1746064188,1746069693
2338,5,1746065378,1746072269
1357,5,1746065391,1746068813
4957,1,1746072003,1746078113
1224,3,1746075545,1746081874
1357,3,1746079075,1746085485
1278,5,1746079985,1746085751
1278,5,1746080474,1746085185
3200,1,1746081248,1746087281
3007,4,1746082398,1746089162
1517,3,1746083137,1746087494
2690,5,1746083923,1746086726
3879,2,1746085895,1746088946
3544,1,1746088634,1746095293
2416,3,1746092790,1746099122
1003,4,1746093364,1746098909
2272,3,1746095991,1746102462
3677,5,1746097935,1746103669
3890,2,1746101119,1746104245
4136,1,1746101568,1746104605
2776,2,1746103096,1746109199
1496,4,1746103872,1746105836
4950,4,1746107041,1746112103
2390,5,1746107524,1746112667
2139,2,1746109095,1746111810
3937,4,1746109939,1746111857
4145,1,1746110106,1746112191
2378,3,1746112869,1746118203
3468,3,1746115288,1746119848
3551,3,1746115486,1746121120
4343,5,1746116077,1746122254
1728,5,1746116489,1746122628
2598,5,1746117001,1746121038
3186,1,1746120671,1746126442
3016,2,1746121802,1746123955
4421,2,1746124424,1746130042
4574,1,1746126322,1746132442
4356,3,1746126734,1746133416
2226,2,1746128554,1746131907
4572,2,1746129036,1746131649
2265,5,1746130890,1746137317
2005,3,1746135199,1746139550
4218,2,1746143036,1746147426
3186,5,1746146278,1746152201
4552,3,1746148125,1746153699
2843,4,1746151603,1746154013
1876,4,1746152662,1746159702
1870,2,1746153060,1746156211
1573,5,1746157002,1746162071
1920,5,1746157045,1746164106
4448,1,1746157295,1746159515
1623,5,1746159914,1746164769
2355,2,1746160590,1746162724
2705,5,1746161553,1746168059
2236,3,1746165092,1746167514
4630,5,1746169078,1746173786
3819,5,1746171688,1746177085
1083,1,1746172084,1746177756
4266,1,1746172829,1746175883
1078,3,1746178807,1746182420
4779,1,1746183957,1746187956
2164,1,1746184033,1746188102
4086,5,1746185755,1746188097
1324,5,1746188623,1746193376
2678,2,1746189152,1746192548
2703,1,1746189271,1746194488
2124,2,1746190419,1746195119
2412,2,1746191634,1746198054
2117,2,1746192064,1746195338
3232,4,1746193288,1746198101
2957,4,1746195911,1746202726
1929,2,1746196277,1746201377
3467,3,1746196590,1746198710
4085,3,1746198028,1746202125
1776,4,1746201980,1746208347
2278,3,1746204607,1746208789
4365,1,1746205814,1746210155
2528,5,1746207965,1746215091
4716,3,1746208040,1746212999
2902,4,1746210496,1746215250
3868,5,1746212584,1746218354
3960,5,1746213823,1746217069
4373,5,1746217622,1746224085
1783,2,1746218688,1746221887
4426,5,1746219541,1746226036
4500,3,1746219685,1746224418
4092,5,1746220767,1746225062
4603,5,1746223466,1746227798
4952,1,1746227047,1746233745
2325,5,1746228267,1746233710
4456,3,1746229544,1746236141
2187,1,1746231169,1746236430
1529,2,1746231411,1746236556
3226,4,1746231882,1746236805
2307,4,1746233384,1746236409
4054,4,1746233809,1746236442
3684,4,1746234626,1746236947
2727,1,1746238269,1746242604
2779,3,1746239409,1746245855
4003,5,1746239514,1746241968
4711,4,1746241315,1746247161
4726,4,1746247453,1746254256
3641,5,1746247787,1746252571
3976,3,1746249469,1746255123
2431,4,1746250341,1746254829
3443,2,1746250447,1746255556
2464,3,1746253668,1746260692
1068,1,1746254941,1746257538
4421,5,1746256236,1746263229
3279,1,1746259448,1746262805
1930,4,1746259790,1746261768
1052,2,1746263871,1746267597
1077,1,1746267049,1746269027
2595,1,1746268148,1746271550
1897,2,1746268258,1746271985
2548,5,1746272788,1746278349
2282,1,1746273086,1746278689
1503,1,1746273284,1746280076
4340,1,1746273651,1746276694
3808,5,1746280127,1746282170
3814,1,1746281307,1746284651
3117,2,1746283404,1746286049
4517,5,1746285898,1746289474
1690,4,1746289025,1746292895
4502,2,1746292116,1746298037
3462,5,1746293208,1746298147
2008,2,1746296973,1746301935
2243,4,1746297355,1746303234
3427,5,1746299682,1746306135
1220,3,1746302490,1746308532
1960,3,1746302683,1746307618
2867,3,1746305671,1746309389
2804,2,1746306094,1746312465
4987,2,1746315454,1746317884
3705,5,1746315938,1746319892
2039,5,1746316455,1746320280
4477,5,1746317785,1746322021
1989,5,1746318029,1746321097
2088,4,1746319628,1746322355
3873,1,1746319763,1746323938
3793,2,1746321506,1746324112
3109,1,1746324597,1746330467
2988,2,1746324995,1746332107
2015,3,1746325107,1746330408
3048,1,1746325210,1746331952
3212,3,1746326082,1746332143
1064,2,1746326331,1746332799
2394,5,1746328363,1746334956
2142,3,1746333129,1746339903
3229,3,1746335266,1746337905
2709,3,1746336089,1746339060
2039,2,1746336999,1746343110
1852,2,1746338067,1746340170
2604,1,1746340764,1746342761
3877,1,1746341574,1746344911
1205,5,1746342960,1746350110
3874,2,1746343480,1746347063
4004,5,1746345134,1746351708
3705,1,1746345189,1746350698
4390,1,1746345438,1746349204
4797,2,1746345526,1746351415
4028,1,1746345897,1746351523
3828,1,1746351102,1746357901
1038,1,1746351215,1746353910
4960,4,1746352540,1746356054
4756,1,1746358384,1746361692
2498,4,1746359598,1746366164
3803,4,1746361057,1746364076
2190,2,1746363739,1746367267
3809,4,1746364373,1746366224
1909,1,1746365293,1746368728
4312,4,1746366866,1746369032
4285,3,1746367786,1746370300
1540,4,1746369102,1746373956
2162,3,1746370290,1746373112
3686,3,1746371342,1746374068
1015,2,1746372235,1746377885
2678,2,1746375449,1746380499
4756,5,1746376694,1746380106
3445,1,1746377332,1746380612
4232,3,1746377448,1746381545
1422,1,1746382906,1746388967
4696,2,1746383128,1746385671
4429,1,1746384104,1746391164
4662,3,1746384422,1746387365
1382,5,1746384788,1746389083
4238,1,1746388006,1746390375
2016,5,1746390174,1746393040
4401,1,1746391414,1746398540
2878,3,1746391455,1746393797
2902,5,1746396429,1746403151
3987,4,1746397219,1746401690
4266,1,1746397778,1746399729
3367,5,1746399570,1746403438
4039,3,1746399610,1746403695
1269,5,1746399886,1746402319
1569,3,1746401451,1746408453
3359,3,1746402366,1746409487
3036,5,1746408581,1746414248
2899,1,1746409559,1746411856
1809,2,1746412397,1746419020
1494,2,1746414726,1746418228
1117,1,1746416008,1746421497
1063,3,1746420371,1746426176
1939,2,1746421512,1746427007
3588,3,1746424256,1746430857
3553,1,1746430003,1746435976
4802,5,1746434299,1746437339
4603,3,1746434912,1746439704
3255,4,1746438023,1746440359
1673,5,1746438685,1746443337
1629,4,1746441230,1746445488
3674,3,1746444074,1746446089
3299,3,1746448516,1746455514
2694,2,1746449924,1746451872
4551,3,1746451067,1746457840
2748,4,1746451570,1746456181
3309,1,1746451573,1746456772
3829,1,1746452892,1746458177
2903,2,1746453758,1746459013
1246,3,1746453989,1746458822
3828,2,1746455958,1746458737
2178,2,1746456617,1746458560
1597,3,1746458086,1746462179
3050,5,1746459122,1746462491
3504,5,1746462126,1746464625
1573,2,1746462399,1746465441
2272,4,1746462791,1746468918
3695,4,1746465739,1746469038
1691,5,1746467035,1746471829
1153,5,1746469764,1746473619
1975,1,1746471414,1746475885
2702,2,1746473174,1746475765
2341,1,1746474967,1746477330
3878,4,1746476232,1746478834
4812,2,1746477154,1746480021
1300,3,1746479366,1746484784
4325,5,1746480178,1746483600
4692,5,1746481107,1746483660
2124,4,1746481384,1746486193
3560,3,1746482073,1746487000
1466,5,1746485746,1746492656
2783,3,1746486867,1746491106
1117,2,1746489800,1746494170
2146,1,1746490590,1746497398
2111,3,1746490814,1746497129
3141,1,1746498418,1746502844
4294,3,1746498813,1746503416
2671,5,1746500633,1746506419
4696,1,1746500908,1746504082
1573,3,1746501124,1746502946
2957,5,1746501377,1746503308
2472,4,1746501607,1746505363
2636,3,1746501957,1746508157
2841,1,1746502285,1746506627
3760,1,1746502973,1746508538
2804,3,1746505327,1746509997
1875,1,1746505991,1746509122
4890,3,1746506100,1746513154
4432,1,1746506940,1746510921
1615,5,1746509031,1746515510
2163,1,1746509319,1746514881
3665,5,1746513258,1746516399
4812,3,1746513799,1746520229
2586,1,1746516869,1746519416
4828,3,1746517852,1746522902
2296,3,1746518722,1746523713
2160,2,1746521955,1746527828
1890,1,1746522754,1746524953
2082,3,1746524757,1746531448
4524,4,1746530478,1746534818
2867,5,1746532103,1746534589
3983,3,1746532620,1746538672
1787,2,1746540499,1746543101
1237,4,1746541467,1746545660
4477,2,1746544148,1746549102
4657,3,1746544685,1746548027
1652,4,1746545549,1746551945
3346,5,1746546801,1746552670
4975,2,1746548776,1746555499
2093,5,1746550414,1746552915
3810,3,1746551862,1746555212
4143,4,1746553817,1746557321
4054,4,1746554462,1746559577
3254,1,1746555518,1746560513
3055,2,1746555881,1746562982
2284,4,1746556027,1746562454
3456,4,1746561078,1746567638
1852,3,1746562002,1746568573
3872,3,1746566756,1746569536
3658,2,1746566776,1746571540
4613,4,1746566822,1746571580
2150,3,1746567965,1746572957
3357,2,1746569220,1746572877
3987,2,1746570768,1746575693
2203,3,1746574648,1746581126
3911,3,1746581318,1746587845
3524,3,1746581373,1746588168
3091,1,1746584658,1746587369
3906,3,1746584764,1746588620
4637,3,1746589728,1746596519
3745,4,1746589813,1746593321
1421,1,1746590801,1746597984
3810,5,1746593886,1746598327
4812,3,1746594646,1746597515
3647,1,1746595471,1746599225
2127,1,1746599680,1746601947
3266,5,1746600708,1746607547
1897,5,1746600838,1746603636
2749,1,1746602465,1746607195
1220,3,1746602798,1746605267
1634,3,1746605141,1746608800
3075,3,1746605753,1746611029
1236,5,1746607983,1746612645
4325,5,1746611280,1746614150
2164,2,1746614823,1746618655
4670,2,1746616247,1746618577
4312,5,1746618545,1746621205
1269,2,1746619073,1746623637
1594,5,1746621172,1746623751
1909,2,1746621346,1746625153
2400,4,1746622890,1746627690
2363,4,1746625690,1746629674
2287,3,1746630451,1746633172
1220,3,1746631565,1746634106
4753,2,1746635043,1746637552
2332,4,1746639291,1746644123
3667,4,1746639364,1746645133
2423,3,1746642815,1746647613
2800,3,1746643496,1746646029
1350,1,1746647552,1746650623
1776,1,1746653650,1746656657
2097,1,1746654755,1746658977
4923,5,1746660745,1746667237
2476,4,1746661167,1746667334
1509,5,1746661224,1746666753
4564,4,1746666929,1746669137
1255,5,1746667854,1746672838
1929,2,1746669016,1746672083
4572,3,1746672624,1746677179
3262,2,1746673376,1746679882
4183,1,1746675174,1746681546
3845,3,1746676625,1746680967
1910,2,1746677714,1746683923
4824,4,1746678412,1746683431
4018,3,1746679122,1746684926
4158,2,1746679580,1746682365
3327,3,1746681323,1746684210
2540,2,1746681468,1746685469
1206,3,1746681535,1746684755
2872,5,1746683158,1746687308
4882,4,1746683846,1746687545
3723,5,1746684606,1746688717
4140,5,1746685881,1746691142
4935,5,1746691202,1746693940
3059,4,1746692253,1746696750
1231,2,1746693695,1746698756
1456,1,1746699381,1746701408
2524,5,1746700377,1746703671
3846,4,1746700596,1746704680
1431,5,1746701925,1746706975
4020,3,1746702049,1746706256
2574,2,1746703181,1746706006
2921,3,1746705205,1746711173
3456,2,1746705919,1746710196
2321,4,1746706505,1746709862
3047,4,1746708250,1746714468
2540,2,1746708651,1746713496
3553,4,1746709040,1746711159
1869,2,1746711273,1746715538
2528,1,1746711341,1746714094
1977,3,1746714747,1746717955
2047,1,1746714824,1746719895
1785,1,1746716394,1746721230
3297,3,1746719864,1746723374
3982,5,1746719931,1746725970
2588,2,1746719933,1746723103
2195,4,1746720284,1746723156
3352,3,1746720504,1746724178
4376,4,1746723601,1746726038
3325,3,1746726766,1746731836
1634,3,1746727680,1746729909
1003,5,1746728343,1746731480
4770,5,1746728816,1746732535
3736,2,1746730134,1746734448
4174,4,1746730511,1746732589
3710,5,1746733027,1746735631
3626,1,1746735585,1746737985
3017,3,1746736753,1746741523
1317,3,1746738434,1746742395
1329,2,1746740763,1746743825
1479,1,1746744321,1746751195
3377,4,1746744881,1746750004
4287,5,1746745309,1746748301
3996,4,1746745349,1746750964
3276,1,1746750037,1746752933
2724,3,1746752669,1746755626
1383,2,1746757280,1746759948
3528,4,1746757624,1746763688
4004,5,1746762970,1746766664
1874,2,1746776892,1746780396
2745,1,1746778444,1746783168
2165,1,1746786330,1746789717
3256,4,1746789962,1746792419
2523,4,1746793486,1746795462
2515,5,1746793562,1746797220
3520,5,1746794797,1746798272
3699,1,1746796119,1746799533
2570,4,1746796285,1746803259
3726,3,1746798756,1746802141
1527,5,1746802894,1746805978
3524,5,1746803210,1746806712
3226,3,1746804364,1746809630
3829,4,1746808795,1746810880
3524,4,1746809396,1746812025
2077,1,1746811738,1746818690
1938,4,1746817778,1746823398
3745,4,1746819965,1746826045
4177,4,1746823598,1746828938
4445,1,1746824490,1746828557
2548,5,1746824782,1746831393
2568,2,1746824935,1746831304
1383,5,1746828291,1746834910
1185,3,1746828956,1746834899
4298,5,1746829458,1746832958
3237,1,1746829657,1746836602
4635,3,1746829951,1746832068
3131,3,1746831235,1746837630
4193,2,1746831395,1746837513
2064,5,1746831438,1746837135
2806,4,1746832576,1746837692
4500,5,1746832817,1746834798
2059,3,1746836734,1746842277
1725,4,1746836742,1746841923
3331,2,1746838370,1746840791
1492,4,1746841070,1746843444
1461,3,1746841903,1746847848
2059,1,1746844140,1746846630
3843,1,1746846178,1746852702
2520,5,1746847007,1746852160
4647,4,1746848403,1746852897
1615,2,1746848896,1746853605
4841,2,1746849465,1746852574
1725,3,1746850360,1746856134
3487,1,1746853313,1746859000
2473,4,1746854019,1746859734
4166,3,1746859031,1746865807
2884,2,1746859280,1746861583
1328,4,1746860350,1746862598
3847,2,1746860748,1746862868
2276,4,1746862241,1746864482
2110,4,1746863450,1746868080
2908,3,1746868839,1746874564
3878,5,1746870244,1746876976
2226,5,1746877863,1746883401
1072,1,1746878208,1746883361
2901,5,1746879934,1746883438
4831,5,1746880871,1746886858
1797,3,1746886439,1746890206
2573,2,1746888235,1746891735
1768,2,1746888663,1746892807
3306,3,1746889823,1746892813
3460,2,1746890405,1746892952
4317,2,1746891043,1746897125
2849,2,1746891446,1746897301
3588,4,1746892847,1746896003
2902,4,1746893200,1746895675
3804,5,1746893902,1746900127
4698,2,1746895216,1746901136
3725,3,1746896041,1746899991
4166,4,1746896121,1746903316
1042,5,1746896259,1746899320
1068,3,1746899913,1746902437
4037,3,1746906156,1746910257
3007,1,1746907652,1746914300
3028,2,1746910550,1746915727
1416,2,1746916049,1746918411
3674,2,1746916906,1746919058
4907,2,1746917252,1746921699
4178,5,1746918533,1746924280
3497,5,1746920646,1746922504
4870,5,1746926250,1746929426
3883,2,1746927373,1746930876
2594,4,1746927607,1746934465
4335,5,1746934016,1746939742
4902,1,1746935529,1746940568
4779,5,1746936524,1746941489
3023,1,1746937075,1746941098
3903,5,1746937680,1746942222
3810,2,1746944273,1746949920
1975,1,1746945031,1746952047
1330,2,1746946878,1746953588
4466,3,1746949007,1746952111
2779,5,1746953899,1746958772
2364,3,1746954530,1746960420
1283,4,1746956487,1746959696
1130,2,1746957225,1746960558
3081,3,1746957377,1746962666
1342,4,1746966485,1746973070
2064,4,1746970218,1746973656
1013,4,1746976023,1746982495
4637,1,1746976702,1746978663
4597,4,1746978011,1746980875
2039,3,1746987643,1746991282
2547,4,1746987693,1746993041
1771,1,1746987928,1746989832
1224,2,1746994179,1746998879
1461,1,1746997031,1747001807
4746,3,1746997330,1747001198
3463,1,1747003238,1747006700
2745,5,1747006613,1747008584
3903,2,1747010262,1747012901
4180,5,1747010706,1747014527
1068,2,1747012329,1747016020
4148,3,1747012870,1747018276
3431,2,1747015605,1747022347
2430,4,1747020577,1747023607
4108,4,1747023028,1747025975
3398,3,1747026691,1747031134
4869,4,1747027327,1747033918
3382,1,1747031509,1747035441
2526,3,1747036113,1747039406
3856,4,1747043458,1747045642
1167,4,1747045520,1747051748
1369,4,1747048307,1747054403
2769,5,1747049151,1747051246
3393,5,1747049364,1747051491
1845,5,1747050970,1747053737
3420,5,1747054707,1747061785
1507,4,1747057207,1747062473
3546,1,1747057251,1747064275
2820,3,1747058879,1747062540
3377,4,1747059890,1747064328
4035,4,1747061724,1747068120
3877,5,1747062408,1747066681
4106,2,1747063938,1747070744
3431,2,1747066519,1747068909
1652,3,1747066527,1747069798
1829,5,1747072255,1747078138
1275,4,1747075854,1747082053
2967,1,1747077975,1747085068
4901,5,1747079825,1747086996
4466,3,1747081190,1747087126
1185,4,1747081752,1747085344
2029,4,1747082909,1747089158
4727,5,1747084365,1747090385
3551,1,1747087084,1747089113
3899,2,1747087162,1747091659
3422,1,1747088388,1747092343
2124,2,1747089242,1747091141
1402,3,1747090275,1747093583
4626,3,1747093237,1747095574
3372,5,1747095281,1747100458
1299,1,1747098045,1747103209
4765,2,1747098088,1747104911
4906,3,1747099887,1747103992
4102,3,1747100114,1747102902
2627,1,1747102350,1747109336
2802,5,1747104073,1747109819
4059,3,1747105800,1747111558
2349,5,1747106887,1747112813
2548,4,1747106892,1747113628
1909,1,1747109204,1747111068
2307,2,1747109773,1747116422
4819,5,1747112699,1747117637
2994,2,1747113870,1747120892
3186,2,1747119740,1747122818
1767,5,1747121218,1747126066
4039,1,1747128007,1747132256
3860,1,1747129528,1747134589
1324,5,1747129937,1747133050
1006,3,1747130265,1747133936
1701,1,1747131897,1747135093
3234,5,1747132195,1747134086
2608,5,1747132566,1747139214
2492,5,1747133395,1747140496
4534,2,1747134161,1747139818
1769,3,1747135630,1747138162
2168,5,1747136718,1747139729
1573,2,1747137282,1747142436
3777,5,1747143518,1747146976
4294,2,1747144710,1747149643
3048,3,1747145199,1747148900
4197,1,1747148633,1747152999
4001,1,1747150633,1747155783
3641,3,1747152136,1747157781
1407,4,1747153787,1747156447
4972,1,1747153811,1747157897
2574,5,1747154874,1747159279
1026,3,1747158517,1747161388
3711,3,1747161342,1747164245
1053,5,1747170373,1747172864
3803,2,1747170812,1747176411
3579,3,1747175068,1747182021
2364,4,1747175701,1747177948
3292,2,1747181928,1747188549
1279,4,1747182246,1747189091
2966,2,1747185084,1747187654
2365,5,1747185966,1747190033
1857,5,1747189889,1747195532
1377,1,1747193529,1747198165
2763,1,1747193594,1747198759
4819,5,1747195178,1747201823
2136,5,1747196816,1747201970
4588,2,1747199988,1747205206
1624,3,1747200018,1747203348
3363,3,1747200250,1747204123
4716,4,1747203838,1747208708
4659,3,1747204763,1747211640
3995,5,1747206603,1747209298
4935,4,1747209664,1747213414
1444,3,1747210235,1747215700
2530,4,1747212122,1747218423
4172,3,1747212544,1747216686
3254,2,1747212981,1747217620
2798,2,1747213694,1747217947
2213,4,1747218316,1747222616
4517,4,1747218746,1747225046
2525,4,1747220508,1747225992
3406,5,1747224101,1747230761
1296,1,1747224417,1747229726
1612,5,1747224815,1747230571
1818,1,1747226275,1747229669
2482,2,1747227197,1747230733
4663,4,1747229757,1747233257
4818,2,1747230629,1747236859
1216,4,1747233864,1747237848
4101,3,1747234528,1747236798
3897,1,1747236069,1747240186
2940,3,1747236871,1747243865
2184,3,1747240251,1747244961
4110,2,1747240632,1747243093
1134,5,1747242063,1747244340
2108,4,1747244634,1747249258
1169,1,1747245050,1747247679
3277,3,1747254316,1747256519
1587,1,1747254828,1747259822
1013,1,1747261662,1747268534
2383,3,1747265454,1747267794
4019,3,1747266948,1747273657
1930,3,1747268779,1747271993
3314,1,1747269560,1747272976
1301,5,1747272697,1747278667
1046,3,1747274443,1747277698
3894,5,1747279976,1747281882
1598,1,1747281520,1747286332
2142,4,1747282783,1747286322
1158,3,1747285366,1747290008
4271,2,1747285775,1747290237
1529,3,1747290379,1747294253
3292,5,1747291345,1747297181
2344,4,1747291479,1747295568
3119,4,1747291651,1747297570
1099,2,1747292049,1747296526
3973,4,1747293459,1747300598
2146,5,1747294309,1747298106
4801,4,1747295732,1747298660
1173,5,1747299148,1747301008
1988,1,1747300343,1747305845
2469,5,1747302448,1747309612
2845,5,1747303314,1747306451
4351,3,1747304380,1747306942
2573,4,1747304533,1747309904
4294,5,1747305094,1747310611
3986,2,1747305543,1747308964
2415,4,1747306324,1747309884
1845,5,1747308042,1747313246
3858,4,1747308999,1747314650
3221,3,1747313158,1747316076
4425,4,1747313729,1747317919
3463,5,1747321852,1747326236
2400,1,1747322937,1747330102
4100,1,1747324361,1747329689
3349,3,1747325775,1747330122
1364,1,1747325898,1747332206
1692,1,1747327341,1747332145
2117,3,1747331470,1747335080
4082,1,1747332882,1747335476
1078,5,1747333213,1747339140
4950,5,1747333494,1747338517
4236,2,1747337291,1747342727
1549,3,1747347201,1747353627
2812,2,1747351156,1747353853
1077,5,1747351485,1747355546
4553,1,1747352233,1747356078
4098,1,1747355360,1747359904
3381,1,1747356842,1747363805
4465,3,1747359012,1747364237
3406,4,1747359582,1747363864
4240,1,1747359750,1747362264
1769,2,1747360981,1747365948
2221,4,1747365428,1747371831
3983,3,1747368178,1747371031
1839,3,1747368858,1747372585
2484,1,1747369644,1747376343
3248,5,1747374229,1747377951
4466,1,1747374856,1747380459
1130,3,1747379217,1747383039
2934,3,1747379988,1747387181
2542,2,1747380131,1747385094
1436,5,1747380199,1747386875
3317,2,1747380619,1747384161
1353,3,1747381251,1747386673
4869,2,1747382090,1747388489
1130,5,1747387198,1747392327
3153,3,1747387589,1747391109
3937,2,1747390904,1747397857
1798,1,1747391424,1747397068
2927,1,1747392452,1747396658
3262,3,1747395893,1747400512
1018,2,1747397356,1747402618
2547,1,1747397929,1747402851
2788,4,1747400501,1747406229
4055,4,1747400818,1747405858
1893,1,1747403803,1747410172
2545,3,1747404299,1747410292
3760,5,1747405097,1747410473
3273,2,1747408704,1747413200
3837,1,1747408992,1747411552
3659,1,1747411206,1747416533
3431,4,1747413609,1747418228
2805,1,1747414076,1747418095
4972,4,1747418343,1747420959
3540,3,1747419168,1747425678
2701,4,1747420794,1747422976
3551,2,1747424545,1747426886
4630,2,1747428048,1747434667
4021,2,1747433906,1747438077
3377,5,1747436254,1747441645
3262,1,1747438925,1747444184
2576,2,1747440731,1747442899
4524,1,1747441346,1747445296
3119,3,1747442436,1747446470
1394,4,1747443501,1747446256
1893,5,1747447596,1747454681
4288,4,1747450309,1747455456
2814,1,1747450758,1747455289
2980,1,1747450830,1747454600
1683,2,1747452287,1747457434
1672,1,1747458732,1747460537
4025,3,1747461798,1747467724
4159,4,1747466044,1747468444
2967,3,1747467313,1747471149
1982,3,1747468582,1747474871
2886,2,1747470505,1747472444
1567,3,1747471047,1747474753
2743,4,1747472157,1747476217
3694,4,1747472628,1747478316
4678,1,1747475942,1747478536
2699,3,1747477309,1747483014
4110,1,1747482875,1747489815
3239,3,1747485168,1747490775
1216,4,1747487554,1747493664
4950,4,1747488922,1747496022
2097,1,1747489306,1747494307
1597,1,1747489580,1747492742
4227,3,1747494383,1747498632
1357,4,1747494776,1747499923
3218,4,1747495027,1747500915
2051,2,1747498001,1747504230
1990,3,1747498535,1747503591
4237,3,1747501413,1747504798
2717,4,1747508062,1747515022
3732,3,1747512074,1747518191
1580,1,1747516329,1747519045
3081,4,1747519363,1747522650
2332,5,1747520073,1747524291
2048,3,1747520758,1747526485
1628,1,1747523090,1747528976
2186,2,1747525840,1747530907
3243,4,1747526415,1747529482
3877,1,1747527800,1747534350
2981,2,1747527840,1747530825
4421,5,1747527944,1747534108
3334,4,1747537129,1747543414
2639,5,1747538856,1747543773
2273,1,1747539356,1747543050
1798,4,1747540868,1747544649
1300,5,1747541223,1747545330
2966,4,1747543827,1747548934
2016,3,1747546572,1747552966
4284,2,1747549868,1747553378
4028,3,1747550466,1747554616
1466,1,1747551896,1747556526
2005,2,1747552649,1747555869
3117,5,1747553006,1747559640
1938,2,1747553504,1747559475
3181,3,1747557747,1747560216
2464,4,1747560417,1747564624
4534,1,1747561648,1747565963
2283,5,1747562380,1747567874
3575,5,1747563556,1747569727
2871,3,1747563944,1747568414
4167,2,1747565654,1747569597
2236,1,1747567277,1747569699
3038,5,1747567311,1747573891
2524,1,1747575284,1747577241
3756,1,1747578752,1747584330
4418,1,1747579480,1747584622
2363,2,1747580701,1747584266
2872,2,1747586666,1747592897
3091,5,1747587469,1747593118
2559,4,1747590435,1747597260
2699,2,1747590584,1747597580
4339,5,1747590753,1747593415
1050,1,1747598565,1747605748
3894,3,1747600419,1747605726
3732,5,1747601109,1747603466
1490,5,1747601484,1747605477
3976,2,1747602857,1747604764
4430,4,1747604002,1747609301
4922,4,1747609295,1747611846
2353,2,1747610277,1747614658
3446,1,1747612111,1747618689
1103,4,1747615935,1747620932
3856,1,1747616080,1747621742
1873,2,1747620901,1747625933
4743,3,1747622200,1747626991
2154,3,1747622664,1747629853
2063,3,1747630966,1747635074
4823,5,1747631929,1747638466
2073,3,1747632596,1747638225
3665,5,1747640607,1747646826
3778,5,1747643508,1747649086
1943,2,1747647412,1747649221
1580,4,1747647668,1747650712
2164,3,1747648286,1747653874
2930,5,1747648657,1747651514
4905,1,1747648848,1747655956
2083,3,1747651076,1747657141
4802,1,1747651218,1747653619
4481,4,1747656235,1747661084
3530,4,1747657763,1747662505
2444,4,1747658861,1747663059
4824,2,1747660011,1747662555
4757,4,1747661231,1747664933
3163,5,1747661562,1747667324
1622,5,1747663899,1747667432
4793,2,1747667354,1747671924
3081,2,1747673929,1747677018
1541,1,1747675395,1747682446
3570,1,1747676272,1747681335
3693,4,1747676613,1747682252
1986,2,1747679031,1747685432
1624,5,1747679929,1747686038
4060,1,1747680312,1747682719
4092,2,1747680404,1747687533
3067,2,1747680755,1747683723
1220,2,1747683742,1747689416
1214,1,1747685482,1747688483
4793,4,1747687264,1747690956
2041,2,1747688051,1747695154
2047,2,1747688633,1747690510
1361,1,1747688936,1747695653
4928,3,1747690038,1747695044
3382,5,1747691863,1747696155
1632,2,1747694489,1747699754
1831,1,1747694865,1747701000
4791,5,1747697251,1747703551
1673,5,1747697423,1747701848
1394,4,1747697897,1747702550
4944,4,1747701467,1747704541
2410,5,1747702098,1747705675
1277,4,1747702379,1747707820
1167,2,1747703431,1747705816
2701,4,1747705389,1747708795
1349,5,1747705604,1747707881
4831,2,1747709831,1747714354
2980,2,1747709945,1747713713
4607,5,1747710690,1747712533
1117,3,1747711237,1747714641
4520,3,1747712009,1747716756
3573,4,1747712513,1747714724
1573,2,1747716000,1747721839
2846,3,1747717304,1747722407
2340,5,1747720840,1747724869
1007,4,1747720842,1747724939
1447,4,1747729247,1747735108
3267,2,1747731053,1747734571
2348,2,1747732920,1747740055
1814,2,1747733357,1747735453
4603,2,1747734453,1747741534
4869,1,1747735683,1747742825
1165,4,1747736626,1747743494
4849,1,1747737161,1747740836
4330,1,1747739269,1747741129
2788,1,1747742223,1747745983
3561,2,1747744453,1747751438
3339,4,1747744655,1747750289
3209,1,1747746729,1747748927
4213,5,1747748172,1747750046
4851,3,1747748486,1747754706
4874,2,1747752313,1747755475
2681,5,1747758060,1747764674
1042,3,1747758987,1747765690
3700,4,1747762126,1747768980
3979,4,1747762190,1747766131
1150,1,1747763475,1747765668
1855,4,1747765180,1747772319
1487,1,1747766278,1747769239
2643,2,1747768727,1747773197
2724,1,1747769489,1747772126
3076,3,1747773291,1747778120
3801,3,1747774226,1747777168
1844,5,1747781539,1747788608
4824,3,1747782971,1747786004
2869,4,1747789563,1747792856
2021,2,1747791080,1747797562
2059,1,1747791530,1747796126
1078,3,1747792770,1747796599
4593,3,1747795656,1747799228
1719,1,1747798721,1747803249
1529,5,1747800816,1747804087
2790,5,1747802287,1747805132
4214,1,1747803897,1747806670
3200,1,1747808097,1747814319
1037,5,1747809895,1747811741
1237,4,1747810184,1747816188
4699,2,1747810512,1747813462
2346,1,1747810701,1747816559
2008,1,1747814714,1747816710
4503,2,1747816693,1747818553
2629,5,1747821229,1747825823
4344,1,1747822593,1747828020
2867,3,1747823426,1747825442
2123,4,1747824577,1747826551
1773,1,1747826101,1747831585
3573,4,1747827607,1747829710
3446,1,1747832483,1747836649
4321,1,1747833856,1747835963
4938,1,1747836392,1747841123
4701,2,1747836713,1747841731
4621,2,1747840170,1747843411
2168,3,1747840559,1747845298
1893,4,1747843211,1747848765
4213,4,1747844599,1747851444
2344,4,1747845212,1747847678
1776,4,1747846246,1747848210
1402,3,1747847053,1747850988
1627,5,1747848656,1747855622
1529,5,1747851300,1747853570
2097,2,1747852669,1747858455
3010,4,1747852929,1747856062
2680,4,1747853492,1747856067
2117,4,1747856762,1747860668
2816,2,1747857924,1747862527
4923,3,1747859199,1747865397
1832,5,1747859655,1747862464
4288,2,1747860573,1747864140
1037,1,1747863476,1747867089
1846,1,1747865770,1747868253
4975,4,1747865911,1747873029
4284,1,1747869999,1747872681
4630,3,1747870932,1747875560
4794,3,1747871345,1747877261
1042,1,1747874622,1747878607
4223,3,1747876793,1747882094
3793,4,1747877025,1747880906
4481,1,1747877096,1747879871
3826,1,1747877241,1747882931
4005,1,1747877249,1747883641
3081,1,1747878695,1747881883
3101,4,1747878725,1747882903
2485,2,1747881864,1747886257
1590,4,1747883182,1747887550
3194,2,1747887192,1747891106
2106,3,1747889075,1747892765
2487,4,1747892950,1747894920
2588,2,1747895110,1747899944
4823,5,1747897445,1747900792
1891,3,1747897869,1747902256
3928,2,1747898315,1747900407
2886,4,1747898432,1747901041
4632,4,1747898462,1747901156
2396,5,1747900772,1747903321
2125,3,1747907983,1747911210
4520,2,1747908386,1747913172
4923,4,1747912494,1747919070
4799,2,1747913096,1747916111
3546,4,1747917470,1747919819
3975,1,1747923428,1747925252
2246,5,1747923482,1747929356
3834,2,1747924934,1747930839
1276,4,1747926363,1747932386
2004,2,1747926649,1747932270
1630,4,1747930113,1747933869
1435,1,1747931851,1747934522
3088,1,1747936149,1747939629
3253,2,1747936418,1747938426
1319,5,1747940274,1747946515
4111,1,1747944311,1747946700
3007,4,1747946680,1747952949
4252,1,1747948474,1747954342
2191,4,1747952283,1747955074
3360,4,1747955868,1747957840
2712,3,1747957221,1747963837
2122,3,1747958738,1747962480
1698,4,1747961879,1747967753
3577,1,1747965073,1747970130
1468,4,1747969154,1747974339
2613,5,1747969342,1747973787
4657,5,1747972847,1747978644
2868,5,1747976263,1747982069
2432,3,1747976496,1747980317
2697,4,1747980669,1747985871
2614,5,1747982010,1747985232
1443,4,1747982035,1747984709
3933,3,1747984866,1747989810
2053,3,1747985203,1747990554
4328,1,1747985832,1747989662
4564,5,1747991878,1747994549
1150,5,1747995485,1747997843
4512,2,1747998801,1748005506
3155,1,1748002562,1748005746
3689,2,1748003351,1748008823
2289,5,1748008040,1748011335
3075,4,1748008924,1748011014
3280,1,1748010313,1748014260
3971,2,1748010626,1748013076
1844,2,1748015705,1748022265
2888,2,1748016017,1748021764
3778,3,1748016425,1748021022
3801,2,1748017104,1748023618
2168,3,1748017214,1748020485
3936,1,1748017345,1748023900
3920,1,1748018703,1748025494
2396,3,1748020142,1748024456
3700,2,1748021777,1748024409
2150,4,1748022700,1748025879
2584,3,1748023536,1748026145
1083,2,1748024056,1748027998
3728,5,1748024638,1748030642
4363,3,1748026256,1748030759
3711,4,1748027383,1748034157
4229,2,1748028780,1748035711
4144,5,1748036483,1748042657
3523,4,1748038388,1748044677
1919,5,1748039028,1748041824
4413,1,1748039266,1748045470
3160,4,1748040664,1748044176
1766,5,1748041136,1748046147
2353,3,1748043354,1748048165
3929,3,1748051114,1748053428
2004,1,1748052410,1748058334
3236,2,1748053570,1748057087
2383,4,1748053986,1748058672
4965,2,1748055014,1748057999
2722,5,1748055137,1748058231
2652,4,1748055370,1748057540
3378,2,1748056838,1748063439
2481,4,1748058584,1748061431
2802,2,1748058699,1748061096
4596,5,1748058964,1748064708
1845,5,1748059196,1748062656
3322,2,1748059213,1748064761
3253,1,1748060675,1748066845
4981,1,1748062253,1748068944
1179,1,1748066450,1748069726
4566,5,1748075415,1748078131
3200,4,1748077034,1748080313
1144,4,1748077321,1748079600
1645,1,1748080069,1748082895
1912,1,1748080577,1748086135
1630,1,1748081049,1748084024
4300,4,1748088907,1748092554
2125,1,1748092785,1748099391
3009,2,1748093276,1748099200
3277,3,1748095104,1748099362
4981,3,1748101316,1748106903
1780,4,1748102965,1748106395
4188,1,1748103966,1748107248
4365,2,1748108410,1748111768
1922,2,1748111091,1748117177
2108,2,1748116281,1748118934
1653,3,1748119441,1748123124
3418,2,1748120414,1748126297
2077,1,1748120469,1748126857
4500,1,1748122287,1748127532
3931,4,1748124407,1748126702
4800,2,1748125933,1748131705
2053,5,1748130821,1748135182
2047,3,1748133949,1748140603
2566,5,1748139421,1748142266
1799,3,1748141170,1748144380
3810,4,1748142934,1748148004
2760,4,1748144330,1748149340
3443,4,1748145143,1748150219
1766,2,1748147269,1748153294
2383,4,1748148825,1748152900
2709,1,1748150311,1748154108
2389,4,1748150526,1748153321
2410,2,1748151488,1748158311
3983,3,1748152597,1748155389
2107,5,1748160258,1748166104
4692,4,1748160662,1748162570
4418,5,1748167447,1748173408
4414,1,1748167800,1748173695
4481,1,1748169407,1748175593
1150,3,1748173521,1748179803
3623,1,1748175093,1748179876
2464,2,1748179619,1748181636
3674,2,1748184370,1748186624
2906,5,1748188511,1748191040
3462,3,1748190472,1748196714
3897,4,1748191991,1748196374
3681,3,1748193960,1748199643
4965,5,1748195883,1748202574
3005,2,1748200160,1748205618
1372,1,1748202189,1748208222
3560,5,1748202454,1748206995
3031,4,1748203970,1748210481
1492,5,1748208242,1748212908
2178,2,1748209257,1748214899
4944,5,1748209395,1748216124
1924,5,1748214392,1748221075
2534,3,1748215902,1748221989
3203,5,1748221318,1748223465
1276,3,1748221654,1748226468
2310,2,1748223188,1748225268
3008,2,1748227944,1748234718
2562,3,1748229598,1748234742
4746,2,1748230902,1748238049
1120,2,1748233127,1748235811
3591,1,1748234651,1748237985
2826,5,1748236352,1748240077
4793,3,1748236619,1748242591
4949,5,1748238607,1748245669
2745,1,1748240103,1748242481
3550,5,1748240268,1748245497
3979,2,1748242145,1748244761
4511,5,1748243291,1748245282
2822,5,1748243521,1748245842
4851,1,1748249984,1748253183
1353,1,1748252220,1748258325
4828,2,1748255414,1748257535
1100,2,1748257068,1748259902
3607,3,1748259687,1748262845
2284,1,1748262453,1748264286
4696,4,1748262982,1748266892
2333,4,1748264436,1748269847
4850,3,1748265115,1748271378
4789,2,1748265171,1748269045
4923,5,1748271281,1748275044
4531,1,1748274181,1748277566
4687,1,1748274687,1748276944
2516,1,1748275134,1748279277
1870,2,1748279251,1748284429
2178,1,1748280985,1748287682
2798,4,1748281429,1748285040
1216,5,1748282013,1748285007
2946,4,1748285282,1748287100
3560,3,1748287234,1748294377
2068,4,1748287300,1748293206
3260,5,1748287736,1748293151
1515,1,1748287998,1748291963
1829,4,1748289021,1748293169
2383,4,1748289735,1748292864
4264,1,1748290163,1748293056
2969,5,1748294295,1748300608
2296,5,1748294493,1748296487
3649,5,1748297376,1748301283
4995,4,1748298194,1748302317
3178,2,1748300072,1748302385
2678,4,1748302207,1748306798
3853,1,1748303383,1748309714
4094,2,1748308004,1748310199
4794,5,1748310424,1748313939
2713,3,1748310701,1748314504
1845,3,1748312120,1748315474
3791,3,1748313470,1748316678
4018,3,1748314304,1748318554
1652,4,1748315142,1748317602
4957,1,1748315537,1748322541
3553,2,1748318625,1748322686
3684,4,1748320606,1748322958
3403,3,1748325174,1748327060
2243,3,1748325396,1748331924
2142,4,1748327519,1748332021
2745,1,1748330173,1748332158
1709,2,1748330742,1748335610
1135,2,1748335032,1748340467
1986,3,1748339486,1748341391
2110,5,1748339739,1748342298
2492,2,1748339821,1748345029
1658,2,1748341853,1748348649
4054,3,1748342278,1748349149
2101,3,1748343208,1748345756
1638,3,1748347844,1748351810
4033,2,1748351902,1748355921
3111,1,1748356946,1748360162
3760,3,1748358050,1748360010
4429,4,1748359320,1748361255
4870,3,1748361400,1748368553
1989,3,1748361811,1748365743
3292,2,1748364098,1748368033
2958,2,1748365136,1748370956
4991,1,1748367661,1748374142
4375,5,1748369491,1748375056
3074,5,1748375781,1748380269
4552,5,1748378895,1748383382
2671,3,1748380884,1748386999
1299,2,1748382126,1748384272
3874,1,1748384662,1748391120
4219,1,1748386800,1748391117
3017,4,1748387455,1748393262
4627,1,1748395877,1748399560
3314,2,1748396682,1748399025
1324,5,1748398839,1748405334
3410,4,1748409790,1748411681
2363,4,1748413118,1748419831
4839,1,1748416045,1748418571
1326,1,1748417495,1748424517
2588,4,1748418472,1748424763
1831,1,1748424371,1748426731
1072,2,1748429372,1748433765
2187,1,1748429987,1748435489
4539,3,1748431066,1748435887
2456,1,1748431899,1748434189
3326,1,1748435433,1748437451
3340,2,1748437756,1748439818
3672,3,1748437763,1748439667
4987,4,1748446816,1748452972
1435,3,1748446970,1748448879
1361,2,1748447915,1748450984
4794,1,1748448114,1748450859
2772,2,1748450693,1748454817
3118,1,1748454565,1748457676
2469,5,1748455006,1748458509
3228,1,1748455616,1748460234
3728,2,1748457122,1748460205
1664,3,1748458800,1748462700
1272,4,1748458968,1748464606
4350,1,1748471922,1748477062
2178,2,1748473893,1748478432
4561,4,1748474210,1748480351
1630,1,1748477131,1748484266
4668,1,1748477957,1748483270
4059,3,1748479180,1748481013
1100,5,1748483225,1748489206
3410,2,1748483657,1748488819
1117,2,1748485909,1748490665
3873,1,1748486557,1748491912
4404,4,1748486634,1748488689
1734,5,1748487513,1748491016
2412,4,1748491571,1748498560
2555,5,1748492237,1748495587
2336,3,1748492391,1748497487
4224,3,1748493577,1748496355
2899,5,1748495290,1748497538
2003,5,1748497526,1748501363
3960,5,1748499180,1748503171
2288,4,1748501460,1748507234
1870,5,1748501899,1748505260
1568,5,1748502579,1748509415
3979,3,1748506442,1748510669
4599,3,1748506837,1748511028
3686,3,1748507021,1748513385
1094,3,1748509321,1748514924
2121,1,1748510377,1748512177
2833,4,1748515324,1748520891
1659,1,1748517397,1748520659
2619,2,1748521382,1748527208
1153,2,1748521686,1748527326
3907,1,1748523764,1748530561
1930,1,1748526710,1748533872
3745,2,1748528936,1748533961
2899,3,1748530796,1748537837
1432,4,1748531907,1748535587
2958,1,1748533552,1748540299
3187,2,1748535234,1748542354
4054,2,1748536271,1748540400
2841,1,1748536909,1748542803
1502,3,1748538078,1748543063
3248,3,1748538196,1748540601
3289,2,1748540068,1748545326
1380,4,1748542965,1748549339
2526,3,1748543089,1748545764
2267,1,1748544638,1748551526
1546,2,1748546366,1748549150
4537,4,1748549308,1748554616
4104,2,1748549607,1748556559
3735,5,1748549860,1748552862
4217,1,1748552305,1748555328
4991,4,1748552600,1748555594
4023,4,1748554037,1748556868
3711,4,1748555873,1748561306
4812,3,1748555883,1748559515
4554,2,1748556229,1748562409
1682,5,1748558001,1748564855
2894,1,1748558534,1748562870
1866,3,1748560817,1748566970
3469,3,1748564657,1748568455
1909,5,1748564940,1748569925
2526,4,1748565571,1748569677
1165,1,1748569096,1748573334
1002,2,1748579527,1748584624
2265,5,1748580483,1748586297
2368,4,1748581591,1748588514
2459,3,1748582131,1748587219
3125,5,1748582632,1748588603
2461,1,1748583693,1748585988
1673,4,1748584504,1748590076
4797,5,1748584795,1748590273
1220,2,1748588302,1748591597
2988,5,1748589630,1748594725
2118,3,1748590906,1748594941
1202,2,1748592010,1748593933
3026,1,1748596650,1748602090
4851,3,1748597500,1748599772
1975,2,1748598238,1748604053
2156,2,1748599469,1748603865
3929,4,1748600466,1748603532
4464,2,1748603583,1748606609
1342,2,1748606158,1748611388
1034,1,1748607102,1748612091
2195,1,1748610164,1748617221
4811,5,1748611307,1748614291
1502,5,1748612814,1748616824
3878,4,1748613383,1748618497
2485,5,1748623548,1748626728
3758,3,1748623656,1748629369
3836,2,1748624475,1748629282
1899,3,1748624720,1748629771
3637,1,1748627805,1748631107
4794,4,1748629302,1748634479
3467,2,1748633339,1748636517
4991,4,1748634138,1748640489
2082,3,1748635262,1748640495
3529,1,1748635505,1748637973
4561,2,1748635981,1748642249
1858,3,1748638280,1748643992
3900,5,1748639912,1748644356
2351,2,1748640236,1748643446
3995,4,1748642576,1748648485
4702,1,1748642596,1748647179
3482,2,1748644501,1748650975
4588,3,1748651060,1748655930
2108,5,1748652124,1748655452
3247,4,1748656905,1748661515
2361,3,1748659169,1748661886
4809,5,1748659412,1748663255
2821,2,1748660784,1748665603
4288,5,1748662426,1748669555
3791,1,1748663568,1748667146
2556,5,1748665027,1748669011
4365,3,1748666417,1748668411
1832,2,1748674311,1748679606
3463,3,1748676277,1748682552
3000,3,1748676581,1748682756
2026,2,1748677836,1748681583
2746,2,1748678100,1748681189
4161,2,1748684880,1748689942
2879,3,1748685467,1748689920
4339,1,1748685780,1748688838
4091,5,1748686855,1748690306
4713,1,1748688287,1748690091
2608,5,1748689195,1748693129
3253,4,1748696707,1748700703
2456,5,1748699181,1748701000
1300,2,1748703173,1748708951
4751,5,1748704169,1748708657
2203,2,1748705054,1748712080
4818,3,1748707719,1748710008
1503,2,1748709607,1748711935
2086,1,1748711596,1748713767
2004,4,1748711666,1748713704
1252,3,1748712051,1748715813
4284,4,1748712995,1748717291
2047,4,1748715835,1748722868
2093,3,1748716098,1748723028
4812,5,1748717595,1748721543
3339,5,1748719914,1748722220
3623,4,1748721486,1748727676
4806,4,1748725245,1748729613
3982,1,1748730711,1748736219
4802,2,1748732751,1748739327
3814,4,1748733823,1748739213
3095,1,1748734336,1748736970
4193,4,1748737009,1748740261
4669,5,1748739055,1748746060
4026,2,1748739521,1748745902
1006,3,1748740969,1748744911
4413,4,1748742077,1748744179
4018,2,1748742839,1748744922
4150,2,1748746152,1748751568
1092,4,1748746457,1748750310
1652,2,1748746994,1748752605
3469,1,1748746997,1748752977
4797,1,1748747133,1748750371
3637,1,1748747231,1748754136
1072,1,1748751741,1748757697
2678,1,1748752592,1748757815
1136,4,1748753763,1748760181
1787,4,1748753867,1748756226
1294,1,1748756097,1748760806
1483,5,1748756681,1748763115
1378,3,1748756726,1748760844
2598,2,1748761067,1748764934
1259,2,1748761257,1748767021
1453,4,1748761958,1748765410
4228,1,1748762814,1748767840
2064,2,1748766304,1748769024
2711,5,1748769584,1748776573
4465,4,1748774643,1748777820
4080,4,1748776932,1748780900
3928,3,1748777071,1748780234
2039,4,1748777577,1748780144
3242,3,1748781495,1748786456
2901,2,1748783851,1748786411
3995,4,1748785288,1748791290
3080,5,1748786167,1748788958
2814,4,1748787964,1748790991
1101,2,1748788545,1748794817
1920,1,1748792723,1748798450
3455,3,1748793504,1748798563
4481,4,1748793778,1748799160
1324,2,1748796153,1748798231
3870,2,1748798347,1748801934
1523,4,1748799672,1748806185
2614,1,1748803049,1748809306
3929,5,1748804474,1748809537
1899,2,1748805563,1748811335
3470,2,1748807677,1748814610
2820,4,1748810324,1748812331
4144,3,1748811726,1748818014
2248,1,1748813781,1748820151
4160,2,1748814542,1748818482
3470,1,1748814759,1748818475
2676,5,1748814881,1748820736
1682,5,1748815549,1748817362
2077,2,1748816903,1748819263
2226,1,1748817565,1748823759
4040,5,1748818948,1748821795
2547,4,1748820563,1748824310
2325,5,1748821980,1748827195
4425,1,1748822796,1748829921
2613,4,1748824955,1748826992
1729,3,1748825251,1748829602
2292,3,1748826118,1748828393
2288,5,1748827246,1748832248
1049,3,1748828328,1748832443
3443,4,1748829905,1748834139
1072,5,1748831433,1748836718
2045,1,1748832534,1748839600
4557,2,1748834510,1748840157
2169,5,1748835965,1748842424
3928,2,1748838432,1748841373
1029,5,1748842575,1748848514
2709,5,1748845329,1748850372
1870,3,1748846717,1748852903
1316,3,1748851519,1748856108
4634,5,1748854848,1748861129
4039,5,1748857089,1748861569
2219,2,1748858354,1748861233
1873,5,1748860615,1748865589
1945,5,1748860920,1748865808
4567,1,1748864380,1748870319
1542,2,1748865615,1748872165
4509,5,1748867667,1748869805
3761,3,1748867722,1748873217
4607,5,1748867817,1748871197
2725,3,1748869761,1748874771
4659,4,1748870348,1748874595
2555,4,1748871259,1748876216
3121,3,1748873395,1748878782
1753,3,1748876478,1748882377
4499,4,1748880639,1748884169
4899,1,1748882881,1748886435
3487,4,1748885184,1748891372
4553,1,1748888051,1748892311
1567,4,1748889684,1748896241
2566,3,1748891433,1748898174
1259,5,1748894972,1748897488
1929,3,1748895161,1748900720
4503,3,1748895784,1748901726
1405,3,1748896528,1748899659
2703,5,1748896785,1748899955
2653,1,1748897516,1748900556
1816,4,1748899829,1748906314
4622,1,1748903079,1748905404
3956,5,1748903090,1748906608
2039,3,1748907092,1748911488
1560,5,1748907097,1748909049
2306,5,1748907899,1748913465
1401,4,1748910958,1748916605
3701,3,1748910965,1748914921
2601,2,1748914712,1748918164
1231,5,1748915058,1748916892
3980,3,1748918993,1748923194
3411,3,1748923439,1748926466
4730,1,1748924166,1748928951
2724,3,1748925745,1748928626
1100,5,1748926928,1748933756
2843,3,1748927793,1748930871
4351,4,1748932033,1748934808
2560,1,1748932408,1748935232
2938,1,1748933518,1748938557
3806,1,1748934002,1748940619
1250,4,1748934282,1748938120
4849,4,1748935498,1748938252
4104,5,1748941444,1748945248
2559,2,1748950223,1748954050
1567,3,1748951149,1748953538
1182,1,1748951902,1748955542
4503,4,1748954298,1748958263
3482,4,1748955211,1748959319
3748,3,1748957295,1748963372
1500,4,1748957450,1748964039
2658,1,1748959330,1748963980
2611,4,1748964398,1748971119
3875,5,1748965191,1748969342
1645,2,1748966979,1748972163
3080,3,1748968434,1748972911
2939,3,1748969220,1748974930
3165,3,1748972381,1748977912
2436,5,1748974471,1748977961
2980,5,1748977124,1748979748
3327,1,1748977377,1748979316
2198,4,1748980664,1748982844
1542,3,1748981647,1748985810
3895,2,1748984050,1748988990
3703,5,1748989255,1748995087
1740,2,1748991382,1748996701
4832,5,1748991950,1748998204
1316,2,1748992075,1748994146
2143,4,1748993006,1748997980
2228,3,1748994687,1748998188
1486,5,1748994792,1749001087
4599,4,1748995269,1748999404
1330,1,1748998606,1749003724
3768,2,1749002248,1749008965
1325,4,1749004576,1749011369
4604,2,1749004612,1749008482
4935,5,1749005525,1749010848
3562,3,1749006583,1749009325
4484,1,1749006946,1749014117
2809,4,1749007580,1749014605
3009,1,1749007650,1749011048
3511,1,1749009225,1749015379
2750,3,1749011403,1749015013
3514,1,1749011839,1749014078
3530,2,1749011872,1749016613
3560,3,1749012405,1749018299
3080,5,1749018286,1749020237
2993,1,1749020448,1749026748
3190,3,1749021597,1749026540
3614,3,1749024150,1749026540
4712,3,1749024444,1749030483
4687,1,1749025740,1749028540
2614,4,1749026263,1749031508
1831,1,1749027367,1749029795
4481,4,1749027628,1749032574
2169,3,1749036026,1749042516
1205,3,1749037187,1749044121
2588,1,1749037608,1749039898
3981,2,1749038668,1749044647
2363,1,1749038854,1749042471
1325,2,1749041303,1749046586
3059,4,1749041692,1749048129
3528,5,1749043771,1749049788
2162,3,1749046371,1749050292
2100,3,1749047519,1749049324
3761,4,1749047616,1749052579
1909,3,1749051090,1749055049
1195,4,1749052222,1749054527
1956,2,1749053754,1749057576
3133,1,1749054376,1749060335
3500,3,1749058893,1749063017
4958,4,1749059044,1749061439
4208,2,1749062376,1749065362
2063,1,1749064486,1749068101
1040,1,1749065816,1749070363
1692,2,1749067453,1749071653
2066,4,1749070262,1749076494
2858,5,1749070652,1749075003
1524,5,1749071061,1749075839
1516,2,1749076016,1749078982
1110,1,1749078741,1749082480
4110,1,1749079823,1749084336
4757,4,1749079824,1749085239
4662,5,1749082528,1749085814
4232,2,1749083346,1749085837
1550,1,1749083567,1749088732
2980,4,1749084611,1749089335
3818,4,1749084655,1749090993
4030,1,1749085456,1749089613
2026,3,1749087725,1749093285
2329,2,1749087756,1749093082
1407,2,1749089259,1749093712
1339,4,1749090097,1749094748
3318,1,1749090301,1749094459
2112,4,1749090356,1749093894
4812,5,1749091335,1749095511
2246,3,1749093809,1749098848
2410,3,1749094622,1749098166
4608,2,1749095575,1749099287
2378,5,1749097247,1749102828
3462,2,1749098450,1749100499
2487,1,1749103755,1749107484
1740,1,1749104818,1749109654
2051,3,1749104942,1749111675
3793,3,1749105401,1749109980
1104,3,1749105613,1749108624
3078,2,1749106739,1749113133
4294,4,1749107914,1749113836
4521,1,1749108997,1749111139
2136,1,1749109407,1749112076
3864,2,1749111220,1749113591
2516,2,1749113121,1749119363
1383,2,1749113675,1749115661
4179,4,1749113909,1749120991
2348,2,1749116165,1749122818
2390,4,1749122962,1749124873
4088,4,1749124593,1749130146
1982,1,1749126390,1749128385
2727,5,1749127928,1749130370
1747,1,1749128663,1749131375
3223,3,1749130619,1749133564
3616,3,1749130718,1749132523
3448,4,1749132057,1749136403
3804,1,1749133916,1749140276
2988,5,1749135332,1749139808
3219,2,1749135683,1749140746
2539,1,1749135957,1749142940
2528,1,1749136104,1749142124
1597,3,1749139997,1749146611
2336,4,1749141681,1749145851
1137,3,1749143763,1749147608
2949,1,1749146247,1749148422
4373,3,1749149075,1749151825
1386,3,1749152913,1749155358
2243,3,1749153353,1749157099
1769,4,1749155067,1749156999
4561,1,1749155385,1749159089
3080,3,1749155811,1749158000
1761,1,1749156572,1749161945
1918,1,1749160507,1749165953
3318,1,1749160922,1749163599
2806,2,1749161218,1749163725
2243,4,1749163226,1749167121
3236,1,1749165164,1749167857
3832,2,1749166679,1749171582
3050,1,1749167040,1749173842
2754,4,1749170290,1749176565
2040,2,1749170302,1749176960
4802,1,1749176072,1749181936
1845,3,1749176795,1749183373
2407,1,1749180074,1749182718
1853,5,1749183393,1749188776
4816,2,1749183923,1749188218
1161,5,1749185173,1749191547
3194,4,1749186728,1749189886
2039,5,1749187004,1749190388
4041,4,1749187672,1749190520
3306,5,1749188193,1749191184
2889,1,1749188798,1749191828
4823,5,1749189201,1749192735
3273,5,1749191358,1749196592
1823,2,1749191645,1749196790
2321,3,1749192828,1749195977
3929,2,1749194044,1749198809
2545,5,1749197998,1749200268
2209,1,1749200808,1749203377
4268,5,1749200822,1749206435
4666,5,1749201391,1749204853
1551,5,1749202121,1749208761
4055,3,1749208151,1749210282
3340,1,1749208912,1749214351
2739,2,1749210190,1749216829
2680,5,1749212386,1749218048
1592,5,1749213781,1749215637
2522,1,1749217398,1749223132
4160,3,1749219143,1749222751
2690,3,1749223063,1749226292
1926,5,1749224472,1749227205
1253,3,1749225118,1749228685
2471,3,1749225362,1749229937
4071,5,1749229011,1749234803
4080,2,1749235732,1749240971
4797,5,1749237228,1749239330
2186,4,1749238620,1749241800
4073,4,1749240824,1749242678
1981,2,1749243671,1749246739
1732,2,1749244659,1749251073
2226,3,1749245989,1749249490
2939,2,1749247045,1749253723
3888,1,1749254645,1749259888
4702,3,1749255101,1749261311
2544,3,1749255639,1749258918
1844,3,1749256679,1749260174
1852,1,1749257272,1749261202
2040,5,1749257962,1749260857
3468,2,1749258848,1749265346
2884,2,1749260142,1749264046
1798,1,1749262968,1749269059
3607,5,1749264667,1749269550
2785,5,1749265355,1749268377
1938,3,1749267052,1749269630
3448,3,1749269338,1749272458
3196,1,1749273447,1749278600
2112,1,1749274171,1749277364
2699,1,1749274658,1749280456
3553,5,1749279092,1749284475
3218,5,1749282861,1749288975
2943,5,1749287547,1749290050
3689,3,1749289341,1749291599
2705,3,1749289372,1749291237
1161,3,1749289571,1749296668
1254,5,1749293221,1749295856
2904,5,1749295233,1749297118
3867,4,1749295557,1749300842
1845,2,1749299902,1749303123
1886,2,1749301616,1749306952
1350,3,1749301743,1749304925
1857,3,1749307413,1749313340
1901,5,1749308437,1749310897
2821,3,1749308873,1749310731
3899,3,1749309850,1749313107
1930,4,1749311159,1749313045
1728,4,1749313558,1749320079
2373,1,1749314622,1749317394
3892,5,1749315395,1749320230
1500,2,1749315452,1749317963
1891,5,1749316005,1749319378
4691,5,1749316560,1749319335
3903,2,1749317077,1749320967
3942,1,1749317711,1749321604
2029,1,1749319045,1749326137
1153,3,1749322501,1749325538
2539,4,1749323550,1749328443
1926,3,1749326668,1749331093
2062,4,1749327281,1749330465
4554,4,1749327770,1749334149
3928,3,1749328234,1749332899
3354,4,1749332369,1749335682
1072,4,1749334197,1749340108
1806,2,1749334640,1749340186
2362,5,1749337873,1749343105
2219,5,1749338106,1749340520
4026,4,1749340089,1749342346
1344,3,1749342138,1749345054
4765,1,1749342701,1749345450
3544,5,1749343663,1749348026
1541,3,1749346620,1749353416
2921,4,1749346866,1749352088
4073,4,1749347043,1749351330
1148,4,1749347252,1749349396
3440,3,1749347547,1749351201
1578,1,1749348579,1749351226
2314,4,1749349341,1749354698
4253,1,1749349883,1749355388
4104,2,1749350057,1749356319
2063,4,1749351293,1749354752
3623,2,1749352003,1749354571
3000,4,1749354640,1749358883
3352,2,1749357601,1749359497
4157,4,1749357973,1749363489
2423,5,1749358271,1749361477
4464,2,1749358634,1749362984
1761,1,1749358980,1749361224
3238,3,1749361427,1749364270
4421,2,1749361713,1749365685
4771,5,1749362684,1749366165
3640,2,1749365465,1749372109
1202,2,1749366317,1749371961
1366,4,1749369638,1749373783
1382,2,1749371427,1749374938
1265,1,1749372586,1749375775
2724,4,1749372809,1749378170
2653,5,1749374795,1749380948
4273,4,1749375754,1749379938
1847,5,1749376446,1749380173
1101,1,1749377950,1749384225
3725,5,1749385812,1749392809
1434,1,1749386377,1749389269
4404,1,1749388977,1749391980
1870,5,1749389373,1749391224
2072,4,1749390087,1749396969
4817,1,1749390610,1749396717
4094,1,1749393615,1749397029
2553,3,1749393731,1749398140
2383,5,1749393884,1749397393
2886,3,1749394055,1749398253
3758,5,1749394721,1749400974
1766,4,1749396115,1749398161
1104,4,1749398581,1749401730
2274,2,1749402158,1749406515
1668,2,1749402393,1749404889
2946,3,1749406236,1749408277
2812,3,1749415040,1749418677
3575,2,1749416501,1749421364
1179,2,1749416652,1749418525
1224,2,1749420389,1749423537
2756,5,1749421333,1749425719
2539,4,1749424610,1749429470
4100,2,1749427365,1749431537
1325,2,1749428080,1749432534
2142,1,1749430984,1749435151
1325,5,1749433126,1749438333
3248,3,1749433149,1749437504
1734,2,1749436485,1749441121
1780,3,1749440757,1749446109
4085,4,1749441096,1749445427
4204,1,1749442352,1749448714
2187,3,1749443030,1749445369
3598,1,1749447488,1749454105
1173,2,1749449127,1749451165
4982,2,1749450142,1749457052
2146,2,1749453597,1749458656
4186,4,1749455703,1749462396
1202,2,1749455781,1749458303
2050,3,1749462099,1749467011
3118,3,1749462131,1749465423
1637,2,1749464901,1749470717
3601,4,1749465489,1749472289
1665,5,1749466205,1749472736
1139,2,1749466921,1749471492
3901,2,1749467528,1749470609
2555,2,1749468026,1749471047
2363,1,1749468968,1749470880
2410,4,1749469340,1749473704
2464,2,1749470202,1749473012
4658,3,1749472046,1749474498
1401,1,1749474007,1749478744
1259,1,1749476217,1749480582
3379,5,1749480949,1749487019
3431,3,1749482469,1749488988
2808,5,1749485925,1749491881
2427,4,1749489878,1749492973
1899,1,1749492993,1749500127
3553,1,1749495260,1749497401
1691,4,1749495343,1749499825
3271,4,1749497708,1749501248
2762,3,1749501109,1749507276
3339,5,1749501972,1749509007
1037,4,1749502303,1749509345
1135,4,1749503143,1749506883
3620,5,1749503943,1749505995
2203,2,1749504257,1749508861
1060,4,1749505650,1749511629
2482,4,1749507274,1749512982
3852,5,1749507812,1749510681
1261,4,1749514001,1749516029
2671,4,1749514658,1749521229
1500,3,1749517577,1749519645
3394,1,1749518471,1749522206
4958,2,1749522967,1749525625
2291,3,1749523527,1749525570
1013,3,1749524760,1749527017
4183,1,1749529375,1749532873
2112,2,1749537929,1749541903
4794,3,1749538314,1749545395
4623,3,1749539915,1749544057
3708,1,1749546572,1749552504
2326,4,1749547767,1749552153
1757,1,1749547971,1749555052
1573,2,1749548497,1749550946
2881,1,1749553000,1749556627
2464,5,1749560214,1749566866
4121,5,1749561216,1749566916
2399,4,1749561598,1749567185
3693,5,1749562902,1749568696
2274,1,1749563874,1749568630
4070,1,1749563994,1749570966
3737,4,1749568375,1749571525
2671,1,1749569420,1749575089
2340,5,1749572083,1749577298
2412,1,1749573803,1749580091
1766,3,1749574248,1749580156
1796,4,1749574397,1749579131
1386,2,1749575487,1749580828
3668,1,1749575982,1749582838
1983,5,1749578773,1749583575
2545,1,1749578975,1749584246
3545,3,1749581691,1749585862
3428,4,1749584853,1749587880
4509,1,1749585805,1749587753
4753,4,1749586048,1749591165
3053,1,1749587857,1749593532
3203,4,1749588751,1749595590
2160,2,1749589651,1749595863
1844,3,1749592894,1749597821
3752,5,1749595619,1749598105
3352,3,1749596723,1749601172
2422,5,1749597564,1749599666
1361,3,1749597947,1749603661
2136,5,1749598237,1749604186
4930,4,1749599374,1749603336
4323,2,1749599858,1749605065
1335,3,1749600493,1749605880
4801,4,1749603605,1749610199
4496,4,1749606163,1749608615
3143,4,1749608817,1749610744
2423,3,1749609098,1749613457
3077,4,1749609701,1749611969
2772,2,1749616289,1749623147
2431,5,1749616557,1749623482
4267,5,1749619214,1749625502
1330,1,1749620449,1749622633
1401,3,1749620753,1749623933
1641,3,1749625016,1749628664
3659,5,1749625782,1749632645
1083,3,1749626235,1749631784
4163,4,1749629521,1749632746
2873,4,1749633499,1749638162
3009,2,1749634373,1749636684
2472,4,1749637047,1749641247
2520,1,1749641406,1749645600
1136,5,1749643512,1749649223
2453,3,1749643658,1749650567
4228,4,1749649477,1749653995
2638,1,1749649554,1749651993
3429,1,1749650128,1749656800
4010,1,1749652686,1749655325
3583,4,1749653177,1749655522
2570,3,1749653548,1749655805
3693,1,1749655165,1749659071
1068,4,1749657737,1749664747
1642,4,1749658662,1749664088
4335,3,1749659182,1749663110
4101,3,1749665793,1749669233
3395,1,1749666526,1749672821
4779,4,1749668337,1749671053
2722,5,1749671507,1749675599
1793,4,1749672733,1749676525
4291,5,1749673809,1749680751
1475,3,1749675651,1749677762
1615,2,1749676043,1749678192
1634,3,1749676298,1749681069
1937,4,1749677430,1749682097
2144,3,1749679587,1749682343
4150,2,1749679796,1749682651
4578,3,1749680270,1749686199
2934,1,1749680896,1749683825
3066,5,1749682133,1749688651
2750,5,1749682464,1749686224
1859,2,1749682620,1749687359
1702,2,1749684363,1749691119
4832,4,1749686799,1749689158
3979,2,1749689511,1749692440
2101,2,1749692102,1749697064
1841,1,1749693863,1749699443
4506,3,1749694906,1749697229
4060,1,1749695145,1749700665
4521,5,1749697099,1749704294
3299,1,1749698271,1749705416
4052,2,1749699040,1749705010
1475,3,1749700605,1749702880
3963,3,1749703348,1749705455
2830,1,1749704360,1749708236
1515,5,1749704675,1749709183
1664,2,1749708661,1749711857
4481,1,1749709219,1749713604
2456,1,1749712083,1749716786
4253,3,1749714261,1749720220
1578,3,1749715430,1749721911
2933,1,1749715658,1749719617
2626,5,1749717104,1749720894
1468,4,1749717512,1749722420
1075,3,1749723414,1749726900
2113,1,1749724813,1749730974
1373,1,1749728984,1749731200
2438,4,1749732385,1749737231
1167,5,1749734300,1749740865
2395,2,1749737884,1749744908
1383,3,1749738482,1749740595
3055,2,1749739810,1749742784
4719,1,1749739891,1749741791
4830,2,1749740302,1749745134
2750,3,1749741515,1749748555
2040,1,1749743026,1749746600
3194,4,1749744897,1749748942
1941,4,1749745010,1749749282
2065,2,1749746011,1749748603
4930,4,1749746264,1749748267
4240,4,1749747149,1749752444
2715,4,1749747803,1749751726
3280,4,1749754402,1749759079
4800,5,1749755295,1749760511
1672,4,1749755539,1749762734
1500,3,1749757072,1749764229
2105,2,1749763243,1749769933
1125,2,1749763392,1749766777
3047,3,1749765597,1749768394
3614,5,1749767834,1749771634
3379,4,1749770433,1749776774
1347,1,1749772355,1749774535
2432,1,1749776198,1749780531
2481,4,1749776882,1749779091
1634,1,1749777317,1749779754
1451,2,1749778001,1749784575
3918,2,1749778687,1749780522
2129,4,1749778745,1749785577
3512,4,1749779687,1749783249
3055,4,1749782008,1749786822
4277,1,1749782868,1749789784
2152,5,1749782936,1749785827
4213,3,1749783040,1749786377
4496,1,1749783173,1749787225
4658,3,1749785131,1749788676
3956,1,1749787017,1749789785
3644,2,1749787433,1749793150
4409,5,1749787745,1749792327
3462,5,1749789105,1749792256
2473,1,1749790108,1749792096
2632,4,1749790480,1749796756
3551,2,1749792276,1749794922
2793,5,1749792564,1749796114
1012,5,1749793723,1749798515
3358,4,1749795859,1749802207
3475,5,1749796737,1749799383
1351,4,1749800863,1749806465
1202,2,1749801968,1749807628
4435,4,1749804243,1749806689
4273,3,1749804340,1749809193
1732,1,1749806297,1749809054
4982,2,1749808485,1749814039
3548,2,1749808539,1749814266
3681,1,1749809351,1749813173
4422,2,1749809457,1749814321
1776,4,1749810156,1749816174
1388,3,1749812153,1749815160
1842,5,1749819247,1749821290
2124,1,1749826769,1749831622
2588,1,1749836210,1749839516
2555,5,1749837834,1749840335
3994,3,1749839521,1749842159
2082,5,1749840734,1749847668
2108,5,1749842968,1749849862
2871,3,1749843201,1749848891
4693,3,1749843380,1749847425
4054,1,1749844791,1749851848
4621,1,1749849760,1749854692
2177,4,1749855232,1749857760
2213,2,1749855447,1749859896
4013,2,1749856822,1749859301
3894,5,1749857944,1749863700
2611,5,1749860263,1749863472
2191,1,1749861180,1749868194
3843,2,1749868961,1749874279
1302,4,1749869372,1749875756
1572,5,1749874619,1749880040
3996,1,1749880737,1749885029
4644,2,1749884966,1749890574
4578,1,1749885010,1749888970
2437,4,1749885695,1749888862
2518,5,1749886744,1749891055
4831,1,1749887143,1749889475
4851,5,1749889759,1749896534
1989,3,1749892887,1749896737
4252,2,1749893440,1749899760
4253,1,1749900988,1749904183
3728,3,1749902801,1749904989
1798,4,1749903225,1749907688
3514,4,1749904294,1749906108
3495,3,1749904462,1749907154
3546,5,1749905599,1749912545
1766,4,1749906353,1749908790
3028,3,1749910926,1749912986
3091,3,1749911949,1749918752
1692,1,1749911979,1749915211
2243,3,1749912413,1749918135
4304,2,1749914211,1749920724
4949,2,1749915083,1749918461
3834,1,1749915123,1749920798
1650,4,1749915935,1749920421
4554,4,1749916344,1749923037
2904,4,1749916831,1749922232
2825,2,1749917822,1749924038
1484,5,1749920947,1749923236
2908,2,1749924647,1749930037
1982,5,1749925951,1749931951
3749,1,1749926308,1749929417
3277,4,1749927726,1749929741
1405,4,1749928008,1749932012
3916,2,1749928381,1749933653
3728,3,1749928409,1749932483
3297,4,1749929977,1749934151
3584,4,1749938904,1749942681
4172,2,1749939605,1749944824
3218,4,1749940893,1749946710
2135,1,1749941102,1749944275
4962,3,1749943542,1749949330
2764,1,1749943552,1749948494
3306,3,1749952699,1749956573
1713,5,1749953041,1749954943
1272,5,1749953488,1749960519
1207,2,1749955745,1749958885
3008,1,1749958191,1749963623
3544,5,1749959005,1749961622
1912,2,1749960486,1749965178
1362,5,1749963408,1749970597
4143,1,1749964996,1749970181
4881,1,1749966185,1749972524
3555,3,1749968084,1749975107
4585,4,1749969585,1749973916
1846,4,1749972016,1749976231
3346,2,1749976214,1749978584
2219,4,1749976244,1749981434
4183,4,1749976713,1749983779
2050,3,1749977811,1749984190
2238,2,1749978090,1749980467
4334,2,1749978590,1749983522
2713,5,1749979524,1749981490
2636,2,1749979905,1749986195
3760,1,1749980707,1749984076
3080,2,1749983154,1749988404
3295,1,1749983261,1749986207
4276,5,1749983898,1749989356
2814,3,1749984965,1749990262
1558,3,1749984990,1749991052
2858,1,1749985292,1749991446
2349,4,1749986483,1749989305
3975,2,1749986545,1749992919
4630,3,1749988334,1749994825
2642,4,1749990800,1749996882
1592,5,1749991142,1749993754
2632,3,1749991787,1749995926
3203,3,1749996175,1749998785
1558,4,1749997976,1750003762
4108,4,1750000566,1750007506
1657,5,1750001818,1750007792
1314,3,1750002588,1750009342
3437,4,1750003176,1750005497
3501,2,1750004304,1750007380
4140,2,1750004598,1750009520
1069,1,1750005147,1750007587
4425,4,1750005321,1750009211
2130,5,1750006251,1750012842
3017,4,1750008178,1750014868
4552,3,1750008274,1750010934
1224,2,1750008581,1750013876
2008,5,1750009835,1750014261
4232,5,1750010042,1750015961
1785,2,1750012552,1750017111
3591,3,1750013020,1750016975
4506,5,1750014021,1750017773
4726,5,1750016449,1750018699
1320,3,1750021931,1750027653
1059,5,1750022566,1750028331
3480,5,1750022821,1750026281
1042,5,1750024254,1750029470
4385,3,1750025058,1750030764
4216,2,1750025548,1750029803
1592,1,1750026659,1750030623
3856,1,1750027784,1750033501
4687,5,1750031195,1750037289
4881,1,1750034251,1750039636
2248,3,1750036261,1750038697
3394,2,1750040096,1750044965
2013,2,1750042861,1750050049
2284,3,1750044648,1750047269
3395,4,1750047699,1750052807
3306,1,1750048277,1750052008
2652,4,1750050944,1750053975
1810,2,1750054634,1750059815
2808,3,1750056972,1750060109
2750,5,1750057992,1750064036
2274,5,1750058881,1750062212
2396,1,1750063272,1750065501
3379,3,1750064621,1750069880
2011,3,1750066003,1750069678
2420,4,1750066410,1750069415
1113,4,1750070047,1750074876
1930,4,1750070611,1750076594
4343,5,1750070762,1750076645
4480,5,1750071201,1750075772
1629,1,1750072340,1750076161
3339,5,1750072400,1750075028
3737,4,1750072904,1750078190
4213,4,1750073821,1750079916
4177,1,1750075111,1750079024
4463,1,1750076012,1750081715
4059,3,1750076105,1750082309
3334,4,1750076581,1750081208
4350,1,1750076651,1750079230
3193,2,1750077312,1750079535
1926,1,1750077593,1750084646
4698,1,1750077680,1750082447
1417,5,1750077944,1750082225
3700,1,1750079130,1750083171
4395,3,1750079360,1750086034
1400,3,1750081700,1750084640
2340,2,1750081804,1750085660
2104,1,1750084062,1750086514
2172,2,1750091228,1750096846
3683,2,1750091471,1750094917
1752,4,1750092520,1750095107
2327,3,1750094211,1750096923
1823,1,1750095451,1750100324
4401,3,1750095547,1750102462
4619,5,1750098187,1750102188
2218,2,1750099576,1750102372
3218,4,1750099650,1750102963
3941,1,1750102583,1750107114
3510,1,1750104647,1750110384
1162,2,1750104747,1750109543
3478,1,1750105375,1750107976
1630,3,1750105483,1750112338
4869,4,1750106592,1750111673
1657,2,1750107736,1750113768
4189,5,1750110701,1750113002
2153,5,1750111693,1750115464
1752,5,1750111801,1750118491
2265,1,1750112829,1750119704
4253,5,1750113292,1750117365
4064,1,1750116402,1750118649
3163,1,1750119165,1750123770
2638,1,1750124398,1750129109
1102,5,1750125618,1750129016
3879,3,1750125650,1750130202
1202,4,1750125791,1750129899
3546,4,1750126371,1750133217
2826,2,1750132250,1750134177
4025,2,1750132360,1750134470
3701,2,1750132478,1750136784
1887,3,1750132848,1750136607
1105,1,1750133145,1750136937
4720,2,1750136030,1750143163
2987,5,1750136465,1750141626
4702,4,1750137882,1750141947
2988,5,1750140017,1750144964
2946,3,1750140453,1750145304
2252,4,1750141168,1750148291
3694,2,1750142958,1750147582
3594,3,1750145399,1750149701
4730,5,1750147304,1750152058
1798,3,1750148962,1750155125
2422,3,1750149927,1750153847
1320,2,1750150192,1750152644
2086,1,1750150969,1750155855
3271,4,1750154873,1750159047
1527,5,1750156684,1750160154
1319,2,1750157151,1750164276
3928,4,1750164137,1750168933
4021,1,1750164412,1750168186
4666,1,1750166492,1750173612
1982,2,1750166879,1750172746
3837,3,1750167812,1750173068
2910,3,1750167998,1750174305
2899,4,1750168016,1750174846
2655,3,1750168819,1750172417
1773,5,1750170385,1750172306
4982,2,1750170492,1750176171
1500,2,1750170913,1750173272
4197,2,1750171014,1750175411
3894,2,1750171102,1750175076
3818,5,1750172443,1750176477
3572,3,1750173204,1750175052
3051,5,1750173213,1750177294
4196,5,1750174149,1750176512
3793,1,1750179380,1750185077
2869,2,1750180001,1750187089
4031,4,1750180560,1750187589
1752,2,1750181714,1750184212
3732,3,1750183478,1750187866
3339,1,1750184820,1750187221
3779,2,1750184854,1750192036
2155,3,1750186536,1750189340
1666,2,1750186837,1750190505
3314,2,1750187285,1750193206
4990,1,1750191780,1750196278
2881,3,1750194036,1750196577
1173,2,1750194092,1750199233
4701,1,1750195454,1750200658
1301,2,1750196559,1750201956
2086,1,1750197166,1750202801
1554,1,1750201265,1750205215
1401,5,1750205134,1750210170
1305,3,1750205829,1750211647
2142,1,1750206247,1750209611
2451,4,1750208378,1750213637
1787,5,1750210889,1750212816
3743,1,1750211986,1750216046
1673,1,1750213972,1750216756
1887,4,1750214813,1750218093
2471,1,1750215742,1750222920
4756,5,1750216392,1750219937
1099,4,1750220444,1750226771
1938,3,1750222066,1750227502
1042,2,1750222363,1750227780
2336,2,1750224434,1750230111
4923,2,1750225355,1750231638
4628,3,1750226240,1750233391
2783,1,1750226259,1750228347
3568,5,1750226318,1750233132
2580,1,1750227971,1750230359
2365,1,1750229070,1750231908
2921,1,1750229763,1750236135
4031,5,1750230504,1750235862
3693,1,1750235084,1750240724
4241,3,1750235353,1750239400
3689,4,1750236693,1750239369
1003,3,1750236822,1750240500
1571,1,1750238591,1750243384
2656,4,1750239300,1750244083
3269,3,1750240653,1750246678
3869,2,1750241354,1750248326
4500,3,1750247363,1750249297
3693,4,1750247421,1750251416
2047,4,1750249652,1750256792
2382,5,1750250243,1750253225
2207,3,1750251978,1750257936
4071,2,1750252899,1750256702
1800,4,1750257402,1750259783
1361,4,1750260281,1750266715
1580,4,1750261315,1750264311
2285,2,1750263710,1750266570
4404,3,1750263952,1750269419
4811,2,1750264580,1750268598
3830,2,1750264670,1750267924
1567,3,1750264925,1750271469
4264,1,1750266902,1750274096
3106,4,1750267638,1750273684
3253,4,1750271013,1750273054
3338,4,1750271363,1750276249
3670,3,1750274786,1750278551
3062,5,1750277938,1750279870
1153,4,1750279650,1750285842
2431,4,1750282106,1750285362
4751,2,1750282394,1750288348
4167,5,1750282954,1750286299
1400,4,1750285215,1750289277
2710,1,1750289406,1750292728
1320,4,1750292842,1750295335
2438,4,1750295587,1750301824
4312,5,1750298912,1750302376
4711,2,1750300828,1750304939
2495,2,1750304959,1750309494
3427,5,1750305769,1750311970
3903,3,1750306376,1750313125
3743,5,1750307746,1750311971
1253,1,1750309352,1750315615
2186,1,1750310740,1750313182
4909,5,1750313114,1750315831
2209,2,1750313555,1750315815
3603,5,1750314893,1750321928
4253,4,1750320750,1750323168
2062,5,1750320902,1750325505
1344,2,1750321690,1750325995
4085,2,1750323062,1750327769
4694,5,1750324397,1750329900
1999,5,1750327544,1750330467
2412,2,1750327654,1750334810
2972,1,1750334292,1750339345
3411,5,1750335101,1750339907
2485,5,1750335533,1750342324
4635,2,1750336450,1750340875
3620,5,1750340835,1750347260
2005,2,1750341063,1750343795
2107,5,1750343090,1750346275
4413,5,1750345418,1750352588
3394,3,1750346238,1750353115
3109,1,1750346518,1750348411
4284,4,1750348392,1750354280
3237,2,1750350740,1750355418
4630,3,1750355250,1750358546
2933,5,1750355717,1750360469
4944,4,1750356613,1750363098
4910,2,1750357930,1750362667
3229,2,1750358386,1750365288
3367,5,1750360108,1750365485
4613,1,1750372840,1750376982
3837,2,1750374788,1750377623
1326,5,1750375388,1750381612
2354,2,1750376494,1750379584
2250,2,1750377388,1750380981
2146,4,1750380445,1750385736
1719,4,1750382275,1750386235
2410,3,1750382658,1750389159
1870,5,1750385470,1750387356
4030,2,1750385510,1750390997
1975,2,1750386163,1750390151
1590,1,1750389317,1750394194
2410,1,1750389647,1750393168
2750,5,1750390057,1750394201
1642,5,1750390344,1750395574
1799,3,1750392065,1750394905
2485,2,1750393268,1750399099
3228,3,1750395507,1750399996
2546,3,1750397599,1750400517
3088,3,1750397755,1750401065
1057,3,1750398898,1750401646
3248,5,1750399184,1750405125
3395,3,1750400929,1750406202
2089,1,1750401272,1750403515
3761,1,1750403592,1750408501
2265,5,1750404902,1750408151
3104,5,1750404966,1750408224
2170,5,1750408634,1750413514
4740,5,1750414124,1750416945
3727,3,1750414965,1750422087
4986,4,1750418459,1750421300
4870,5,1750418507,1750425350
3595,4,1750424694,1750427980
1342,3,1750425713,1750430222
4574,3,1750426746,1750432697
3816,1,1750427194,1750430252
2958,4,1750430026,1750433012
3561,3,1750430301,1750433365
2562,1,1750431821,1750438532
1417,5,1750432462,1750437034
1567,5,1750438637,1750445362
4564,3,1750439102,1750441948
3248,2,1750439507,1750445205
3485,3,1750444816,1750451686
3357,4,1750445504,1750449951
3906,3,1750445861,1750450987
1698,3,1750446481,1750451971
4812,5,1750447879,1750453432
3495,5,1750451065,1750454349
4264,2,1750453439,1750460347
3431,2,1750454031,1750457509
3764,5,1750454756,1750457775
2527,1,1750456141,1750460232
1641,5,1750457822,1750464700
2394,3,1750458910,1750462936
1146,1,1750459046,1750461418
1986,3,1750459406,1750466019
2346,2,1750462770,1750469656
3983,3,1750469027,1750471255
4760,5,1750469936,1750475680
2433,3,1750472074,1750475809
4017,3,1750473389,1750480223
3583,1,1750477364,1750481749
3269,5,1750477734,1750480519
1823,3,1750478987,1750484902
1988,3,1750481957,1750488966
4608,5,1750482324,1750486308
2559,2,1750482476,1750484808
3906,5,1750484355,1750487578
4513,4,1750486367,1750488883
2573,3,1750489196,1750493115
3378,4,1750492425,1750499625
3485,1,1750493626,1750499620
1150,5,1750495277,1750502215
4713,2,1750500599,1750506163
3314,2,1750501990,1750504829
1425,3,1750503652,1750510096
2223,3,1750503915,1750509517
4871,5,1750504163,1750507936
4294,4,1750504612,1750508507
3220,2,1750506821,1750509738
2213,3,1750508636,1750512418
4342,5,1750510639,1750515463
3743,5,1750512685,1750514970
2173,1,1750514857,1750518376
4425,3,1750515335,1750519390
3685,3,1750516455,1750520557
1734,3,1750521792,1750525570
1859,2,1750528313,1750533887
4771,4,1750529890,1750531762
1325,1,1750530490,1750534194
4937,5,1750531732,1750535751
1012,2,1750534491,1750538121
3728,3,1750535005,1750539151
2146,3,1750535365,1750537430
4222,4,1750535495,1750537560
3260,2,1750536147,1750540256
3830,3,1750536565,1750542674
2642,5,1750538073,1750544431
3266,5,1750539406,1750542480
4673,2,1750540229,1750542118
3625,5,1750543260,1750550013
1383,5,1750546047,1750548963
3629,1,1750546200,1750550403
4962,1,1750547017,1750550990
3239,4,1750547373,1750552095
2556,3,1750548265,1750551258
4930,5,1750548579,1750553411
4696,3,1750549903,1750554619
4376,4,1750552975,1750559043
4175,1,1750553902,1750560610
1164,4,1750554155,1750559362
3297,5,1750555031,1750558197
1916,4,1750555357,1750560906
1303,3,1750560362,1750566099
2871,4,1750560532,1750562669
4844,5,1750564215,1750570535
2162,4,1750565535,1750568084
3322,4,1750568513,1750572439
4593,3,1750571269,1750573766
2524,4,1750572260,1750577815
3269,4,1750573145,1750579394
1803,3,1750576424,1750583218
2920,4,1750577433,1750581418
4972,4,1750577626,1750584655
3573,2,1750583496,1750586966
4144,3,1750584363,1750588901
2821,1,1750585722,1750591815
2715,3,1750590863,1750592947
2780,3,1750592617,1750599383
2750,1,1750593258,1750600434
3793,5,1750593449,1750596735
1382,3,1750593478,1750597829
1019,5,1750593520,1750597813
1214,2,1750593800,1750599143
4746,3,1750595886,1750601219
4052,2,1750596035,1750599825
4355,3,1750596158,1750598481
1050,5,1750596948,1750603722
1768,2,1750597145,1750601650
1339,5,1750597808,1750603013
4506,2,1750600811,1750604824
4678,4,1750602783,1750605150
1265,3,1750605366,1750612424
3935,2,1750606355,1750613549
3253,3,1750608418,1750612379
4089,4,1750609528,1750614909
1159,4,1750609568,1750616626
1672,4,1750614060,1750620147
1732,3,1750614435,1750621610
4729,3,1750614446,1750619771
2486,3,1750614858,1750619350
1012,4,1750616063,1750619624
3314,2,1750618506,1750622897
4342,3,1750618512,1750625152
3229,4,1750618523,1750623280
2325,4,1750619782,1750623742
2436,5,1750620113,1750626404
2754,3,1750621081,1750627006
1136,5,1750623968,1750630537
2107,5,1750625979,1750628325
3897,3,1750627482,1750629295
4047,3,1750629069,1750635712
2486,4,1750632920,1750639439
1214,3,1750635476,1750637397
1847,4,1750636182,1750638654
4167,4,1750636323,1750640335
1330,4,1750636610,1750643182
4780,3,1750639191,1750644919
2342,2,1750642220,1750645276
1673,3,1750642330,1750648884
2910,5,1750646719,1750652161
2910,2,1750648060,1750651970
2325,3,1750649183,1750654841
4506,3,1750649730,1750655874
4654,2,1750651110,1750654589
2829,3,1750654383,1750660529
3513,1,1750654458,1750657425
3823,1,1750654613,1750659175
3406,2,1750657520,1750661561
3447,5,1750657809,1750663236
3796,4,1750658656,1750664261
1737,3,1750661228,1750664212
4861,3,1750662614,1750666427
3834,3,1750662944,1750666863
2756,1,1750666336,1750670844
1912,2,1750667779,1750669808
1910,4,1750673198,1750678650
3081,5,1750673495,1750679688
3190,1,1750673781,1750677643
1886,1,1750683722,1750687973
1751,5,1750685358,1750692228
4546,3,1750686584,1750692115
1238,5,1750690063,1750692866
4253,4,1750690267,1750694767
4823,1,1750691069,1750695932
3117,3,1750691405,1750695258
2680,3,1750691502,1750694226
2342,4,1750691652,1750698032
2539,5,1750695322,1750699675
4296,5,1750697571,1750704247
2964,1,1750698122,1750704448
4308,4,1750703411,1750707801
4376,2,1750703431,1750709438
3003,5,1750705750,1750712092
2584,3,1750711517,1750716115
1825,2,1750712985,1750720001
2938,5,1750716459,1750721840
2461,3,1750717352,1750720146
4980,2,1750717539,1750723796
1419,5,1750718353,1750725441
1320,3,1750723265,1750726333
3603,2,1750723594,1750726762
1314,3,1750727065,1750728961
4148,5,1750727092,1750730791
4877,1,1750727923,1750731783
2522,3,1750728374,1750730505
1937,3,1750733041,1750738191
3583,3,1750734752,1750738037
1006,3,1750735133,1750740749
2297,5,1750735299,1750739647
1419,3,1750735565,1750738499
2952,2,1750736944,1750739519
3126,1,1750738690,1750742315
2958,2,1750742312,1750745284
4022,3,1750742465,1750746064
1673,5,1750745079,1750750408
4753,2,1750745329,1750749050
1314,5,1750746142,1750750721
2527,5,1750746702,1750753396
3665,3,1750748419,1750754117
4881,4,1750748681,1750755741
3338,1,1750749478,1750755832
2524,3,1750750328,1750752256
3394,5,1750750986,1750754122
1914,1,1750753867,1750756191
3317,3,1750754013,1750759853
2981,3,1750754732,1750759757
1887,5,1750756786,1750761096
3298,5,1750757135,1750760690
2802,4,1750757152,1750760305
2565,1,1750759168,1750764245
3196,3,1750759793,1750766252
4496,1,1750766304,1750772463
1664,4,1750766348,1750770117
4619,5,1750766395,1750769787
3684,5,1750768565,1750770897
2191,1,1750769265,1750771215
3376,2,1750769370,1750775046
3248,4,1750770258,1750776531
1253,1,1750775327,1750779580
1980,3,1750775622,1750778292
1823,4,1750776571,1750783165
1546,5,1750777058,1750782284
2833,5,1750782781,1750786705
4506,3,1750783953,1750791140
3689,5,1750784126,1750790001
3042,4,1750785330,1750790842
3568,1,1750786830,1750791034
3354,3,1750789357,1750794412
1154,5,1750789440,1750794046
2193,3,1750793097,1750796694
2208,3,1750796475,1750802207
2013,5,1750797257,1750802043
1995,1,1750799241,1750802385
3847,1,1750799342,1750802145
4539,1,1750801065,1750804613
4489,2,1750801897,1750803857
4232,1,1750803203,1750808549
2211,4,1750804101,1750806345
1977,4,1750804218,1750810922
3218,4,1750806726,1750808564
4108,3,1750806800,1750809010
2237,3,1750807278,1750812900
2410,5,1750807611,1750810104
2977,1,1750807977,1750810951
4188,2,1750808596,1750811704
3552,5,1750808934,1750816044
3380,4,1750809084,1750814215
4141,3,1750810679,1750814560
1990,5,1750812240,1750819363
1844,3,1750812624,1750816620
3179,5,1750815685,1750820335
4740,2,1750817844,1750824258
2007,5,1750818639,1750820515
3947,3,1750819584,1750825906
3530,2,1750819965,1750826870
2337,4,1750820353,1750827508
2723,4,1750821669,1750828500
3983,4,1750823161,1750828764
1253,3,1750823530,1750828015
4332,3,1750825333,1750830281
2460,5,1750825558,1750828596
3186,4,1750826036,1750829299
2221,5,1750827100,1750829053
4830,5,1750827195,1750830888
1690,1,1750828797,1750832913
2125,4,1750829444,1750831929
1487,4,1750832725,1750835631
2798,4,1750832815,1750837800
3583,4,1750833082,1750835009
1358,4,1750836364,1750841554
1975,1,1750842929,1750845856
4153,2,1750843910,1750850104
3111,2,1750844019,1750847776
1314,5,1750848392,1750852269
3819,4,1750848576,1750853373
4017,5,1750856020,1750859243
4166,2,1750856352,1750861848
2952,2,1750856400,1750862129
3055,5,1750857030,1750860339
3243,5,1750858674,1750861048
4031,2,1750858841,1750863138
2051,1,1750860010,1750866597
3221,3,1750865509,1750868025
3816,4,1750865625,1750872020
1592,1,1750867223,1750871883
3962,1,1750867405,1750873106
2552,1,1750868818,1750873015
4567,2,1750877162,1750883248
2011,2,1750877504,1750881770
2920,5,1750878019,1750884206
1849,3,1750882761,1750885632
4183,1,1750885343,1750888715
1554,2,1750886634,1750890377
3352,4,1750887043,1750891979
4463,4,1750887302,1750892622
4707,5,1750893009,1750894948
1668,5,1750895992,1750898760
4060,1,1750896972,1750902909
4851,4,1750897616,1750900015
2310,2,1750898034,1750903334
2163,4,1750898184,1750900673
4208,4,1750899184,1750905041
1482,5,1750899364,1750901174
3219,1,1750902554,1750908263
4554,5,1750902930,1750906668
2260,1,1750906146,1750908984
2544,3,1750914494,1750916841
2914,2,1750917595,1750921769
2756,2,1750917811,1750922501
3881,2,1750918067,1750923813
1255,2,1750919244,1750922842
2014,1,1750919759,1750925476
4419,3,1750922227,1750925505
3946,2,1750922647,1750928464
3846,2,1750924038,1750926097
1099,5,1750924434,1750929644
3468,3,1750924787,1750930272
2471,2,1750925810,1750931281
3980,4,1750926026,1750929172
4484,1,1750927628,1750931152
2089,4,1750929947,1750934363
2636,3,1750931045,1750934233
3636,3,1750933662,1750938914
4373,3,1750933897,1750936750
2570,2,1750934102,1750939010
4816,2,1750940803,1750946243
3076,4,1750941223,1750943883
4414,4,1750944604,1750949342
3240,2,1750950433,1750956942
2310,5,1750950989,1750953999
3394,4,1750952119,1750957524
2749,2,1750953743,1750957645
3166,4,1750954547,1750958993
2184,1,1750955099,1750962044
3279,2,1750956444,1750959638
3843,1,1750957464,1750960399
2820,5,1750960262,1750962142
1820,2,1750960298,1750963778
4409,2,1750960503,1750964807
2037,4,1750962769,1750967193
1391,4,1750966494,1750971543
4373,5,1750966680,1750969378
1192,1,1750967222,1750974211
2562,4,1750967511,1750970980
2680,5,1750969560,1750972336
1732,2,1750969790,1750976290
1930,1,1750971619,1750974001
1800,3,1750977580,1750984562
2764,3,1750978114,1750984071
1397,3,1750978711,1750983635
2575,5,1750979269,1750981916
2989,4,1750979853,1750984902
4812,5,1750980962,1750985655
4294,5,1750984239,1750987797
2482,1,1750986437,1750991975
4896,2,1750988981,1750992569
4169,4,1750991010,1750994001
2020,2,1750991599,1750993714
3487,3,1750992030,1750998236
4186,1,1750995065,1751001917
2539,3,1750997959,1751004819
3894,5,1750998190,1751003880
4906,1,1750999927,1751005214
1857,3,1751000575,1751006696
2793,2,1751006549,1751012389
3474,5,1751008842,1751014732
2428,1,1751009167,1751013514
4799,5,1751009975,1751012448
4668,3,1751010657,1751017549
3468,4,1751012867,1751016304
1060,3,1751013512,1751019071
4512,5,1751013789,1751018911
3647,5,1751014801,1751020192
1012,5,1751016645,1751021103
2590,3,1751017601,1751021715
1886,3,1751022015,1751027651
4012,4,1751022553,1751024366
2007,3,1751023029,1751025550
1078,1,1751023255,1751026183
1407,3,1751024772,1751026753
4213,5,1751026293,1751032805
4780,5,1751029138,1751032693
2711,4,1751030020,1751031929
2996,5,1751030074,1751035237
2867,5,1751030486,1751035081
3102,4,1751030808,1751035882
4737,1,1751031762,1751037695
1034,1,1751033285,1751037575
2283,4,1751034400,1751038048
4756,1,1751039386,1751044563
4262,2,1751039603,1751045657
4611,5,1751040790,1751046651
2676,4,1751040990,1751044356
2045,4,1751041519,1751046163
2893,1,1751042800,1751049036
3307,2,1751044400,1751051501
4871,4,1751044964,1751051791
1068,4,1751054280,1751060339
3763,5,1751055252,1751061620
3448,3,1751055370,1751059088
1567,1,1751056017,1751060058
4185,4,1751058021,1751062469
3683,2,1751059726,1751061793
1846,4,1751059866,1751062792
4506,4,1751061236,1751066826
2051,2,1751061441,1751066736
1026,4,1751066387,1751072119
3142,5,1751072032,1751077846
1781,4,1751073496,1751079737
4236,4,1751073786,1751078210
1956,5,1751074230,1751079594
4455,2,1751076961,1751081226
2178,4,1751078329,1751082660
2475,5,1751079216,1751084419
2750,2,1751080269,1751082469
2159,4,1751081093,1751085318
3591,4,1751081443,1751086863
1401,2,1751081821,1751087943
3929,4,1751083685,1751088164
4907,4,1751083722,1751086407
1161,4,1751085347,1751087346
4614,4,1751085909,1751089774
4812,3,1751087172,1751091717
4669,2,1751088403,1751091751
2658,3,1751090445,1751092607
1058,5,1751090450,1751096046
2165,1,1751092027,1751098773
4001,2,1751092043,1751098525
2772,2,1751095002,1751100301
1797,5,1751096270,1751100845
4260,1,1751097309,1751104008
2952,5,1751097365,1751101146
3801,3,1751097546,1751100224
2266,1,1751098110,1751102660
2746,3,1751098281,1751102180
4811,4,1751100165,1751105134
1698,4,1751107862,1751113726
1500,3,1751108324,1751114459
3874,4,1751108586,1751115637
1067,4,1751112168,1751115019
2518,1,1751112652,1751114519
1193,1,1751115557,1751120087
4861,2,1751115957,1751119524
3629,1,1751120882,1751122761
1012,3,1751123502,1751128257
4003,4,1751123503,1751129381
3941,4,1751126993,1751133212
4592,2,1751127835,1751129889
2410,1,1751128552,1751132624
1578,4,1751129790,1751133776
3495,2,1751141286,1751145856
3526,3,1751142435,1751145009
1823,1,1751143702,1751145881
4928,4,1751149062,1751154428
3013,4,1751149894,1751153119
1922,4,1751150127,1751153290
3598,1,1751151129,1751154209
3560,4,1751154965,1751161851
3007,3,1751155089,1751158559
2146,5,1751157184,1751163864
3214,5,1751158916,1751166111
2979,1,1751161918,1751163807
2150,3,1751162036,1751166038
2266,1,1751162374,1751168885
1982,3,1751164227,1751168604
4082,1,1751168204,1751172179
2104,5,1751168894,1751172951
4427,1,1751170449,1751176268
2972,2,1751171523,1751178019
3462,2,1751171923,1751178218
4252,3,1751175510,1751181834
4648,5,1751178563,1751184591
1647,1,1751180270,1751185726
3986,4,1751180973,1751183058
4891,4,1751185387,1751189474
4871,3,1751187803,1751191122
1546,2,1751189703,1751191708
2485,2,1751191305,1751193938
4355,2,1751193281,1751196063
4418,5,1751197711,1751204794
2158,5,1751198120,1751200032
1558,1,1751198239,1751203398
3566,4,1751198438,1751204263
2170,1,1751199269,1751203273
3121,1,1751200134,1751203860
2931,5,1751201098,1751207240
3187,2,1751201472,1751207132
3093,5,1751202470,1751207016
1667,5,1751202613,1751207512
1691,5,1751203071,1751209336
3237,1,1751206292,1751212828
4055,1,1751208888,1751210748
2396,5,1751208924,1751210974
3359,4,1751210590,1751213592
3077,2,1751211104,1751215329
2077,3,1751211109,1751217508
3256,4,1751214251,1751218815
2013,4,1751214557,1751218334
2053,5,1751215781,1751220039
2177,1,1751216793,1751219454
1037,3,1751220762,1751224074
2274,5,1751220995,1751227452
1516,5,1751224756,1751230252
2503,4,1751225655,1751231681
4734,5,1751226471,1751229822
4455,2,1751227402,1751231845
2238,3,1751236114,1751243023
3299,3,1751238900,1751245323
4188,1,1751243847,1751247026
3668,4,1751244820,1751251021
1260,2,1751248940,1751250828
2093,3,1751256756,1751261645
2658,2,1751257031,1751263520
3996,1,1751257459,1751262457
2940,4,1751257669,1751264070
4512,2,1751258056,1751260097
1914,4,1751262062,1751268630
3824,3,1751262995,1751265692
4328,2,1751263399,1751265322
3379,4,1751266361,1751268206
4791,1,1751267965,1751274494
2917,5,1751268843,1751271602
4025,2,1751269638,1751275570
1636,1,1751270274,1751276093
3327,2,1751271912,1751277403
1874,2,1751273046,1751278227
4831,5,1751277573,1751284329
2387,2,1751277882,1751282333
4492,3,1751279201,1751281647
3979,4,1751282761,1751286994
2267,5,1751289773,1751293479
1857,3,1751292673,1751298925
4949,1,1751292792,1751297752
2458,2,1751295858,1751301778
1443,4,1751299728,1751304066
3494,4,1751300563,1751306617
3647,3,1751301008,1751307899
3448,1,1751301295,1751304228
1641,5,1751301633,1751306988
3935,1,1751301685,1751304751
1314,2,1751302115,1751304837
3009,3,1751304691,1751308651
4035,4,1751304988,1751308710
3903,1,1751305549,1751309832
3815,1,1751306436,1751308941
4873,5,1751308189,1751310355
2053,5,1751311709,1751315633
4395,5,1751312039,1751314014
2762,4,1751313979,1751318687
1641,4,1751314217,1751318684
3485,4,1751316338,1751323425
3329,5,1751318687,1751324146
3528,1,1751320389,1751324134
4957,5,1751321999,1751324168
2346,5,1751323626,1751328328
2943,5,1751323898,1751328276
3561,1,1751326683,1751333302
2005,3,1751327351,1751330323
3860,5,1751329498,1751332426
4791,3,1751329634,1751334509
2939,5,1751333579,1751338469
3640,3,1751333886,1751337069
2428,1,1751334005,1751340773
2255,1,1751337277,1751340714
1590,3,1751340298,1751347437
2334,3,1751341267,1751345524
3629,2,1751342289,1751347346
1516,1,1751348312,1751350570
4816,1,1751348983,1751351254
1141,2,1751349014,1751356205
2648,1,1751350537,1751356833
4590,5,1751357964,1751362245
2993,1,1751358588,1751364189
2066,2,1751358871,1751361998
3045,1,1751362781,1751368158
3327,2,1751368181,1751371403
3929,4,1751368417,1751375397
3395,3,1751369745,1751371618
3338,3,1751370193,1751373830
4832,4,1751370350,1751373914
3641,3,1751371082,1751374079
3102,1,1751372440,1751376572
2996,4,1751374360,1751381214
1012,2,1751375086,1751378453
3903,3,1751375245,1751379880
3066,4,1751377434,1751381916
2796,3,1751377592,1751382979
4727,1,1751377897,1751382850
3035,5,1751378818,1751381228
3411,3,1751379753,1751382578
1907,3,1751381005,1751382809
2884,1,1751382070,1751387571
4679,3,1751384880,1751387093
3470,1,1751386499,1751393543
3801,5,1751387147,1751391134
2110,3,1751390293,1751393518
3047,5,1751390874,1751394586
3892,1,1751392359,1751398483
1776,1,1751392817,1751396728
3202,3,1751393212,1751395984
4260,5,1751393360,1751399126
1388,3,1751395539,1751402339
2262,3,1751396151,1751402316
3395,2,1751399850,1751405064
3374,1,1751400644,1751405114
3307,4,1751404219,1751409036
4951,4,1751405956,1751408141
3750,2,1751409867,1751416174
4977,5,1751411423,1751417804
1654,4,1751412098,1751415493
2296,4,1751415220,1751421498
4839,4,1751420578,1751422411
2036,2,1751422190,1751426644
3727,3,1751423889,1751427485
4454,4,1751428049,1751431152
2867,5,1751429387,1751432001
2756,5,1751433458,1751436964
3248,4,1751433593,1751436806
4395,2,1751434558,1751438557
4977,5,1751436631,1751441274
3523,1,1751436855,1751440888
2805,5,1751438228,1751444119
1483,3,1751443370,1751450303
4878,3,1751443829,1751450195
3669,4,1751444067,1751451204
1999,2,1751450643,1751457591
1846,4,1751450949,1751457217
1416,1,1751454044,1751458860
1423,3,1751454141,1751459377
2785,5,1751454305,1751457885
2843,3,1751455862,1751458651
1241,1,1751456347,1751459897
2540,4,1751457471,1751464245
2562,4,1751460192,1751464759
4054,2,1751461354,1751465339
2788,2,1751461605,1751466951
4613,3,1751462450,1751468214
4513,5,1751463175,1751464994
3575,2,1751463200,1751468865
1094,2,1751464994,1751471043
3453,2,1751466476,1751468505
4464,2,1751467859,1751474957
2902,3,1751468954,1751473603
3480,2,1751470952,1751473417
1167,5,1751472186,1751474749
1265,1,1751474464,1751479034
3583,4,1751476371,1751481589
2902,4,1751476894,1751479817
4791,5,1751478719,1751485871
3669,2,1751478856,1751482930
2007,3,1751479992,1751484389
1559,1,1751480086,1751485164
2715,5,1751480900,1751485836
1773,2,1751481684,1751488336
2820,2,1751482068,1751484647
1296,2,1751486304,1751488571
2920,5,1751486506,1751490029
2221,5,1751487010,1751492053
1317,4,1751487627,1751490271
2369,1,1751489241,1751496166
2843,3,1751489723,1751496661
2383,5,1751489891,1751495091
3809,5,1751490132,1751496097
2129,4,1751491212,1751493701
2325,3,1751492855,1751497040
3670,1,1751493809,1751495925
3780,5,1751494555,1751496973
3214,4,1751495902,1751498706
1780,4,1751496199,1751501144
1405,1,1751497030,1751498975
4201,4,1751497489,1751500267
2776,2,1751498464,1751504944
1114,4,1751499252,1751506343
3194,4,1751502764,1751505570
4669,4,1751503420,1751509831
1594,3,1751507125,1751512319
2816,4,1751507234,1751513331
1378,3,1751507270,1751513930
2191,3,1751509091,1751511183
1673,4,1751511383,1751516011
3186,4,1751512301,1751518136
3979,4,1751516226,1751518872
1441,4,1751516575,1751518948
1940,1,1751517308,1751519355
1597,4,1751521233,1751524971
3711,2,1751521353,1751523715
3406,2,1751523335,1751527878
1283,3,1751523805,1751530621
4970,1,1751523998,1751529925
3925,3,1751531598,1751536768
1319,3,1751533206,1751539542
4909,5,1751534300,1751541462
4588,1,1751538469,1751542739
1407,4,1751539568,1751543336
2492,3,1751540341,1751543242
3824,5,1751540557,1751542541
1130,2,1751544900,1751551185
3169,1,1751546868,1751550113
3791,3,1751548997,1751554020
1420,3,1751549386,1751551854
1173,1,1751556910,1751560852
3946,3,1751557442,1751564309
3677,4,1751558544,1751561837
2031,3,1751560959,1751564558
3379,2,1751562317,1751567253
1173,3,1751567871,1751570525
1665,3,1751567899,1751572122
3269,2,1751571712,1751578075
3218,4,1751573262,1751579436
4991,5,1751574954,1751578072
4928,5,1751575305,1751577928
4459,5,1751575422,1751578417
4668,5,1751576613,1751580398
4386,2,1751577026,1751583219
1665,3,1751577951,1751581168
1925,1,1751580685,1751582588
3117,4,1751581114,1751583177
1004,3,1751582769,1751588899
1063,2,1751583210,1751590006
2335,5,1751585326,1751589225
2187,2,1751585996,1751588891
4060,1,1751586911,1751591493
3357,4,1751593678,1751596266
1798,5,1751593817,1751598276
2876,1,1751594614,1751596622
1440,2,1751595306,1751599142
4416,1,1751595523,1751599307
3791,3,1751598389,1751604923
1806,3,1751600477,1751602294
3169,5,1751604204,1751609552
2776,2,1751605257,1751611541
3513,1,1751605414,1751607623
1535,1,1751606032,1751612088
2894,1,1751606451,1751609766
1456,3,1751609783,1751612273
2058,4,1751622639,1751626977
2047,2,1751624065,1751630841
4145,3,1751632176,1751638315
2584,1,1751632228,1751638753
4520,5,1751636164,1751639624
1704,4,1751637536,1751641047
2925,1,1751638668,1751641669
1678,4,1751638683,1751642667
3360,5,1751641142,1751647594
3629,3,1751643757,1751650140
3868,1,1751644400,1751647792
4463,2,1751647192,1751649143
1874,4,1751652996,1751657985
2050,2,1751653301,1751656290
1100,4,1751654381,1751659309
4499,4,1751657936,1751661287
2841,1,1751658496,1751663052
4793,1,1751659903,1751663557
3963,1,1751664218,1751667230
2982,2,1751666540,1751670173
1492,3,1751669918,1751672597
3946,1,1751670254,1751676684
1216,5,1751672177,1751674343
2423,3,1751673388,1751678580
4601,3,1751677258,1751684406
4035,4,1751681392,1751683254
4102,1,1751684624,1751689530
1067,1,1751685522,1751690137
3980,2,1751688306,1751693881
4240,2,1751690547,1751695049
4463,1,1751691767,1751693728
1968,4,1751692592,1751698628
2977,1,1751693990,1751699031
3749,1,1751698732,1751705144
1554,1,1751699907,1751703955
2313,2,1751702809,1751706706
2585,2,1751703124,1751707736
2797,2,1751705086,1751709654
2390,2,1751711491,1751716243
3232,3,1751712796,1751716169
3071,2,1751716301,1751718797
1725,4,1751722965,1751726941
1974,2,1751723179,1751728120
4673,2,1751724120,1751728539
3033,2,1751725204,1751730991
3937,3,1751725545,1751732635
3659,4,1751726792,1751730487
2289,2,1751726827,1751730697
3873,2,1751729685,1751733022
1740,4,1751732571,1751737889
3460,4,1751733016,1751734844
3774,2,1751733540,1751739345
4328,1,1751737057,1751740095
3860,1,1751738143,1751744164
2285,5,1751743203,1751745684
1657,3,1751743554,1751745782
1103,5,1751743561,1751745948
2438,3,1751745243,1751750736
1068,4,1751745674,1751749300
4166,3,1751746335,1751751202
3339,2,1751746714,1751752987
4336,4,1751748097,1751754457
1800,5,1751749755,1751755686
2205,4,1751749826,1751752646
4253,3,1751751054,1751756829
2041,4,1751757628,1751759521
1154,3,1751758609,1751763868
4461,4,1751762791,1751766895
2922,4,1751763393,1751770346
1285,3,1751764575,1751770623
2680,2,1751764985,1751769358
2940,4,1751765595,1751770563
3963,2,1751769363,1751772835
2341,3,1751769411,1751771990
3456,1,1751771079,1751775286
4413,3,1751771498,1751774759
1919,5,1751771567,1751778608
3946,1,1751772693,1751775718
4312,2,1751773119,1751778635
4823,2,1751774865,1751776833
3816,2,1751776544,1751780506
2089,5,1751777142,1751781932
4548,3,1751777807,1751782641
4709,5,1751780078,1751786981
2658,3,1751784620,1751790393
2332,2,1751785169,1751790772
2464,2,1751786355,1751788326
4121,5,1751789479,1751793230
4335,4,1751790533,1751797338
3395,4,1751791988,1751796160
3963,2,1751794256,1751797687
2680,1,1751795821,1751800503
4995,1,1751797148,1751800138
3475,5,1751797189,1751803252
1529,2,1751798161,1751800810
2586,4,1751801131,1751804115
1907,1,1751801805,1751806687
1960,2,1751803113,1751807583
3414,3,1751804041,1751809789
4698,5,1751804739,1751809869
3382,3,1751807547,1751811905
3683,4,1751808648,1751815611
4993,4,1751810147,1751814175
1378,1,1751810430,1751815748
4241,1,1751810658,1751814721
1972,5,1751814063,1751819143
2308,3,1751821371,1751823533
1019,4,1751823613,1751826038
3640,2,1751825080,1751828814
3715,4,1751827294,1751831686
1072,4,1751830982,1751835143
3062,3,1751831365,1751834120
2671,4,1751832548,1751839369
3729,3,1751833037,1751837807
1926,2,1751834140,1751837665
2847,1,1751834313,1751838914
2282,1,1751834832,1751839154
4873,4,1751834841,1751840915
3764,4,1751837039,1751843804
3053,3,1751837221,1751844178
1919,3,1751838084,1751844495
3318,3,1751838931,1751845032
4520,4,1751845400,1751851890
3324,5,1751846874,1751853109
3213,5,1751852334,1751858734
3912,3,1751853003,1751856509
2107,5,1751853574,1751857888
4500,1,1751856740,1751863087
4087,1,1751857468,1751859974
1057,5,1751858643,1751861765
1698,1,1751859883,1751862528
2031,1,1751860087,1751862702
3070,3,1751861215,1751865844
4377,1,1751863428,1751867880
2680,1,1751864370,1751866407
2199,4,1751865381,1751869840
1237,5,1751866140,1751869856
4867,2,1751867751,1751870055
4641,5,1751868152,1751871928
4708,2,1751872994,1751877358
2680,3,1751873635,1751877754
3474,1,1751874217,1751878927
2656,1,1751877065,1751881424
1661,1,1751877420,1751880960
3562,1,1751877719,1751883117
1246,1,1751881902,1751884239
2051,1,1751885021,1751887037
2642,1,1751887545,1751889478
3966,1,1751887753,1751892189
4551,2,1751889307,1751892875
4018,4,1751891691,1751895784
3102,4,1751891943,1751895605
1683,3,1751891963,1751895711
1694,5,1751893775,1751898324
1806,3,1751894900,1751900834
2565,2,1751895687,1751900838
1130,4,1751895782,1751897896
3418,2,1751897783,1751902106
2294,4,1751898137,1751901274
3848,3,1751899456,1751906337
1512,4,1751899877,1751903947
1887,1,1751901571,1751906716
4986,4,1751901720,1751906024
4423,4,1751902064,1751906003
1940,2,1751902785,1751907074
2754,2,1751905299,1751911160
4283,5,1751905397,1751909251
1398,1,1751906180,1751913058
4073,5,1751906521,1751909642
4236,2,1751906984,1751909232
3768,1,1751908482,1751914690
2416,4,1751908924,1751913480
2872,2,1751913303,1751915455
4167,1,1751915158,1751921258
3752,3,1751916787,1751920597
2190,1,1751917256,1751920362
3881,3,1751918207,1751921076
1373,4,1751920405,1751925853
3625,1,1751921390,1751923905
4212,4,1751921527,1751923490
4881,2,1751925017,1751930388
2622,2,1751925324,1751931732
3016,1,1751925446,1751929914
1114,1,1751935748,1751941320
2107,1,1751935930,1751938272
4592,2,1751936226,1751939348
4414,5,1751938199,1751943502
3887,5,1751939389,1751942215
1542,5,1751941193,1751946870
2219,4,1751941203,1751944456
1899,2,1751945110,1751947275
2297,4,1751948951,1751955277
2673,2,1751951077,1751953702
2627,2,1751952316,1751956068
3327,4,1751954141,1751959041
1859,4,1751956574,1751962865
3566,1,1751957018,1751962003
2934,1,1751963389,1751968725
3965,4,1751963943,1751967621
2162,1,1751965030,1751967310
4098,1,1751965146,1751971478
2680,1,1751965862,1751967673
2400,5,1751966904,1751973616
4156,4,1751967154,1751971206
1568,4,1751968489,1751972460
4356,4,1751972160,1751974599
3377,1,1751974035,1751977534
4977,4,1751975317,1751981805
1250,4,1751976901,1751980030
2801,2,1751977618,1751981174
3681,2,1751978533,1751982804
4314,2,1751979621,1751985589
4812,5,1751979984,1751986109
4168,2,1751984032,1751989144
4673,4,1751986000,1751988773
3253,1,1751988907,1751993441
4713,2,1751989013,1751995239
2867,1,1751989813,1751992402
4650,5,1751989987,1751993594
4973,1,1751990919,1751995570
4366,5,1751992194,1751998321
4160,1,1751996862,1752001815
3750,3,1751999042,1752002890
2745,5,1752000120,1752005035
2570,2,1752003613,1752006355
2020,4,1752004481,1752008793
3996,5,1752006446,1752010893
4531,1,1752006636,1752009341
1078,5,1752008356,1752013870
1500,1,1752008475,1752014573
4851,5,1752008808,1752014988
2559,4,1752009098,1752011381
3933,4,1752009559,1752012890
3555,4,1752010446,1752015427
4448,2,1752010668,1752015608
3555,2,1752011634,1752017981
3111,3,1752013465,1752016714
4401,1,1752013647,1752020706
2039,5,1752014593,1752017020
2521,1,1752017979,1752024526
4454,1,1752018198,1752022962
4419,2,1752022101,1752027416
4828,2,1752022105,1752027804
3270,4,1752022521,1752024783
1699,2,1752022986,1752029442
4513,4,1752026398,1752029391
2887,1,1752027052,1752030585
2250,4,1752031721,1752038154
1425,3,1752039359,1752046174
3748,3,1752039378,1752041980
4178,1,1752040323,1752046482
3793,1,1752041384,1752044356
1489,1,1752042241,1752044501
2858,2,1752042799,1752045598
4148,1,1752045427,1752047246
4713,5,1752046629,1752050969
4385,1,1752049441,1752055915
3492,1,1752051725,1752055080
2285,1,1752054762,1752058817
3485,3,1752055046,1752057632
3326,4,1752057602,1752060414
2107,3,1752058104,1752061919
2909,5,1752060246,1752065449
1325,5,1752061042,1752066189
4144,1,1752065387,1752070262
1571,3,1752066170,1752069469
3760,5,1752069619,1752073218
2305,3,1752072892,1752080071
2883,4,1752074623,1752080573
3603,5,1752075591,1752080765
1683,5,1752079544,1752082389
4810,2,1752086375,1752092813
4066,2,1752088773,1752095065
1728,1,1752091044,1752094838
1926,5,1752091414,1752096782
2039,5,1752096675,1752101948
1466,4,1752096931,1752098768
1275,4,1752101014,1752107125
1407,1,1752102266,1752107498
2334,3,1752102975,1752109979
2867,4,1752104357,1752107777
3983,5,1752107576,1752111798
1661,2,1752110051,1752112861
1270,3,1752111830,1752115848
1940,5,1752114661,1752119673
4080,1,1752115426,1752118041
1526,2,1752116861,1752118768
1630,4,1752117689,1752120951
2162,2,1752118527,1752124601
4995,5,1752123599,1752126827
4735,4,1752124660,1752128501
4664,1,1752125305,1752132050
1556,2,1752127117,1752133993
2218,1,1752130559,1752136846
4621,4,1752131626,1752134387
2810,3,1752132574,1752139641
3894,1,1752133705,1752139641
4054,2,1752134586,1752141315
3653,4,1752135624,1752140092
3279,1,1752136381,1752140265
4339,2,1752136618,1752141117
3621,4,1752136714,1752142558
1386,5,1752137723,1752144654
4658,4,1752140794,1752146233
1590,3,1752146847,1752149729
1057,1,1752147845,1752153263
3752,3,1752149032,1752154259
3166,5,1752149062,1752154692
3395,1,1752151320,1752157645
1734,5,1752151744,1752157770
2980,5,1752153256,1752157955
4585,3,1752154442,1752159576
3818,4,1752154568,1752158554
3583,4,1752155239,1752161522
2310,5,1752155454,1752160264
4343,3,1752156774,1752161231
1107,4,1752156997,1752161877
3313,2,1752157901,1752164342
1325,3,1752158106,1752160359
2934,5,1752159277,1752162316
4335,2,1752163725,1752168811
3220,5,1752167392,1752170568
4308,2,1752167450,1752172748
2739,4,1752168068,1752172601
4016,1,1752168800,1752171805
1296,3,1752174174,1752180152
3550,3,1752174243,1752176093
2336,4,1752174582,1752180455
3836,1,1752176695,1752183823
2064,1,1752178239,1752182647
3297,3,1752179373,1752186019
4017,4,1752179596,1752182006
4356,1,1752181998,1752185790
1752,2,1752183175,1752189440
3550,5,1752183926,1752185815
1527,4,1752189377,1752193698
4430,1,1752189549,1752194531
3329,3,1752190939,1752193435
1567,4,1752191122,1752194707
1691,2,1752191148,1752194588
2801,4,1752192534,1752197856
4344,3,1752193940,1752196811
1814,4,1752196297,1752200617
1881,3,1752199760,1752206196
2016,1,1752202237,1752205705
2761,1,1752203069,1752208871
4094,5,1752203605,1752207148
4448,1,1752204736,1752209727
4564,5,1752205994,1752212715
4797,3,1752208486,1752213143
4148,5,1752208823,1752210799
3088,3,1752211153,1752214108
4506,3,1752213295,1752220313
2063,2,1752215322,1752219297
1484,2,1752215367,1752221323
3937,1,1752216687,1752219286
1823,2,1752216829,1752224027
1083,2,1752217051,1752221427
3104,1,1752217669,1752221289
1158,1,1752218490,1752224097
3653,4,1752223129,1752229156
3117,2,1752223757,1752227561
2711,1,1752223919,1752228869
4344,3,1752224571,1752227121
4585,5,1752225803,1752229963
1045,5,1752226098,1752232611
2521,5,1752226553,1752229537
4985,1,1752230493,1752235158
4977,1,1752230608,1752234107
3634,3,1752234773,1752236951
1975,5,1752238081,1752241740
2238,2,1752239300,1752244831
3050,1,1752240318,1752244240
3784,2,1752242025,1752244859
4757,3,1752242059,1752247656
2804,4,1752243349,1752247717
2750,3,1752244687,1752247156
4157,4,1752245030,1752250504
1483,2,1752247217,1752249103
1588,4,1752248701,1752252292
3379,1,1752250177,1752253565
4441,4,1752251027,1752255912
3665,4,1752251541,1752257410
2802,3,1752253151,1752256208
3117,1,1752254870,1752259738
4216,2,1752257408,1752263531
2041,5,1752257924,1752263892
3496,5,1752259070,1752265008
4403,4,1752265133,1752270530
3327,5,1752267434,1752271308
3345,5,1752270534,1752272469
2486,1,1752270732,1752277189
3706,3,1752273110,1752280064
2540,3,1752275633,1752281148
2548,2,1752275712,1752281125
3448,5,1752277651,1752282189
1439,5,1752282564,1752285274
1067,1,1752283643,1752289733
2158,2,1752287281,1752291281
4869,2,1752289139,1752293124
3155,4,1752289766,1752293882
3963,4,1752290749,1752293885
2724,5,1752291291,1752296206
3328,3,1752292292,1752297556
1431,2,1752294553,1752297237
4199,4,1752299239,1752306155
4917,4,1752299362,1752301667
2521,2,1752301259,1752308152
3417,2,1752301358,1752307126
2524,3,1752305904,1752309097
4099,5,1752306738,1752310496
3963,3,1752308669,1752315785
2776,3,1752309728,1752315965
2423,3,1752310175,1752314544
4609,5,1752312396,1752315266
1494,4,1752315596,1752317718
2221,1,1752316496,1752318505
4917,4,1752322756,1752325095
3783,1,1752323436,1752326128
3470,4,1752324625,1752326432
1215,4,1752325233,1752329331
2130,3,1752325806,1752332745
4020,2,1752326214,1752332097
4135,2,1752327193,1752333591
4158,2,1752327287,1752333949
4899,1,1752328728,1752332843
4847,1,1752331558,1752335879
1661,4,1752331595,1752334662
1237,5,1752333625,1752337363
4026,5,1752336029,1752339229
1343,4,1752336496,1752340802
4423,3,1752337689,1752339978
1302,1,1752338516,1752340470
3645,3,1752338742,1752342225
1529,4,1752339457,1752346063
3911,2,1752339940,1752345626
1154,5,1752340799,1752342663
2035,3,1752342881,1752344901
2829,2,1752347593,1752349416
2846,4,1752347607,1752354581
4608,4,1752348557,1752352776
4144,5,1752350015,1752353535
1153,5,1752350201,1752355899
4270,4,1752350572,1752357425
4031,2,1752351466,1752356203
1698,1,1752351505,1752357057
4807,5,1752352053,1752357532
2889,3,1752353282,1752355515
1968,5,1752353874,1752360122
4976,1,1752356013,1752362234
1319,3,1752356456,1752362624
3894,2,1752357733,1752360026
3380,2,1752358597,1752362865
1468,2,1752359356,1752365891
2143,1,1752361265,1752364616
3831,2,1752361361,1752364703
4325,5,1752361933,1752366961
1891,2,1752363685,1752369793
2013,2,1752364149,1752366759
1689,5,1752364279,1752369576
3851,4,1752365648,1752371744
4517,2,1752366105,1752373249
3693,5,1752370284,1752375430
4091,4,1752371965,1752375586
1102,4,1752372114,1752376548
3983,4,1752372812,1752379938
4569,3,1752372933,1752376272
4299,2,1752373626,1752379073
3167,4,1752374302,1752377509
4258,1,1752375852,1752382338
4659,5,1752376864,1752380127
3261,4,1752380458,1752382623
4049,2,1752383369,1752389362
1018,5,1752385346,1752387179
1101,3,1752385934,1752391170
2306,3,1752387054,1752389482
2746,1,1752387488,1752392667
4236,3,1752387805,1752390911
3920,2,1752389622,1752392776
2620,2,1752391259,1752397864
1218,1,1752392353,1752397869
4965,4,1752392643,1752396766
1396,5,1752392683,1752399390
2113,3,1752398655,1752405534
3427,4,1752401071,1752407302
2774,4,1752403742,1752407617
1800,5,1752404033,1752405894
4691,3,1752406442,1752408616
3511,4,1752406590,1752411676
4317,1,1752408509,1752412149
1673,5,1752410757,1752413738
4106,3,1752411062,1752414763
1717,2,1752411129,1752413714
4962,5,1752413199,1752415368
3212,4,1752413651,1752417174
4049,4,1752414999,1752418502
3848,3,1752416326,1752418164
2517,2,1752417329,1752423021
4351,2,1752421858,1752428285
2186,3,1752422424,1752424602
2772,2,1752424088,1752429347
4691,1,1752424724,1752431482
2475,1,1752425342,1752431522
2097,3,1752425496,1752430390
4712,2,1752426495,1752431618
1272,1,1752426842,1752429995
4861,4,1752428411,1752432517
3561,1,1752428538,1752434421
4768,2,1752429569,1752432231
4975,2,1752430540,1752433873
4232,4,1752431958,1752435586
4362,2,1752433055,1752435841
1833,5,1752433167,1752438179
2936,5,1752435286,1752437828
4622,5,1752436713,1752442235
3797,1,1752437299,1752441439
2671,1,1752437664,1752440346
2438,3,1752438841,1752445445
4473,4,1752441395,1752446228
1535,4,1752441806,1752446952
2627,5,1752442336,1752445345
4112,5,1752442776,1752449884
3545,4,1752442943,1752448355
1630,3,1752443129,1752445799
4283,3,1752444455,1752449284
2846,1,1752447276,1752453286
2568,4,1752448085,1752455182
1128,1,1752448775,1752455071
4286,2,1752449220,1752452177
1939,3,1752449837,1752452055
3141,2,1752450648,1752455032
2490,1,1752453184,1752457028
4730,5,1752455744,1752458738
4991,3,1752456357,1752459097
3322,3,1752457800,1752460558
1331,4,1752458040,1752464054
4754,3,1752458386,1752464185
4634,1,1752459075,1752464329
4768,5,1752460551,1752462851
2385,4,1752460869,1752467251
2843,5,1752465131,1752469836
1976,5,1752465779,1752468572
1376,5,1752466898,1752470582
4964,1,1752475201,1752479769
3430,2,1752475648,1752481766
3495,1,1752476298,1752481910
4145,2,1752476344,1752481640
2031,4,1752476638,1752478899
1796,3,1752477540,1752480368
3826,3,1752477722,1752480837
2444,4,1752478909,1752481583
3318,5,1752479461,1752482784
1654,5,1752480429,1752483726
1924,3,1752482335,1752485386
1689,5,1752483360,1752488923
1988,1,1752485860,1752491111
3670,1,1752486467,1752491393
4089,5,1752488201,1752493914
2653,3,1752488790,1752494212
2142,3,1752493222,1752498667
1897,3,1752493427,1752495831
3996,4,1752493584,1752497924
2399,2,1752494151,1752500958
2415,1,1752495791,1752498068
1845,4,1752497128,1752502850
1240,3,1752498040,1752500862
1862,4,1752500699,1752503739
3653,3,1752501182,1752504878
4135,1,1752502121,1752509310
4149,4,1752502734,1752507596
4972,1,1752503787,1752509115
1816,1,1752504012,1752510808
2045,3,1752504623,1752509397
3555,2,1752504741,1752511880
2568,2,1752505458,1752511011
1444,3,1752505941,1752510862
1484,5,1752509992,1752514140
2008,3,1752510283,1752517385
1339,1,1752510438,1752514286
4715,4,1752511505,1752515101
4918,1,1752519367,1752523057
1042,2,1752519928,1752523044
3074,1,1752521486,1752527429
1482,5,1752523296,1752528396
4754,4,1752523455,1752526635
3081,5,1752524749,1752528552
1186,2,1752526134,1752531140
2436,1,1752527358,1752532691
2410,5,1752527455,1752531801
2876,5,1752533273,1752537785
2867,4,1752534847,1752538479
2378,1,1752535444,1752539297
4575,2,1752538414,1752543984
2283,1,1752539698,1752542852
1968,5,1752542590,1752547936
4061,2,1752543113,1752545786
2213,2,1752543742,1752550502
3206,3,1752545052,1752549558
4930,2,1752546525,1752551386
2385,4,1752546678,1752551774
1594,2,1752548297,1752554100
1264,2,1752548627,1752551467
2798,3,1752549055,1752553699
4473,4,1752549796,1752553753
2314,5,1752549806,1752554030
1241,4,1752551012,1752556688
1897,1,1752553606,1752557119
1324,4,1752554091,1752557529
4101,1,1752554182,1752558301
4411,4,1752555089,1752560863
1783,2,1752555884,1752559687
2008,2,1752557456,1752561555
2471,2,1752561183,1752565266
2461,4,1752562205,1752564515
4429,5,1752564171,1752568414
1220,1,1752566185,1752569743
3071,3,1752567152,1752573279
1519,5,1752570549,1752575141
2699,4,1752573639,1752577099
1172,1,1752574628,1752579814
2383,2,1752575068,1752577334
1683,1,1752575117,1752578422
4799,1,1752575140,1752577591
2683,5,1752577062,1752580585
4454,5,1752577566,1752581137
3601,1,1752578412,1752584349
2219,1,1752578604,1752582492
2891,5,1752581050,1752584878
1112,4,1752584661,1752586596
4673,1,1752586049,1752589650
1728,2,1752586073,1752591102
2548,2,1752586120,1752589966
1484,3,1752586941,1752589060
3654,2,1752592698,1752595620
2534,2,1752593354,1752595509
3332,1,1752593862,1752600225
3804,4,1752594078,1752599237
4117,5,1752594385,1752600347
2191,3,1752595551,1752601246
1301,4,1752596555,1752602725
1524,5,1752600095,1752602752
2266,5,1752601182,1752607100
2004,1,1752603923,1752606770
1269,3,1752604016,1752610320
4802,3,1752608341,1752614680
4897,4,1752608499,1752612510
3783,1,1752612548,1752615225
3280,1,1752612614,1752619181
2745,2,1752614119,1752621156
1561,4,1752615096,1752617825
2936,2,1752615477,1752620572
4048,5,1752615961,1752618825
4464,3,1752616196,1752619829
2159,3,1752618608,1752623816
3111,5,1752619035,1752622928
1462,2,1752624571,1752630759
1526,2,1752625145,1752627265
3581,5,1752625372,1752629794
4981,5,1752625645,1752629955
3721,1,1752628098,1752631259
4311,1,1752628144,1752632434
1493,4,1752635990,1752639062
2993,4,1752638074,1752642829
4632,4,1752640062,1752642406
3017,1,1752640926,1752645170
2699,4,1752641810,1752644630
2041,5,1752643546,1752648735
2471,2,1752644789,1752648050
2933,5,1752647371,1752653650
4035,5,1752649760,1752656784
4993,1,1752650705,1752655849
2158,1,1752653570,1752658749
4847,1,1752656194,1752658666
3719,5,1752656512,1752659159
2993,5,1752658402,1752661047
2119,5,1752658940,1752661617
1347,1,1752660934,1752663923
4094,2,1752661078,1752664453
2063,2,1752665241,1752667586
4877,5,1752667975,1752671038
4261,4,1752668874,1752670759
1259,4,1752673521,1752676020
4268,4,1752674059,1752678048
3980,3,1752678046,1752683191
4866,3,1752679445,1752683336
2943,1,1752680989,1752687060
4344,4,1752681516,1752687999
3863,5,1752684292,1752689616
2966,5,1752684807,1752689481
1412,1,1752688200,1752691254
4886,5,1752688477,1752694964
3735,3,1752688874,1752692109
4276,4,1752689210,1752693951
2274,5,1752690127,1752695051
2485,5,1752690177,1752696222
3327,5,1752690261,1752693053
1103,4,1752692736,1752694593
3496,1,1752693889,1752695920
2879,3,1752695463,1752701228
2820,2,1752697446,1752699937
2465,1,1752698293,1752704021
4851,5,1752701658,1752706121
4179,3,1752701828,1752704340
3218,5,1752702959,1752709001
4287,4,1752704869,1752709705
2705,4,1752706297,1752711874
2353,3,1752709038,1752712047
4855,4,1752709449,1752711483
3569,4,1752709510,1752714851
4404,1,1752710271,1752717384
3174,3,1752712290,1752716713
4473,5,1752713483,1752717194
2127,3,1752713964,1752716674
1387,1,1752716687,1752723049
1561,5,1752718151,1752721837
4970,1,1752718943,1752723931
3081,1,1752721557,1752728623
1809,1,1752721917,1752725168
2585,3,1752723049,1752726555
1461,5,1752723558,1752730718
1698,2,1752725083,1752727213
4336,2,1752726438,1752728310
3081,2,1752727602,1752734226
2757,2,1752728541,1752732808
2535,5,1752729469,1752734964
3546,3,1752730398,1752733057
2727,1,1752732794,1752737374
1431,5,1752733031,1752739930
1124,4,1752733430,1752738190
1383,1,1752733663,1752736903
4855,1,1752733736,1752740248
1303,2,1752736576,1752740913
2589,3,1752739050,1752744095
3016,3,1752739371,1752741288
1496,1,1752739983,1752743766
1062,2,1752740001,1752744359
3818,5,1752742662,1752747990
3395,1,1752744055,1752749438
1912,3,1752744728,1752751021
2077,1,1752745659,1752749650
1287,2,1752747535,1752752047
1546,3,1752748467,1752752005
2601,5,1752749632,1752753314
3885,5,1752750238,1752754529
1434,3,1752751580,1752755140
3695,4,1752752292,1752758068
2532,1,1752752367,1752758429
2219,1,1752756097,1752759195
1968,4,1752756727,1752758571
1909,1,1752758112,1752762762
3289,4,1752758245,1752764471
3810,2,1752759733,1752762999
2516,4,1752760307,1752765723
4647,3,1752762674,1752767594
3633,1,1752765012,1752768597
2822,1,1752769706,1752776724
1117,3,1752769834,1752771941
2722,1,1752770030,1752773903
3780,1,1752771078,1752773970
1863,4,1752772184,1752777811
1975,1,1752773232,1752777079
2365,5,1752774379,1752778757
4627,5,1752774847,1752778910
2993,1,1752778113,1752785228
3551,1,1752779452,1752782252
3694,2,1752783832,1752788993
1494,4,1752785766,1752789179
2580,5,1752785813,1752791450
2994,2,1752786705,1752789359
1400,1,1752789014,1752791100
4851,1,1752794141,1752800041
2066,3,1752795974,1752798795
4871,4,1752797538,1752801747
1287,2,1752801538,1752806128
4066,5,1752806208,1752811383
3866,4,1752806511,1752811290
3194,3,1752806655,1752813346
1130,5,1752806805,1752811261
4965,4,1752809329,1752814049
1497,4,1752811505,1752813400
2703,1,1752811780,1752816419
4283,1,1752812886,1752815080
1582,3,1752813277,1752820267
1163,5,1752814010,1752818410
4965,5,1752816537,1752820503
1549,5,1752816612,1752819671
1780,3,1752817033,1752821545
1347,4,1752817692,1752821093
1897,4,1752819752,1752825794
1652,4,1752820650,1752823533
1184,4,1752822733,1752825938
3874,2,1752823101,1752829195
3579,2,1752825938,1752830542
2723,3,1752827236,1752832405
3591,3,1752827939,1752833072
3179,2,1752828811,1752835141
2526,4,1752830675,1752834531
4698,2,1752831533,1752836505
2922,3,1752831700,1752835524
2310,2,1752831776,1752835485
1572,3,1752832608,1752837790
3528,3,1752834067,1752840007
4604,5,1752834601,1752840913
2429,5,1752834740,1752837944
3550,1,1752835468,1752839771
3411,5,1752836889,1752843710
1995,4,1752837591,1752842038
3156,4,1752841086,1752844530
3263,2,1752843706,1752847796
2798,5,1752845444,1752851784
1694,2,1752846255,1752853106
3906,1,1752848124,1752855312
4624,2,1752851504,1752853453
3729,5,1752853259,1752856841
3314,3,1752853817,1752859633
4622,5,1752855066,1752857865
1809,4,1752856486,1752863445
3380,3,1752857045,1752859404
3828,4,1752857408,1752861497
2601,3,1752859670,1752865087
2838,4,1752862394,1752868941
4906,3,1752865464,1752869911
3750,4,1752865954,1752868450
1680,4,1752866152,1752869137
3378,2,1752868718,1752871402
4088,2,1752869714,1752874601
4069,1,1752870628,1752876064
3445,2,1752871662,1752876184
2871,1,1752872074,1752875963
1055,3,1752873807,1752880633
3414,2,1752883366,1752888788
4055,2,1752883837,1752889481
4632,2,1752885749,1752889454
4183,4,1752885898,1752891910
4654,3,1752885949,1752890972
3975,1,1752886283,1752889344
3560,1,1752886319,1752888858
3050,1,1752886635,1752890320
4177,2,1752890217,1752895138
1034,4,1752890778,1752896718
1981,5,1752891719,1752893526
1937,3,1752894531,1752900636
4022,2,1752895147,1752898610
4160,4,1752895584,1752902150
4898,4,1752899837,1752904223
4348,4,1752904742,1752909633
4222,4,1752904858,1752907948
3339,1,1752909462,1752915469
4409,2,1752910883,1752914688
2337,5,1752914750,1752917342
2274,2,1752916274,1752922182
3186,2,1752916380,1752919510
2805,3,1752916755,1752923841
2243,2,1752919777,1752923908
2487,3,1752924381,1752929509
2100,5,1752929201,1752932642
1167,3,1752929261,1752933353
4506,5,1752930393,1752932751
4952,5,1752934747,1752941283
2127,3,1752939494,1752942210
2683,5,1752939758,1752945238
1383,5,1752944002,1752950947
4359,4,1752944789,1752946869
4291,5,1752947023,1752953918
3360,1,1752949019,1752955493
4191,5,1752949277,1752953307
3624,3,1752949514,1752952865
3693,5,1752949719,1752954896
4809,1,1752950261,1752953028
2438,3,1752953747,1752957097
2878,4,1752957703,1752961925
3756,3,1752958595,1752962520
1781,3,1752959184,1752964504
3674,4,1752960339,1752962596
1573,1,1752963026,1752965222
4425,3,1752964006,1752965994
3104,3,1752964036,1752966430
1013,2,1752964843,1752970730
4012,2,1752965804,1752972913
1049,1,1752967307,1752973947
1136,4,1752967429,1752972418
1058,3,1752971345,1752975247
2002,4,1752973781,1752977953
4015,3,1752975370,1752982453
3693,5,1752975801,1752982288
1104,1,1752976130,1752978969
2920,2,1752976415,1752978251
3937,5,1752977068,1752979767
1689,3,1752977358,1752979502
3797,5,1752977754,1752982229
4873,4,1752978250,1752982897
2058,1,1752978649,1752983307
2356,4,1752979402,1752985624
1214,4,1752979527,1752984327
2561,5,1752979916,1752984862
2199,5,1752981760,1752986906
4495,1,1752982180,1752984948
3443,5,1752984229,1752991097
4387,5,1752984933,1752989371
4420,2,1752985195,1752990993
1487,5,1752985789,1752990504
2703,4,1752987434,1752991983
1312,2,1752987745,1752991182
1305,2,1752988048,1752992910
2559,3,1752989075,1752994621
3606,4,1752989118,1752994722
2769,4,1752991785,1752995760
4261,5,1752994752,1752997302
1372,3,1752995048,1753001991
3427,2,1752995835,1753002088
4222,5,1752996881,1753002568
3737,1,1753005660,1753012307
4054,2,1753005706,1753008360
2574,3,1753006065,1753009742
3920,3,1753006660,1753010248
3591,1,1753009158,1753014331
1399,3,1753010549,1753015888
1167,3,1753011161,1753016185
2632,5,1753011467,1753013486
2825,5,1753014700,1753016818
4099,1,1753017155,1753021463
1642,1,1753018499,1753022899
4659,1,1753019031,1753022977
4021,2,1753019213,1753021942
1316,1,1753020150,1753026062
1761,1,1753022743,1753027855
1868,2,1753022923,1753026845
2093,4,1753024346,1753030407
4100,2,1753025510,1753029660
4574,3,1753025664,1753032699
2745,1,1753025860,1753030402
3727,1,1753026825,1753030451
3175,4,1753026951,1753032417
3050,4,1753027354,1753031406
1561,2,1753028130,1753030542
1842,5,1753041424,1753046459
4175,4,1753043322,1753047394
3003,1,1753044374,1753049954
3791,1,1753047679,1753054857
3013,2,1753049797,1753056270
1191,1,1753049812,1753051666
2570,2,1753056003,1753060509
2255,3,1753056928,1753062250
3528,1,1753057785,1753064921
1587,1,1753061633,1753066611
4065,2,1753062877,1753067011
3779,5,1753063644,1753066752
4521,5,1753067929,1753073595
2029,5,1753068557,1753074880
2605,3,1753068704,1753075541
3576,1,1753068793,1753072553
2007,4,1753069612,1753075324
3752,1,1753070234,1753073107
1260,5,1753070247,1753075984
3933,5,1753071863,1753074133
1781,2,1753074892,1753077651
3978,4,1753075088,1753081579
3068,3,1753075993,1753079460
2938,5,1753076051,1753081816
2783,3,1753077148,1753080972
2100,3,1753080518,1753086712
3259,2,1753083308,1753085636
3728,2,1753084439,1753091335
4922,4,1753084826,1753087754
4531,5,1753088291,1753093676
3496,1,1753088399,1753090306
4164,5,1753090144,1753093766
1013,3,1753091178,1753097891
1186,2,1753096130,1753098357
1276,3,1753101196,1753105646
2139,1,1753101662,1753106643
2173,4,1753104430,1753106390
4770,5,1753109232,1753112931
3482,4,1753111587,1753113637
1097,5,1753112722,1753119055
1990,2,1753113476,1753119394
1919,5,1753114181,1753118264
3414,3,1753116201,1753120714
3879,3,1753117171,1753122791
3430,2,1753118857,1753121296
2160,4,1753121133,1753126671
1260,2,1753122148,1753125615
4964,3,1753122792,1753125128
4098,4,1753123789,1753126612
4420,4,1753124070,1753126152
4696,2,1753124582,1753129001
1578,3,1753127604,1753129740
1317,1,1753129320,1753132222
2510,2,1753131223,1753138059
1907,3,1753131501,1753135036
4222,1,1753131597,1753136487
2097,3,1753131911,1753136678
2136,1,1753133394,1753139488
4158,1,1753133655,1753135545
2843,1,1753139063,1753141267
1567,3,1753140449,1753145682
2820,4,1753141569,1753144556
2285,5,1753146467,1753149789
4800,2,1753147199,1753151842
1094,3,1753147503,1753153603
2015,5,1753150244,1753154535
2313,3,1753152037,1753154834
2319,2,1753152093,1753155518
1701,4,1753152659,1753158132
4657,2,1753157910,1753160200
1874,3,1753158855,1753163287
1694,1,1753159007,1753160837
1202,4,1753159288,1753164326
4950,1,1753160590,1753166709
3082,4,1753162208,1753166885
1565,5,1753163195,1753166557
3732,3,1753165884,1753169513
2002,3,1753166690,1753170056
1019,4,1753166695,1753172322
1885,5,1753167052,1753174207
2694,1,1753169622,1753173095
1986,3,1753169790,1753171980
2259,5,1753170597,1753176398
2562,3,1753172603,1753176011
1558,1,1753174505,1753181138
2422,5,1753175565,1753181203
4481,2,1753176633,1753178903
4684,2,1753177572,1753183983
2177,3,1753180477,1753186837
4797,2,1753180617,1753186487
2002,5,1753182892,1753188003
3743,4,1753183076,1753189059
1154,3,1753185949,1753189877
1647,3,1753186249,1753192042
2213,4,1753190344,1753192360
3837,2,1753194706,1753200299
4766,3,1753194758,1753197674
1571,3,1753195011,1753199349
4214,1,1753196441,1753202255
3545,2,1753199328,1753203672
1201,4,1753199566,1753204005
3784,2,1753200137,1753206228
1709,1,1753200666,1753206781
4619,3,1753201028,1753205621
2878,1,1753201031,1753203984
1172,2,1753203052,1753205006
2568,1,1753203744,1753208097
1301,3,1753205036,1753209288
4035,1,1753209222,1753213622
3575,4,1753211240,1753214912
4614,2,1753211364,1753217843
4087,2,1753212869,1753215773
3853,1,1753212998,1753215572
4308,5,1753213064,1753218784
4052,2,1753216590,1753223245
1317,4,1753216656,1753220813
1077,1,1753217243,1753220606
4988,5,1753217270,1753224057
4631,1,1753220336,1753224368
2135,4,1753222468,1753224415
2993,1,1753225193,1753230120
4285,5,1753227014,1753231511
4203,1,1753230968,1753236914
3004,4,1753231443,1753234458
3784,5,1753232703,1753235763
2580,2,1753233667,1753239388
4390,4,1753236093,1753238013
3918,5,1753237927,1753243724
3971,5,1753249274,1753255751
4599,2,1753249738,1753255134
4418,1,1753249805,1753255020
3641,3,1753252448,1753259425
2746,4,1753253079,1753260014
2688,4,1753257231,1753259167
2655,4,1753257939,1753260289
4923,2,1753258109,1753265286
3546,3,1753259078,1753263846
2713,5,1753259197,1753264756
4465,2,1753260404,1753266793
4252,1,1753262178,1753264507
4404,1,1753262852,1753268366
4634,3,1753263513,1753265665
1562,2,1753264644,1753266990
4174,4,1753264793,1753267675
3693,2,1753266268,1753269295
4359,1,1753267518,1753273177
2069,2,1753267716,1753273281
3160,1,1753267782,1753270237
1172,1,1753269289,1753274602
3290,2,1753273028,1753275379
3851,4,1753273083,1753277747
1874,2,1753283233,1753289753
4159,3,1753286647,1753291157
3583,4,1753286715,1753288880
2274,2,1753288973,1753293712
2485,2,1753289389,1753291439
2903,3,1753291219,1753293895
3947,3,1753292386,1753299541
3750,1,1753292512,1753299608
1560,4,1753292573,1753298729
3576,3,1753298372,1753303452
3878,2,1753300185,1753304458
2459,3,1753301074,1753303762
4832,1,1753303301,1753305175
3194,3,1753303306,1753306765
4335,5,1753304942,1753307220
2314,3,1753305480,1753312487
2067,5,1753307366,1753310750
2047,3,1753308149,1753314673
1995,1,1753308217,1753312558
4988,1,1753308778,1753310960
1993,1,1753310508,1753312965
1746,4,1753312092,1753315657
2455,3,1753315607,1753318422
1709,5,1753318876,1753324476
4031,1,1753319489,1753325827
3001,5,1753322567,1753326122
4226,2,1753325470,1753328393
2143,1,1753325631,1753328235
2378,1,1753325992,1753330524
4666,5,1753327737,1753333631
1541,2,1753328149,1753331373
1683,4,1753328172,1753330151
2400,5,1753330507,1753334896
3153,2,1753330912,1753337414
2341,2,1753331641,1753333923
1252,1,1753334064,1753336021
4644,1,1753334532,1753340230
2305,2,1753334938,1753341344
3243,1,1753336184,1753341389
1972,5,1753336304,1753339963
4506,1,1753338346,1753344025
3641,5,1753339353,1753342459
4988,1,1753340601,1753345145
4160,2,1753344508,1753351099
4069,3,1753345670,1753350378
4566,2,1753349738,1753354893
4719,3,1753351242,1753356411
4987,2,1753352200,1753355946
2887,3,1753352540,1753358840
4490,1,1753352919,1753356741
3629,1,1753354299,1753358548
3413,5,1753355874,1753359821
3727,4,1753358723,1753362077
2761,4,1753359003,1753365339
4481,3,1753360835,1753367947
1914,5,1753361231,1753364856
4791,3,1753363008,1753369476
1728,4,1753363436,1753366395
4089,1,1753366536,1753368646
3427,3,1753366596,1753369901
2754,3,1753368316,1753373811
2342,4,1753370121,1753374091
4760,4,1753370289,1753376755
4013,2,1753371252,1753377699
2808,1,1753372112,1753378291
3380,5,1753372211,1753375233
4163,2,1753372726,1753377174
1596,4,1753374189,1753380169
2285,4,1753374231,1753380103
4213,4,1753377359,1753383264
4739,1,1753378052,1753380802
3694,4,1753379887,1753383623
2716,4,1753380769,1753383082
3469,3,1753381318,1753385179
1825,1,1753382537,1753387964
3887,2,1753382604,1753386550
1503,4,1753383634,1753388430
4025,2,1753385502,1753390222
1637,4,1753385684,1753390982
4801,1,1753386689,1753391990
1846,3,1753387814,1753390346
2002,3,1753392694,1753396650
1818,2,1753394329,1753400965
2009,3,1753395351,1753397991
3357,3,1753396498,1753401359
4283,1,1753397158,1753403492
4015,3,1753400673,1753404604
1153,5,1753402737,1753409010
3918,1,1753404735,1753408927
4877,5,1753405197,1753411256
4719,3,1753407479,1753413388
1899,3,1753408976,1753416127
2917,3,1753409214,1753414296
4982,1,1753409912,1753415755
3085,2,1753410175,1753413464
2272,3,1753417069,1753421939
4173,4,1753417138,1753423874
1875,2,1753417458,1753420105
1162,2,1753418245,1753421605
2531,5,1753418625,1753423724
4626,2,1753418930,1753420805
2801,2,1753421127,1753427080
2342,3,1753422795,1753424737
2671,2,1753424607,1753427223
4253,2,1753427973,1753431796
4980,1,1753431086,1753436463
1561,4,1753439385,1753442389
1316,5,1753439954,1753442718
1353,3,1753441202,1753446220
1497,4,1753441652,1753444976
1512,2,1753443066,1753445651
3310,2,1753443090,1753448928
4179,5,1753445913,1753447831
4062,3,1753446696,1753448496
3654,1,1753448907,1753452692
3654,4,1753450946,1753453749
2265,5,1753452162,1753457310
2886,2,1753452978,1753455915
1231,5,1753454021,1753461043
1940,5,1753454077,1753456427
3062,1,1753456798,1753459341
2472,5,1753458823,1753462582
4855,4,1753458964,1753465114
3726,2,1753459570,1753461788
1264,1,1753460589,1753465637
2355,5,1753460736,1753463377
4253,4,1753463963,1753467653
4972,4,1753464978,1753470801
2639,2,1753465048,1753469626
2212,4,1753465139,1753468859
2530,3,1753466421,1753469200
1599,4,1753474302,1753476178
2113,4,1753476391,1753482853
1593,2,1753476631,1753479585
4409,5,1753480231,1753486560
3749,1,1753481453,1753484077
4013,1,1753482941,1753489459
4175,2,1753484019,1753490953
3606,5,1753484397,1753489043
4869,3,1753484987,1753491123
4847,3,1753485742,1753491926
1382,4,1753487469,1753494541
4793,2,1753488359,1753494518
4604,1,1753488680,1753490541
1666,2,1753490384,1753493957
4761,3,1753491066,1753498235
3979,2,1753492511,1753496797
2016,1,1753493947,1753498739
1092,5,1753494792,1753499273
2259,4,1753497064,1753500664
2678,4,1753497094,1753503713
1732,3,1753497931,1753502041
2894,3,1753499580,1753502305
1740,4,1753500125,1753504547
4460,2,1753502562,1753509391
2927,1,1753505445,1753509457
3289,1,1753506764,1753510836
2539,4,1753506844,1753509822
1405,5,1753508706,1753513343
3470,4,1753512768,1753515812
1434,2,1753513143,1753515292
2830,2,1753513934,1753518884
1329,1,1753514317,1753521115
1500,3,1753517525,1753519356
3693,2,1753517663,1753521927
3054,1,1753518527,1753520522
2443,5,1753520429,1753525730
4386,4,1753521556,1753523842
1042,4,1753521756,1753527694
2153,5,1753522137,1753527943
1004,4,1753524880,1753527122
1237,1,1753527625,1753531957
2482,5,1753528013,1753530079
3220,4,1753528195,1753533561
3875,5,1753528508,1753530367
3971,1,1753531741,1753536032
1202,5,1753532443,1753536101
4784,4,1753533359,1753537539
1524,5,1753535135,1753537036
1301,4,1753536501,1753541437
4268,2,1753539204,1753541053
2479,5,1753539227,1753543096
2604,1,1753540026,1753543943
1105,5,1753543529,1753549462
3131,5,1753544339,1753547946
4709,3,1753545669,1753552243
1935,2,1753545866,1753552287
1541,1,1753547402,1753550512
1798,2,1753548413,1753550638
3068,4,1753552440,1753556298
3154,2,1753553113,1753556734
2913,1,1753553902,1753558926
3710,1,1753555048,1753557996
4242,2,1753555637,1753561795
2329,3,1753556179,1753559053
4142,4,1753557764,1753561447
4033,3,1753558233,1753560298
1007,3,1753560403,1753562607
3005,2,1753561507,1753564454
2788,5,1753562788,1753567290
1972,3,1753563037,1753569660
4406,1,1753564445,1753566522
3837,3,1753568267,1753571735
4252,3,1753570243,1753573491
3721,3,1753573910,1753576596
2553,3,1753575874,1753581382
3262,4,1753576538,1753579379
2982,2,1753576944,1753579467
4875,2,1753580286,1753585510
1996,4,1753580676,1753585356
1868,1,1753580785,1753584101
3101,4,1753581712,1753586945
3327,4,1753582489,1753587121
3556,2,1753582651,1753585583
1529,5,1753583709,1753587872
1462,5,1753585160,1753591317
1158,1,1753585717,1753590475
4761,1,1753586085,1753592567
1809,5,1753586178,1753589796
4664,1,1753587233,1753591602
1330,1,1753590006,1753596050
3994,1,1753590474,1753597310
1859,2,1753593042,1753598673
2430,4,1753593791,1753598290
3086,4,1753594235,1753596481
3728,5,1753595680,1753598786
4482,3,1753599857,1753606133
2814,3,1753599920,1753603919
2112,5,1753600359,1753605542
4205,3,1753601804,1753603835
2064,1,1753602022,1753605953
3470,3,1753606064,1753611212
4737,4,1753606557,1753610514
2757,4,1753608275,1753614739
3888,4,1753608344,1753614506
1816,3,1753608668,1753613599
2385,1,1753608983,1753610840
2995,3,1753609467,1753613319
1275,2,1753610046,1753613629
2588,3,1753610546,1753616213
4088,4,1753610704,1753615862
3381,3,1753613280,1753617172
1546,3,1753613965,1753619458
1130,1,1753616814,1753619450
1658,2,1753617058,1753621552
3579,3,1753618283,1753622381
1505,2,1753620893,1753625949
4269,2,1753621952,1753624300
4017,2,1753625319,1753630647
4283,2,1753625847,1753628823
1525,4,1753626887,1753630552
2150,4,1753627423,1753630205
3271,2,1753629294,1753633990
3495,5,1753632575,1753636360
1593,1,1753637009,1753640633
2282,3,1753638241,1753641295
1866,2,1753639893,1753645723
1909,2,1753640369,1753642357
3151,4,1753641231,1753643430
1316,2,1753643478,1753646248
2754,3,1753647430,1753650246
1394,5,1753648836,1753652002
4031,2,1753650161,1753655104
2857,1,1753650557,1753654444
1628,1,1753653265,1753658314
2486,1,1753656035,1753659137
2979,1,1753659202,1753661315
2385,5,1753660524,1753667716
1910,3,1753660801,1753665083
2904,4,1753661090,1753664452
4959,2,1753663254,1753669850
1740,5,1753664108,1753669080
4249,1,1753667419,1753673735
1493,3,1753667785,1753674777
4224,4,1753669035,1753674552
4670,3,1753669083,1753674768
1666,1,1753670528,1753673565
2203,3,1753670935,1753677148
1947,4,1753672555,1753676866
3132,1,1753673167,1753679896
3546,2,1753673321,1753679655
2838,3,1753674486,1753677067
1055,5,1753674763,1753676896
2503,5,1753675050,1753678222
3999,1,1753675307,1753680100
4878,3,1753676587,1753678698
4832,2,1753676910,1753681942
1231,3,1753678637,1753684191
1246,2,1753682815,1753688299
4965,3,1753682957,1753687574
2544,4,1753684949,1753691010
2425,5,1753686577,1753690186
2005,2,1753688950,1753693133
4873,3,1753689188,1753692188
3406,1,1753689478,1753696128
3616,4,1753689526,1753694746
1587,5,1753692590,1753695744
3668,5,1753693356,1753700152
2655,3,1753693565,1753699296
3560,1,1753693880,1753700696
2893,3,1753694485,1753700592
2274,3,1753694932,1753699733
2516,4,1753695402,1753700980
3382,5,1753700304,1753705370
3208,5,1753700362,1753702833
4377,4,1753700485,1753704909
1884,5,1753705095,1753707767
3175,1,1753707277,1753713278
2067,3,1753708362,1753710243
2066,2,1753709218,1753714243
4746,4,1753710323,1753716010
1833,4,1753710726,1753717393
1854,3,1753711218,1753715953
4898,1,1753712553,1753717974
1838,3,1753712564,1753714506
1172,5,1753713346,1753716601
2265,3,1753714640,1753716632
1846,5,1753715691,1753719067
4149,2,1753716334,1753722487
3446,1,1753717114,1753723843
2104,1,1753718508,1753722952
3734,1,1753718661,1753722284
4373,1,1753718799,1753722384
2745,3,1753718948,1753723452
4490,1,1753719079,1753724078
3726,4,1753719263,1753723156
3512,3,1753720261,1753723417
3469,1,1753721617,1753724177
3023,3,1753722484,1753727961
4093,2,1753722723,1753729656
3443,3,1753723459,1753728501
3241,4,1753724051,1753729545
4252,1,1753724854,1753731268
4358,4,1753727899,1753733330
2423,3,1753729571,1753736022
3429,5,1753730568,1753737760
1873,1,1753732161,1753739274
3278,4,1753735449,1753740431
3686,1,1753736188,1753739457
2450,2,1753738387,1753740535
3606,3,1753741949,1753744578
4473,2,1753743788,1753750467
2273,5,1753743852,1753750061
2162,3,1753745361,1753751377
1767,5,1753746773,1753748994
2429,1,1753747171,1753749152
4402,4,1753748224,1753753129
3583,5,1753748572,1753754113
4286,3,1753749694,1753756500
1635,3,1753749900,1753753062
2699,5,1753750008,1753756703
3927,2,1753750388,1753752247
2556,4,1753751013,1753754763
3591,1,1753751410,1753757899
1486,2,1753753223,1753757717
4735,3,1753753578,1753756942
3573,3,1753754524,1753757944
1278,4,1753755405,1753758657
1094,2,1753755951,1753760419
3118,4,1753757971,1753760200
3626,5,1753760163,1753767100
4557,2,1753762434,1753768683
3677,1,1753764583,1753767824
3894,3,1753766670,1753770664
1780,2,1753768490,1753773303
2183,4,1753772084,1753776731
3640,3,1753772967,1753777405
2162,3,1753773787,1753776719
4098,5,1753775712,1753782902
3578,1,1753780181,1753784754
1034,3,1753781787,1753784430
4366,1,1753782774,1753787921
2141,1,1753784150,1753787060
1739,3,1753784503,1753790767
2525,5,1753785720,1753790228
1912,2,1753786261,1753792312
1552,5,1753787802,1753789611
4771,5,1753790775,1753795961
2105,4,1753791260,1753795587
2589,5,1753797202,1753800086
4142,5,1753804777,1753811781
2574,2,1753806814,1753811124
2417,4,1753807248,1753811723
1222,2,1753808599,1753813604
1852,3,1753808979,1753814705
2814,3,1753809969,1753815623
3038,3,1753810627,1753815172
3208,4,1753811325,1753815920
2689,5,1753811973,1753814324
4757,1,1753812264,1753817459
3119,2,1753812339,1753816853
1654,1,1753814487,1753820841
3945,2,1753816394,1753819036
1670,3,1753816872,1753824017
3561,5,1753817123,1753823489
1556,5,1753817633,1753824662
3239,4,1753818991,1753820806
2277,5,1753819052,1753822301
1015,1,1753823008,1753827046
3553,1,1753825202,1753831592
2429,1,1753825237,1753830767
4432,3,1753831334,1753838060
1265,5,1753831594,1753836462
3297,2,1753833500,1753839276
2301,3,1753833649,1753838692
4717,2,1753836035,1753838196
4284,2,1753838905,1753842770
3474,1,1753841009,1753845627
2671,5,1753845093,1753851839
4634,5,1753845943,1753851457
3854,2,1753846024,1753853118
1402,4,1753846361,1753851173
3603,5,1753848771,1753851255
2849,4,1753852023,1753857753
2917,5,1753855723,1753858987
3689,5,1753858032,1753864417
2088,2,1753867487,1753869299
2066,4,1753869419,1753871553
4054,3,1753869543,1753875674
1202,1,1753876035,1753878581
1849,2,1753877133,1753881132
2518,3,1753878855,1753884664
4473,5,1753879105,1753884806
4213,4,1753880567,1753885331
3462,4,1753880709,1753882644
4621,2,1753880785,1753886788
4696,1,1753881854,1753884691
3238,1,1753882580,1753887661
4069,5,1753884410,1753886303
1218,3,1753884563,1753889977
4145,3,1753885926,1753892940
4567,3,1753886044,1753888193
3068,5,1753889505,1753894934
1058,2,1753892316,1753897655
2725,3,1753892504,1753897069
1078,3,1753896966,1753899716
1922,5,1753897222,1753899602
2688,2,1753899035,1753902381
2264,5,1753899788,1753902408
1158,5,1753901152,1753906277
4022,5,1753904763,1753908211
1425,2,1753910670,1753913309
4073,3,1753911794,1753915931
4261,4,1753912596,1753917711
4875,5,1753913619,1753915644
4950,3,1753919921,1753922618
2830,3,1753920567,1753926154
4657,2,1753922931,1753927406
1818,4,1753924663,1753926745
1948,4,1753926920,1753930726
2009,1,1753928058,1753930165
3067,1,1753928301,1753934272
4386,1,1753929548,1753934738
1689,3,1753930208,1753935151
3299,1,1753930386,1753937575
1012,3,1753930528,1753936768
1853,3,1753930805,1753937838
1253,4,1753931147,1753936150
1070,4,1753931648,1753938181
4936,3,1753933180,1753936606
3213,1,1753935298,1753940973
1502,3,1753935365,1753938278
4985,1,1753936091,1753941213
1948,4,1753936597,1753942776
1906,3,1753936610,1753943593
4734,1,1753936838,1753941171
4901,4,1753937070,1753940989
3351,3,1753939588,1753943654
4609,4,1753939715,1753945044
2086,4,1753944214,1753946247
3552,2,1753946511,1753951726
1683,1,1753951533,1753955245
4986,5,1753952345,1753954739
4578,5,1753952356,1753957182
3692,4,1753953070,1753958821
1163,1,1753953191,1753955091
4717,1,1753956272,1753958984
2780,1,1753958237,1753960312
2009,1,1753958459,1753964262
3091,5,1753960264,1753963298
4520,3,1753961468,1753965842
3414,4,1753963284,1753965452
4761,5,1753964059,1753965942
3379,1,1753965106,1753967940
3945,2,1753968041,1753974525
4898,2,1753968245,1753971889
2109,3,1753973436,1753976103
2745,5,1753973899,1753977932
2588,1,1753975131,1753977960
1754,5,1753977069,1753981652
4166,5,1753977684,1753981522
1832,3,1753984401,1753990767
3724,4,1753986044,1753990979
1215,4,1753986159,1753990698
2002,3,1753988429,1753995521
1725,3,1753990794,1753994355
3927,3,1753991392,1753998052
1535,1,1753992863,1753999214
1565,5,1753994075,1753999478
4216,4,1753995053,1754001714
4494,5,1753995409,1754002343
2865,2,1753997202,1754000015
3684,3,1753997213,1753999765
4603,3,1753999816,1754005681
4684,3,1754000556,1754004425
3445,4,1754002905,1754009991
3280,3,1754003888,1754010666
1399,3,1754006159,1754012698
2338,2,1754006867,1754012679
3569,4,1754006997,1754013615
1419,5,1754007269,1754013705
1825,5,1754008322,1754013612
1497,1,1754008837,1754010771
3050,5,1754012812,1754015074
1172,1,1754012889,1754019569
3430,3,1754013069,1754018708
4739,1,1754013729,1754018062
4675,5,1754014261,1754017232
1553,4,1754017312,1754023008
2591,2,1754018884,1754021572
2884,4,1754019313,1754023129
2958,5,1754019891,1754023478
1734,4,1754025238,1754028863
1572,2,1754026176,1754032577
3202,5,1754027721,1754034704
4566,3,1754028479,1754034980
4698,1,1754031847,1754037048
3668,1,1754033350,1754037717
1285,3,1754034064,1754041063
1630,1,1754035474,1754040149
1259,1,1754035523,1754040104
2710,1,1754038113,1754043052
4512,1,1754041970,1754047842
2235,4,1754042664,1754049344
2148,2,1754043767,1754050536
3821,2,1754046981,1754051376
4253,5,1754047127,1754049349
2294,5,1754049030,1754052431
1623,3,1754049246,1754055931
1421,2,1754049854,1754055657
3737,3,1754056444,1754060571
2653,3,1754056537,1754060281
1019,3,1754057250,1754064177
3773,4,1754057873,1754062292
2423,3,1754058395,1754063276
3812,1,1754059128,1754062367
3427,2,1754061720,1754067823
3386,2,1754062645,1754066021
4940,5,1754062712,1754069884
4911,3,1754063614,1754067817
2155,1,1754063873,1754066297
2135,3,1754065774,1754071507
1760,5,1754065833,1754067753
4855,5,1754065934,1754068717
2077,3,1754066423,1754072104
2566,5,1754066583,1754073770
3588,1,1754067460,1754069376
2154,2,1754067529,1754074686
3588,3,1754069434,1754073761
4094,5,1754072691,1754076137
2502,4,1754072945,1754079126
4111,3,1754073355,1754077664
3763,2,1754074661,1754081263
3430,4,1754075429,1754077399
2134,4,1754075471,1754078373
4824,4,1754076807,1754080993
1719,1,1754077133,1754081459
4763,2,1754082145,1754088327
2795,1,1754084030,1754088298
1670,2,1754085930,1754091283
4125,2,1754088070,1754091125
2053,4,1754088528,1754091840
1120,1,1754088867,1754092848
4490,2,1754090795,1754097726
2285,1,1754091958,1754096686
1647,2,1754092051,1754096572
4761,4,1754092475,1754097694
3191,2,1754092829,1754094902
4339,3,1754093524,1754096328
2952,5,1754095803,1754102554
1593,4,1754095815,1754101068
4143,4,1754095991,1754101507
3749,5,1754098009,1754103883
4035,2,1754098570,1754102474
4240,3,1754098910,1754104437
1103,1,1754099568,1754102976
3053,3,1754100568,1754106312
2134,1,1754100934,1754107225
2243,4,1754101463,1754104873
4377,1,1754105295,1754110259
1567,5,1754111952,1754117892
4930,4,1754112406,1754116234
3559,4,1754112963,1754118604
2683,1,1754114555,1754119466
3395,4,1754117055,1754121392
2522,1,1754117577,1754120123
4242,4,1754118019,1754124043
2699,4,1754118925,1754123162
1654,3,1754119402,1754122242
4806,1,1754120406,1754127427
1806,5,1754124704,1754126577
4326,2,1754125057,1754127655
2365,5,1754125926,1754131190
4253,4,1754126736,1754130136
2314,2,1754127184,1754129696
4897,3,1754128052,1754134565
2129,4,1754131187,1754136648
3626,1,1754131330,1754135291
2996,1,1754132184,1754134906
4766,2,1754134265,1754139911
1365,4,1754135868,1754141628
1421,3,1754137337,1754140061
2668,5,1754140560,1754144613
4982,2,1754143193,1754146332
2264,2,1754146122,1754151387
3575,1,1754146903,1754149336
4086,3,1754148182,1754152574
3038,3,1754152894,1754156287
1430,3,1754153111,1754155238
1641,3,1754156399,1754162426
4953,1,1754157407,1754161281
2750,4,1754159037,1754162190
4017,5,1754160455,1754162700
1893,2,1754162083,1754167230
2610,4,1754165949,1754168626
1343,3,1754166565,1754172748
4621,5,1754167490,1754171972
3140,3,1754168569,1754173902
2203,4,1754169531,1754171870
4213,1,1754170296,1754177146
3516,1,1754170371,1754173752
3513,2,1754171593,1754178572
4465,2,1754174517,1754177115
3520,3,1754175613,1754179321
2148,4,1754176373,1754183094
1527,2,1754176914,1754182983
4367,5,1754177340,1754181256
4717,3,1754181324,1754183819
4343,3,1754181818,1754186410
4797,2,1754185624,1754187513
2121,5,1754185861,1754189105
2326,1,1754188629,1754191867
2943,1,1754192011,1754194829
4407,3,1754192118,1754194754
2560,2,1754192934,1754195602
4106,4,1754195062,1754200138
3591,3,1754196312,1754199225
1625,2,1754198145,1754200539
4377,4,1754201154,1754207563
2801,4,1754201603,1754206338
2942,1,1754202037,1754205126
2922,4,1754202517,1754206449
4858,5,1754202822,1754207450
3209,1,1754206000,1754209726
2889,1,1754206830,1754210626
1134,3,1754209110,1754211632
1100,1,1754210963,1754213584
4539,5,1754211672,1754215952
3624,3,1754211964,1754218402
1612,4,1754213611,1754219213
3295,5,1754213686,1754216925
3903,4,1754214925,1754220522
4342,3,1754215718,1754221651
3379,5,1754215759,1754220543
2164,5,1754216277,1754222722
3338,1,1754217323,1754220812
2038,3,1754218495,1754225114
3868,1,1754218602,1754221458
3381,1,1754219891,1754224125
4253,5,1754223257,1754226263
2922,2,1754223403,1754230075
4614,2,1754223543,1754225770
4330,3,1754223657,1754228531
1042,4,1754223921,1754226836
1632,5,1754224584,1754228946
2111,1,1754225164,1754232228
4720,4,1754226562,1754229866
2792,2,1754226639,1754232316
2899,1,1754227490,1754230006
2066,4,1754229560,1754233941
2416,1,1754230529,1754233622
4271,1,1754230927,1754233646
3248,4,1754231420,1754233888
1823,1,1754238734,1754241534
4099,2,1754240171,1754243459
1553,1,1754242459,1754245519
2981,1,1754244244,1754248261
2806,2,1754244871,1754247690
3379,5,1754245703,1754248790
4625,4,1754247365,1754250631
3372,1,1754247788,1754251365
3979,3,1754249015,1754255467
1387,2,1754249685,1754251623
4411,4,1754250037,1754255924
4217,5,1754250553,1754256158
3838,1,1754252690,1754258593
2528,1,1754255086,1754260649
2703,4,1754255880,1754261895
1201,3,1754258176,1754263570
4000,3,1754259641,1754263156
3748,2,1754260221,1754265976
4308,3,1754261644,1754263615
3261,5,1754264243,1754266716
2531,2,1754264980,1754268016
2581,4,1754267354,1754272050
4717,4,1754267403,1754273848
4675,1,1754267576,1754269989
2749,2,1754272184,1754277915
2680,1,1754273755,1754280141
4709,5,1754274462,1754276775
2451,4,1754275239,1754282093
4874,4,1754276798,1754279529
2534,2,1754279598,1754283449
1100,1,1754280136,1754284884
3394,2,1754281369,1754284947
1387,5,1754289178,1754295957
2502,1,1754289241,1754293772
3603,4,1754291054,1754296773
4841,1,1754291157,1754295464
4012,2,1754291326,1754297342
2689,1,1754292080,1754296300
1350,2,1754293326,1754297862
1550,1,1754293502,1754299950
2651,4,1754294047,1754297386
4285,2,1754294101,1754296565
2243,3,1754294123,1754299625
3563,5,1754295717,1754302426
2977,1,1754295899,1754301652
3054,2,1754296172,1754300768
1694,3,1754296264,1754302933
3403,2,1754296656,1754300703
3600,5,1754297056,1754303553
2287,5,1754297082,1754300196
4551,3,1754298363,1754302606
2528,3,1754298917,1754300930
4918,4,1754301153,1754307514
3999,3,1754306598,1754308691
1227,2,1754307020,1754313724
1292,4,1754311474,1754318372
3963,3,1754311804,1754314077
4177,5,1754312989,1754319208
1153,5,1754314249,1754318740
2004,4,1754314300,1754318406
4146,4,1754317583,1754324680
2266,5,1754317797,1754324384
1426,3,1754318539,1754321463
2376,3,1754320384,1754325890
3645,5,1754320877,1754325193
1305,1,1754323024,1754328417
2264,4,1754326100,1754331617
1948,4,1754328402,1754335529
4709,1,1754328447,1754335110
4949,5,1754328999,1754333955
1279,2,1754329632,1754334894
1650,1,1754330644,1754336039
2342,3,1754330807,1754336856
1137,5,1754331210,1754337260
4906,1,1754331266,1754334952
3726,5,1754331794,1754337644
4030,3,1754332130,1754338563
3104,5,1754333899,1754338230
2101,2,1754337163,1754343109
2843,5,1754338894,1754343732
1399,4,1754341460,1754346877
4972,4,1754342391,1754348580
3936,2,1754343409,1754347689
2523,5,1754346683,1754353553
3528,2,1754346846,1754350608
2522,1,1754349672,1754351644
4668,2,1754351821,1754355628
3867,2,1754356715,1754361622
2499,5,1754359738,1754363860
1507,4,1754361532,1754367542
3445,3,1754361988,1754365781
1387,2,1754362160,1754363990
4823,5,1754362270,1754367078
3563,4,1754363217,1754369346
1665,1,1754366192,1754370732
3784,3,1754366679,1754369945
4774,4,1754366827,1754370403
1897,5,1754368441,1754372976
4432,2,1754369043,1754372597
3594,4,1754372719,1754377754
2119,2,1754375341,1754377597
1999,4,1754375350,1754377979
4164,2,1754375687,1754377647
1713,3,1754376114,1754378542
3842,3,1754379767,1754382333
2365,4,1754383686,1754388791
1759,5,1754384700,1754390937
3669,4,1754385592,1754390961
2153,2,1754388046,1754390098
1617,4,1754389736,1754393678
2004,1,1754390196,1754396870
4102,4,1754391877,1754397447
1995,3,1754391901,1754398936
2223,2,1754393450,1754399074
1412,5,1754393879,1754397854
3070,1,1754395914,1754402566
1645,3,1754396174,1754401232
2093,5,1754396561,1754398951
2502,5,1754396888,1754399085
1776,2,1754396933,1754402985
1425,3,1754397056,1754402122
2266,3,1754397185,1754403259
1398,5,1754398763,1754403407
4367,4,1754398948,1754402811
2879,4,1754399567,1754405586
3313,3,1754401548,1754406569
3598,2,1754401927,1754406307
1928,5,1754402212,1754407826
4203,4,1754402543,1754409693
2953,4,1754403198,1754408342
1815,1,1754404504,1754411192
2781,4,1754405792,1754410349
3203,1,1754406941,1754410455
1844,5,1754407611,1754413593
4774,3,1754410018,1754415265
2430,2,1754415733,1754419891
1625,5,1754418565,1754423614
4406,5,1754419013,1754423534
4071,5,1754419390,1754426462
4630,2,1754421221,1754426302
4296,3,1754421529,1754428154
1641,1,1754422709,1754426213
3328,4,1754424637,1754429004
2719,2,1754424703,1754427970
2124,4,1754425183,1754431450
1150,2,1754425189,1754429697
3523,2,1754425444,1754428211
1439,1,1754427822,1754434142
3403,2,1754427910,1754431343
3749,1,1754429392,1754431952
1489,2,1754429835,1754435743
4197,3,1754430262,1754432248
2187,3,1754432227,1754439354
3694,4,1754432647,1754435811
2968,3,1754432863,1754438358
4236,2,1754433739,1754437685
3504,3,1754435759,1754442346
3411,1,1754439102,1754445337
2282,1,1754441127,1754443431
4148,4,1754443194,1754449328
4430,5,1754445818,1754448030
4490,4,1754446446,1754448250
3979,3,1754446651,1754449458
2943,1,1754447262,1754452650
1887,4,1754447341,1754452766
2838,3,1754448489,1754450410
2153,1,1754449697,1754456372
3778,4,1754452070,1754456659
2035,5,1754454194,1754457748
3654,3,1754454437,1754458107
3169,1,1754456869,1754462318
1893,3,1754460531,1754466649
1661,2,1754461769,1754463955
1324,1,1754463453,1754469808
3710,1,1754465539,1754467516
4761,3,1754466245,1754468565
4908,1,1754466753,1754469964
2891,1,1754469762,1754473576
1316,3,1754470903,1754473325
4823,5,1754471601,1754476242
1752,3,1754472099,1754478242
3713,5,1754472102,1754475137
1419,5,1754472436,1754476394
3186,1,1754473714,1754478221
4730,5,1754474069,1754478115
4339,3,1754474576,1754478713
2013,2,1754474583,1754481768
3352,3,1754475549,1754482153
1976,1,1754475658,1754481947
2021,2,1754476268,1754481984
4696,5,1754477106,1754483015
1180,2,1754477879,1754484874
3695,2,1754478312,1754481064
2392,5,1754478595,1754483702
3467,1,1754478600,1754482160
2594,5,1754483056,1754486062
4631,3,1754484171,1754486009
3332,3,1754485391,1754491692
2427,1,1754486362,1754491699
4756,5,1754487376,1754492854
4199,2,1754491553,1754498730
3756,2,1754491753,1754493557
2793,4,1754491855,1754498674
2425,4,1754493563,1754498382
4149,3,1754494879,1754499735
4213,2,1754497121,1754502238
4294,1,1754499100,1754501558
3516,4,1754502278,1754508039
4031,2,1754503945,1754507298
4041,2,1754505534,1754510596
1840,2,1754505907,1754512584
1761,1,1754506599,1754511474
4222,2,1754507110,1754510835
3743,4,1754512466,1754516443
4297,1,1754512673,1754517682
1312,3,1754514237,1754519788
2039,3,1754516044,1754522806
2464,4,1754525103,1754530556
2796,2,1754525530,1754532201
2314,4,1754526050,1754529710
3946,4,1754529352,1754533691
4701,3,1754529955,1754532985
2460,1,1754530437,1754534064
3179,3,1754531722,1754536419
4621,3,1754532469,1754539228
1184,4,1754532943,1754540117
1365,3,1754533506,1754540108
3378,2,1754534076,1754540011
1990,5,1754534665,1754541276
4841,2,1754534708,1754536757
2343,1,1754536283,1754540684
3549,2,1754537696,1754544164
2521,1,1754542328,1754546211
2346,4,1754543067,1754550015
4635,5,1754546556,1754552098
4607,3,1754547181,1754549625
4865,4,1754547808,1754551032
2492,2,1754550578,1754553408
3475,2,1754551407,1754556532
2039,5,1754554459,1754558295
4832,4,1754554471,1754557851
4870,5,1754560780,1754567871
4059,5,1754561078,1754563253
3866,1,1754561742,1754567048
3541,3,1754562299,1754565765
1042,3,1754566149,1754572332
2486,3,1754568394,1754575075
2573,1,1754568916,1754573547
4058,5,1754570607,1754575834
4832,5,1754571593,1754574986
1981,1,1754573282,1754575408
2276,4,1754578299,1754585137
2535,4,1754582182,1754584729
2689,1,1754582328,1754586276
4818,5,1754583287,1754587217
1314,5,1754583683,1754590293
2143,1,1754584005,1754588263
1592,5,1754587590,1754592626
2749,3,1754592529,1754596808
4760,5,1754594171,1754599054
2793,2,1754594374,1754599891
1664,3,1754595534,1754601872
2703,4,1754597946,1754603018
1353,5,1754598549,1754600441
1146,5,1754599021,1754606014
4669,3,1754599397,1754605972
3170,1,1754599881,1754604067
3315,2,1754602051,1754604246
3942,4,1754604470,1754609104
3328,5,1754604908,1754608087
3009,2,1754607546,1754614702
4490,3,1754610661,1754613828
2238,3,1754612415,1754615542
4390,1,1754613262,1754617736
3324,2,1754614006,1754618845
3248,1,1754615232,1754620355
2385,4,1754619743,1754625546
4976,4,1754619788,1754626959
3606,1,1754629335,1754632045
1496,2,1754630686,1754635345
1878,1,1754630865,1754636202
4766,4,1754631023,1754636404
3607,2,1754633716,1754638769
2389,2,1754635819,1754641527
3858,1,1754635887,1754637782
2148,2,1754636590,1754641895
4771,1,1754636928,1754641883
3713,2,1754637695,1754644243
2289,3,1754639671,1754645103
3470,4,1754641658,1754646906
4213,1,1754642597,1754646513
4303,3,1754644273,1754647660
3093,3,1754646083,1754652467
4089,4,1754646537,1754649913
2089,5,1754646953,1754653187
1940,1,1754648318,1754654383
3208,3,1754648866,1754653170
1478,1,1754648960,1754652873
3003,1,1754649893,1754656200
2163,4,1754650661,1754652768
4621,5,1754651646,1754658407
4023,2,1754652508,1754658585
4242,1,1754652959,1754657415
4812,3,1754653256,1754657890
2429,2,1754653775,1754658959
4567,3,1754657046,1754663092
4864,4,1754658597,1754660600
1885,2,1754660017,1754666330
4698,3,1754661193,1754667357
1590,3,1754661986,1754667022
2259,5,1754662427,1754664384
4237,3,1754663914,1754670492
1254,1,1754668667,1754672213
3153,4,1754670926,1754675141
4087,2,1754671129,1754678222
4846,2,1754671646,1754676661
2528,4,1754672704,1754674877
4311,4,1754675550,1754682529
4684,4,1754675652,1754679983
4661,3,1754676857,1754683327
3345,2,1754678643,1754680538
4809,5,1754681414,1754683855
4066,4,1754681789,1754684795
1335,1,1754681868,1754685270
4787,4,1754683857,1754687146
4495,5,1754687296,1754689901
2521,1,1754687797,1754690843
2642,2,1754688059,1754694399
4330,2,1754689819,1754696278
4786,5,1754690598,1754694114
3821,1,1754691117,1754696750
3686,1,1754695319,1754699772
3045,3,1754695440,1754700067
4335,5,1754697391,1754702386
1689,5,1754697596,1754700525
1412,4,1754699840,1754706407
3206,2,1754700147,1754702657
2422,4,1754700425,1754704363
3654,3,1754704918,1754706802
4283,5,1754705318,1754710128
1801,2,1754705467,1754711397
3236,1,1754711170,1754715491
2473,2,1754711268,1754717850
1968,1,1754713098,1754716952
1300,3,1754713652,1754715637
4803,5,1754713976,1754719547
4308,1,1754715951,1754719633
2430,1,1754715997,1754722204
2142,4,1754716703,1754720979
4993,1,1754716788,1754719540
3984,2,1754718338,1754723738
3179,3,1754718762,1754723063
1798,5,1754721081,1754726540
3206,1,1754722456,1754724694
2342,2,1754727197,1754733039
2788,2,1754727865,1754731419
4569,3,1754729677,1754734718
2014,1,1754730751,1754737045
1725,4,1754732223,1754734742
4515,2,1754733556,1754736000
2429,5,1754735302,1754740103
1599,2,1754735532,1754740944
4060,4,1754735596,1754741849
1515,3,1754736131,1754741762
1094,4,1754736518,1754738420
4031,2,1754738667,1754744090
1130,3,1754743572,1754747230
3042,1,1754746687,1754750155
4719,2,1754750913,1754754538
1601,5,1754753838,1754759430
2319,5,1754754381,1754756522
3791,3,1754754685,1754757969
1009,3,1754758209,1754761764
4213,2,1754758459,1754765496
2095,4,1754759307,1754765602
4423,4,1754760910,1754767009
2107,2,1754762090,1754766932
3088,5,1754764715,1754769705
3456,5,1754766221,1754768897
3246,4,1754766250,1754768890
4797,1,1754768580,1754770948
1029,4,1754771609,1754774965
2809,4,1754774461,1754780311
4893,2,1754775553,1754779766
2158,1,1754775919,1754778097
2218,1,1754777156,1754781597
2610,5,1754777192,1754783089
4203,3,1754777248,1754780068
4071,2,1754780287,1754786050
3307,3,1754780543,1754783315
2961,2,1754780595,1754786523
1478,4,1754780620,1754783658
1182,2,1754780890,1754785746
1572,1,1754781076,1754787284
1222,5,1754782298,1754786513
4242,5,1754782752,1754788403
1003,2,1754784009,1754790159
2699,5,1754784212,1754791239
1083,5,1754785273,1754792133
4635,5,1754788430,1754790978
3836,4,1754789052,1754791212
3092,3,1754789902,1754795055
3573,2,1754791974,1754794226
4793,2,1754792096,1754796855
1698,2,1754795538,1754798192
4283,2,1754795651,1754798400
3635,4,1754797088,1754804201
1202,3,1754797207,1754804404
3299,3,1754797222,1754804353
1689,2,1754797464,1754801845
1431,2,1754798716,1754803946
2019,4,1754802589,1754806864
4359,2,1754803386,1754807522
3468,4,1754803771,1754810084
4547,3,1754803979,1754806874
4664,2,1754806698,1754811191
4260,1,1754807528,1754810561
3290,2,1754809205,1754812896
1887,3,1754810731,1754816120
1122,3,1754818526,1754823874
4067,1,1754821781,1754826270
3165,3,1754822550,1754824976
3510,2,1754823596,1754826487
4832,4,1754825055,1754827101
1042,4,1754825081,1754827460
4950,4,1754825174,1754828992
4442,5,1754827744,1754834204
4335,3,1754828949,1754834678
4177,1,1754830619,1754832804
3411,4,1754831268,1754835527
1524,5,1754832852,1754836132
1654,3,1754833707,1754835869
4777,1,1754838304,1754841172
1186,4,1754839481,1754842396
4404,4,1754839919,1754845703
4274,5,1754840255,1754845768
2556,5,1754841296,1754844179
4868,1,1754842210,1754849022
1287,1,1754843121,1754849909
1455,5,1754845106,1754852197
2066,2,1754845865,1754852651
3866,3,1754846126,1754848327
3460,4,1754849300,1754851713
3588,1,1754849413,1754853647
1760,2,1754850524,1754853749
2988,1,1754852900,1754855619
1184,3,1754854473,1754856360
2073,4,1754854699,1754858241
3238,3,1754856586,1754859219
3299,4,1754857019,1754861345
1970,3,1754859443,1754864772
4861,5,1754859858,1754862736
3056,2,1754861258,1754868122
4191,4,1754861500,1754868656
2829,4,1754863602,1754867063
1687,4,1754867262,1754872434
3208,4,1754868661,1754875195
3160,2,1754869807,1754876181
3920,1,1754872233,1754874770
4609,3,1754873591,1754879435
4004,4,1754873767,1754875805
1596,2,1754873875,1754880349
3763,1,1754875102,1754878400
4420,4,1754875233,1754882070
4811,3,1754878306,1754881180
1021,5,1754878710,1754882542
2552,4,1754878966,1754884364
4711,3,1754879142,1754884670
2786,2,1754879353,1754883932
2632,5,1754883475,1754889976
1628,4,1754884715,1754888792
1996,4,1754885090,1754889185
4386,1,1754891079,1754895856
1785,4,1754895359,1754897298
4359,1,1754897242,1754900515
4432,4,1754897401,1754904261
2989,5,1754897425,1754900370
2233,3,1754898703,1754903569
4218,3,1754898906,1754903404
3345,5,1754900012,1754904352
4125,2,1754900291,1754904593
4421,2,1754901198,1754907544
2925,5,1754903710,1754910456
3200,4,1754904863,1754907101
1689,2,1754907430,1754910350
4104,4,1754908615,1754912092
2955,3,1754908845,1754914263
4679,1,1754909047,1754913809
2464,2,1754909351,1754915564
4407,3,1754912439,1754918236
3972,3,1754912677,1754914953
2201,1,1754913844,1754916552
3380,5,1754917365,1754924117
3658,3,1754919715,1754926282
4087,4,1754921332,1754926144
2129,5,1754922463,1754929234
3929,2,1754922941,1754928862
1972,1,1754923897,1754926372
2809,5,1754925153,1754931700
4669,1,1754925450,1754929836
3628,5,1754926510,1754929475
3512,2,1754927332,1754934136
1881,5,1754928144,1754933653
4612,3,1754928155,1754934887
2266,3,1754928207,1754933318
3269,3,1754930849,1754936731
2439,3,1754931838,1754933875
4761,4,1754932676,1754936881
1390,4,1754934121,1754939602
3942,5,1754934400,1754937645
2355,1,1754934987,1754938310
2068,4,1754934991,1754941165
4696,4,1754936063,1754940693
1434,3,1754937416,1754939673
4964,1,1754938187,1754943456
1331,3,1754940045,1754945401
4322,4,1754941599,1754947578
2432,4,1754942323,1754944251
1469,3,1754942352,1754944206
4940,2,1754943963,1754947619
2781,1,1754944664,1754951014
1224,4,1754945121,1754951225
1652,4,1754945287,1754950600
2225,2,1754945608,1754949223
3962,1,1754945911,1754948184
3234,4,1754945976,1754950458
2482,2,1754946217,1754951296
1632,3,1754946690,1754952038
2005,1,1754947433,1754951445
2064,4,1754947933,1754951968
1867,4,1754948381,1754954448
2136,1,1754950690,1754954654
4569,1,1754952983,1754957856
4387,3,1754954361,1754961450
1668,1,1754955298,1754961200
4698,4,1754955395,1754961972
2422,5,1754956693,1754962710
1484,2,1754958055,1754961809
2588,3,1754959748,1754964780
1587,4,1754961564,1754966312
4125,5,1754963233,1754969828
1689,1,1754965144,1754971960
2903,5,1754965417,1754970337
2471,2,1754967144,1754974299
2581,2,1754967246,1754970746
2589,2,1754967664,1754970528
4786,5,1754968607,1754973006
1991,4,1754971837,1754973765
4661,2,1754975232,1754980701
4740,5,1754976174,1754981674
1347,2,1754976323,1754981102
1425,4,1754977303,1754981336
1969,3,1754979968,1754984285
4422,1,1754980289,1754983551
1278,4,1754980597,1754985877
4407,4,1754980683,1754985065
3881,2,1754982352,1754988136
2946,2,1754982425,1754988525
3601,2,1754982824,1754988338
4430,1,1754983511,1754988142
3920,2,1754983984,1754990066
4680,1,1754984500,1754991052
4249,4,1754985642,1754991073
2427,4,1754986364,1754991395
4125,3,1754992083,1754994428
4423,5,1754997938,1755004230
4490,4,1754999141,1755001073
1295,4,1755001874,1755005207
4711,4,1755004404,1755007599
3635,4,1755005037,1755011284
2899,4,1755006144,1755008504
4416,2,1755006996,1755012862
1182,4,1755009507,1755011731
1920,3,1755009517,1755015122
1497,5,1755011789,1755016467
1116,2,1755011870,1755014816
2154,1,1755015098,1755017349
1753,2,1755015660,1755017668
4482,4,1755017324,1755022605
2107,4,1755017885,1755022373
2316,1,1755018013,1755025137
1933,3,1755018426,1755021097
2440,5,1755018973,1755022776
1376,1,1755019157,1755023829
3163,4,1755019750,1755021969
4731,1,1755029844,1755036251
2319,5,1755031996,1755038574
3202,3,1755032128,1755038609
2808,3,1755032732,1755035689
2788,3,1755037514,1755042662
4937,1,1755037770,1755039956
3294,1,1755039417,1755045206
3640,3,1755040593,1755045234
3995,5,1755041439,1755044589
1870,1,1755042547,1755047888
2689,5,1755044945,1755048756
1186,2,1755045372,1755049871
3928,1,1755046629,1755052847
3290,5,1755048610,1755050629
1751,4,1755050164,1755054502
1432,3,1755051500,1755054496
1652,3,1755051818,1755057305
3218,1,1755053682,1755055624
2089,1,1755054534,1755061517
3730,4,1755055665,1755059786
4228,4,1755055827,1755059728
4696,4,1755056216,1755062601
4387,1,1755058457,1755062514
1353,2,1755061422,1755068538
2482,5,1755061644,1755064634
1352,5,1755062079,1755065751
2008,3,1755063911,1755068693
4704,2,1755064910,1755070369
2415,3,1755064954,1755066817
1042,2,1755066600,1755071536
2865,5,1755067088,1755073974
2506,4,1755069916,1755076230
4425,1,1755070756,1755073760
2301,4,1755071831,1755078943
1701,1,1755074065,1755076611
4521,2,1755075361,1755077783
3480,3,1755075729,1755079285
1761,1,1755077151,1755084249
3123,5,1755077271,1755082129
2106,1,1755078541,1755081415
2189,1,1755079211,1755085785
3892,1,1755079596,1755083019
3092,1,1755079839,1755082296
1399,5,1755081072,1755083846
3351,4,1755082636,1755087183
1083,1,1755086789,1755088881
3644,5,1755087548,1755093939
2342,4,1755091429,1755094615
3832,2,1755093059,1755097955
2410,4,1755093640,1755096236
2689,4,1755094018,1755098260
3644,2,1755095196,1755097577
1689,4,1755096918,1755099134
1478,2,1755099024,1755103746
4661,1,1755099037,1755105616
2901,3,1755099289,1755104034
3167,2,1755100313,1755104621
1732,5,1755103487,1755106112
3528,3,1755104972,1755107185
2589,2,1755105326,1755112472
3899,2,1755107233,1755113623
4039,2,1755108253,1755112285
1314,4,1755110565,1755113450
1342,3,1755111412,1755113983
4893,1,1755112093,1755118992
3461,1,1755112270,1755116680
2549,1,1755115029,1755117342
3725,5,1755115546,1755120760
2314,2,1755117179,1755124097
2865,2,1755118629,1755123078
1891,3,1755119173,1755124509
3188,2,1755120319,1755126967
4898,3,1755121884,1755125173
2191,5,1755123858,1755128006
2605,5,1755124531,1755129621
3872,2,1755125185,1755129423
2348,2,1755126547,1755129317
4648,2,1755126809,1755132607
4387,1,1755127571,1755131479
3550,5,1755130476,1755132973
4292,1,1755130694,1755137042
1933,3,1755130716,1755137084
2930,3,1755130849,1755137598
1314,4,1755132358,1755137662
3167,2,1755132794,1755137910
1622,4,1755135967,1755142788
1443,3,1755136028,1755142795
1062,2,1755136409,1755142925
4387,1,1755140806,1755145928
1423,5,1755141282,1755144224
2073,1,1755142929,1755146599
4088,3,1755142949,1755147308
3006,4,1755143839,1755149616
1870,2,1755145316,1755151989
2148,3,1755146036,1755148668
3555,2,1755147504,1755153757
3356,5,1755151855,1755155084
3894,5,1755154475,1755160916
2969,2,1755154582,1755158243
4707,3,1755155197,1755161346
1553,1,1755156745,1755159876
3135,5,1755156984,1755162837
2975,5,1755158611,1755161632
1468,1,1755159369,1755166258
4192,2,1755159805,1755162064
1783,4,1755159937,1755167133
3085,4,1755160723,1755163270
2966,1,1755161673,1755167340
1484,3,1755162107,1755164418
3725,5,1755162699,1755166644
3211,5,1755163078,1755167822
1387,1,1755163351,1755168186
4663,2,1755166821,1755173668
4869,5,1755167903,1755170300
2464,3,1755169877,1755176233
3024,1,1755170545,1755177441
4613,3,1755171160,1755174596
1654,1,1755172721,1755179243
1641,4,1755172960,1755176304
1890,3,1755173471,1755178442
3277,1,1755176116,1755183238
2264,3,1755177861,1755180504
2724,3,1755178135,1755182351
1970,4,1755180110,1755187169
4056,5,1755180874,1755184538
2036,3,1755181279,1755184986
2174,2,1755183745,1755190098
3668,5,1755185559,1755191388
2668,3,1755188872,1755194368
4621,3,1755191671,1755197734
1968,2,1755193378,1755197315
4299,5,1755194828,1755199277
2077,4,1755195399,1755199050
1542,2,1755196505,1755199864
1524,2,1755199644,1755202750
4093,2,1755203249,1755207602
1752,4,1755204275,1755211212
1329,2,1755204288,1755206220
1627,4,1755204522,1755208142
3428,1,1755204654,1755210357
3913,4,1755205973,1755208847
3248,5,1755206161,1755210204
1101,1,1755206537,1755209295
4015,4,1755207085,1755209201
1854,2,1755211143,1755214531
1172,1,1755211264,1755214130
2361,4,1755212130,1755216378
1552,3,1755212941,1755216263
1757,2,1755213626,1755220633
2759,5,1755214810,1755217025
3686,3,1755215459,1755222174
3356,1,1755215902,1755217721
4841,2,1755216634,1755223125
2709,5,1755218936,1755224998
4340,5,1755219774,1755222555
1839,3,1755220134,1755222543
4566,4,1755221088,1755225042
3135,2,1755222263,1755224979
2204,5,1755222597,1755225319
1859,2,1755225223,1755229213
3576,3,1755225533,1755230033
1759,4,1755225729,1755232748
4702,5,1755227699,1755233103
3074,1,1755230930,1755234625
3668,1,1755231407,1755238403
4094,1,1755231731,1755236359
4035,1,1755232905,1755235682
4988,3,1755233922,1755236933
3877,4,1755235484,1755238011
1399,4,1755237409,1755242620
4494,5,1755237980,1755244308
2910,3,1755241124,1755243167
1630,1,1755243817,1755247112
4023,4,1755245316,1755252018
2116,3,1755245469,1755249972
2368,2,1755246775,1755250116
2100,5,1755246962,1755252793
2031,2,1755250742,1755254614
3968,2,1755251693,1755253958
4975,4,1755252712,1755256346
4158,1,1755253696,1755257967
1970,1,1755256296,1755262769
1003,5,1755258683,1755261738
1552,1,1755259210,1755262330
3995,5,1755259678,1755263360
3963,2,1755260116,1755265747
4768,5,1755260886,1755267472
1767,2,1755261265,1755265900
2753,1,1755264468,1755270345
3220,2,1755265743,1755272918
2343,2,1755266528,1755269600
4979,3,1755266773,1755272213
3929,3,1755266848,1755269050
4387,1,1755267243,1755273811
2432,3,1755270187,1755273445
1116,5,1755270998,1755273190
1357,1,1755274983,1755281032
1462,1,1755276284,1755282754
4262,4,1755277025,1755283672
1958,1,1755277089,1755280119
4242,2,1755280139,1755282946
4893,4,1755281887,1755287578
4720,2,1755285729,1755290860
3111,1,1755286273,1755291144
3221,1,1755288568,1755292780
2860,2,1755290811,1755297184
4228,5,1755292073,1755297347
2643,5,1755293294,1755300169
3667,2,1755294447,1755296587
1169,3,1755294528,1755298764
3005,4,1755296242,1755301287
1897,4,1755298532,1755302006
3583,4,1755299156,1755302642
2979,2,1755305160,1755308540
4457,5,1755305854,1755309141
4150,1,1755308470,1755311062
1815,2,1755308532,1755312078
2349,2,1755309995,1755312672
1430,1,1755311240,1755316154
2750,5,1755311933,1755317829
3576,5,1755312927,1755319014
3870,2,1755313992,1755320248
3194,4,1755314470,1755319614
3273,5,1755314632,1755317760
2875,2,1755315286,1755318721
1249,5,1755317250,1755319699
3339,5,1755320490,1755323051
4506,4,1755323800,1755330582
4473,3,1755323836,1755326611
1692,4,1755324626,1755328412
1450,2,1755324638,1755329790
4222,3,1755326261,1755329863
2610,2,1755328842,1755334762
3578,4,1755329217,1755334934
1015,3,1755329264,1755333935
3005,3,1755330886,1755337850
3720,5,1755331867,1755335549
3461,5,1755334139,1755340672
3721,4,1755335230,1755338749
3007,3,1755337042,1755339001
1598,3,1755338825,1755344415
1695,3,1755340269,1755345659
2357,1,1755344361,1755349047
4953,2,1755345481,1755347459
1612,1,1755346147,1755348461
1068,5,1755347636,1755354476
3372,5,1755347987,1755352688
4730,4,1755348422,1755353891
3573,3,1755348695,1755353358
2264,2,1755351869,1755356601
2904,4,1755352610,1755359765
2147,3,1755353879,1755359836
4866,4,1755354915,1755361487
3068,4,1755357401,1755363284
4294,3,1755358859,1755362626
4645,2,1755358942,1755365481
4129,2,1755359902,1755364871
1673,3,1755360485,1755367315
1749,3,1755361940,1755369027
2899,1,1755364280,1755368861
4022,2,1755364383,1755368748
1747,5,1755365503,1755369992
3447,5,1755365903,1755370528
3285,1,1755366868,1755373368
1661,5,1755367305,1755371314
3911,5,1755369049,1755373730
3981,5,1755372063,1755378584
4112,4,1755372064,1755377626
2163,2,1755372832,1755379827
4402,3,1755377031,1755383111
4310,2,1755377635,1755384429
2266,2,1755379190,1755382941
3856,2,1755380523,1755386637
3001,2,1755383097,1755387731
2604,3,1755385398,1755392015
3818,5,1755386269,1755390652
2874,1,1755387353,1755390304
1505,2,1755387579,1755392939
2612,1,1755388727,1755395838
3551,5,1755389391,1755395712
3607,1,1755391172,1755392992
1749,4,1755391940,1755397658
1214,5,1755393214,1755397034
1986,4,1755393904,1755399045
2410,5,1755398232,1755403405
1638,2,1755400869,1755405605
3677,5,1755406585,1755410565
1641,1,1755409348,1755411795
1419,3,1755410073,1755414793
3123,1,1755410309,1755414320
3772,5,1755411387,1755416886
1524,1,1755412594,1755416078
1325,1,1755412860,1755416636
1887,3,1755413612,1755416124
2431,2,1755415073,1755417322
2439,4,1755416073,1755420357
1062,1,1755416312,1755420710
2099,5,1755417584,1755424289
2123,2,1755418524,1755421256
3978,5,1755420319,1755425159
2351,5,1755421823,1755425519
4861,1,1755422920,1755428977
1431,4,1755423723,1755425794
1785,3,1755424317,1755429093
1074,5,1755427176,1755430391
3963,4,1755427417,1755431544
1754,5,1755427907,1755430338
2588,4,1755429502,1755435187
2082,1,1755434505,1755437423
4713,4,1755434567,1755439212
2540,1,1755435745,1755440215
4433,1,1755436113,1755440399
2933,2,1755437262,1755442803
3430,1,1755437952,1755442776
1154,5,1755438690,1755444229
3345,1,1755438995,1755441803
4630,3,1755440834,1755446578
2459,3,1755441096,1755448065
2162,4,1755445002,1755447833
1481,5,1755445262,1755452283
4873,3,1755446070,1755451613
3273,4,1755446627,1755451201
4692,4,1755447772,1755454235
1519,3,1755448069,1755450170
1991,1,1755449235,1755453876
2642,3,1755450744,1755455576
2224,5,1755451219,1755453881
3689,2,1755456582,1755462754
4503,1,1755457378,1755460098
3945,3,1755457510,1755463968
4017,3,1755458538,1755462148
3372,1,1755458865,1755462944
4567,5,1755459219,1755464952
2833,1,1755461523,1755465759
4586,4,1755462459,1755468029
3921,3,1755465390,1755468667
1989,1,1755466334,1755472872
1849,4,1755467199,1755470048
2002,2,1755467670,1755469811
2273,2,1755468280,1755474250
3366,5,1755471834,1755475359
2534,2,1755473371,1755478914
3322,2,1755477342,1755483272
3640,4,1755477834,1755483515
4493,3,1755478576,1755484156
1770,2,1755479443,1755482814
4303,3,1755486347,1755493017
3228,4,1755488626,1755495409
2109,1,1755489651,1755494769
2319,1,1755490498,1755493424
3220,1,1755491343,1755494875
2620,5,1755493202,1755498142
3232,1,1755494048,1755498615
1766,3,1755494517,1755497139
1815,5,1755494919,1755502045
1215,5,1755495118,1755500849
3710,5,1755495818,1755501106
3995,2,1755497372,1755501691
2598,4,1755498722,1755505141
3921,5,1755498723,1755502073
3797,1,1755499210,1755505565
4761,1,1755499748,1755504143
1590,3,1755501356,1755503284
1661,4,1755503086,1755507977
4679,4,1755504226,1755510886
3051,3,1755506027,1755512932
3630,2,1755510804,1755512935
1567,3,1755511962,1755513810
1672,3,1755513852,1755520542
3828,3,1755515114,1755518644
4462,1,1755517108,1755522760
3573,5,1755518134,1755521122
2634,1,1755518435,1755524037
2429,2,1755519238,1755524966
4761,3,1755519884,1755522519
1844,4,1755520685,1755527752
1084,1,1755522238,1755526183
4928,5,1755524675,1755527780
1933,4,1755525076,1755528001
2563,5,1755527818,1755534422
2463,4,1755527822,1755530721
4418,3,1755528289,1755532316
4342,1,1755530872,1755536620
2203,2,1755531259,1755535472
4603,2,1755531454,1755534001
4199,4,1755532032,1755534108
3681,3,1755534231,1755537025
4047,4,1755536657,1755541679
1724,3,1755536821,1755540273
2800,2,1755539459,1755542047
2559,4,1755541255,1755546193
3429,5,1755541686,1755548645
2189,2,1755542235,1755546953
3100,2,1755543216,1755546107
1641,5,1755545459,1755549942
4553,3,1755545818,1755549193
3797,4,1755548311,1755553195
2005,2,1755548365,1755550277
1541,1,1755549835,1755552089
1970,2,1755552716,1755557881
1074,3,1755553189,1755557624
1815,3,1755555867,1755557749
1939,5,1755556756,1755559373
3749,5,1755557153,1755561359
4812,1,1755558769,1755560668
1314,3,1755560112,1755566019
3694,5,1755561390,1755566268
3533,5,1755562513,1755566225
3338,1,1755562664,1755564918
2224,3,1755563144,1755570294
3214,5,1755564578,1755567153
1063,5,1755564831,1755569577
3541,4,1755566947,1755573929
1947,3,1755566986,1755572720
2566,5,1755567455,1755569543
2502,3,1755567799,1755574302
4985,5,1755569213,1755571062
2453,2,1755569829,1755575433
4310,2,1755569841,1755573953
1153,2,1755570176,1755572432
2097,2,1755577142,1755580046
1481,5,1755579808,1755586161
4779,4,1755580591,1755586033
1121,5,1755581133,1755587591
2266,1,1755582271,1755587195
3160,4,1755583257,1755586194
2067,5,1755583780,1755586573
1417,3,1755587490,1755594288
4269,3,1755587924,1755592112
1806,4,1755587942,1755591985
2841,1,1755588089,1755591675
4480,4,1755589137,1755593922
1969,3,1755591300,1755593188
4192,2,1755591617,1755596362
3743,4,1755592691,1755597863
4713,5,1755595718,1755598806
1019,3,1755595729,1755600859
1173,2,1755597895,1755603853
2922,3,1755598460,1755602651
1641,5,1755598839,1755603901
3026,1,1755600347,1755603522
2301,3,1755601199,1755603642
4988,3,1755601793,1755603689
1695,5,1755605547,1755609354
1638,5,1755606416,1755613234
3941,3,1755607505,1755612556
2432,5,1755608168,1755614396
4680,1,1755608462,1755615129
1963,2,1755609481,1755614951
2634,4,1755611952,1755617357
4153,5,1755612143,1755615294
2994,5,1755614372,1755618848
2764,2,1755614919,1755617009
3497,3,1755616231,1755621812
1432,3,1755616607,1755621586
3717,5,1755617295,1755622492
2348,5,1755618512,1755621493
2787,2,1755620010,1755624155
2064,4,1755622240,1755626353
2688,1,1755623302,1755626114
2364,2,1755624738,1755630660
4328,1,1755625801,1755630827
2161,5,1755629419,1755633193
4786,1,1755632600,1755637737
2704,3,1755633503,1755638628
4621,5,1755634073,1755638069
2838,3,1755635173,1755637536
3716,2,1755635254,1755637165
4499,5,1755636391,1755642789
1670,2,1755639341,1755643234
4657,3,1755640287,1755643591
2146,3,1755641182,1755644466
4310,1,1755645114,1755648829
4850,3,1755645370,1755652418
2364,1,1755647000,1755654194
1946,5,1755647565,1755652074
3801,5,1755647933,1755654941
4040,4,1755650167,1755653372
1626,1,1755653132,1755655518
1241,1,1755654485,1755658182
1430,3,1755655600,1755659731
4698,1,1755655628,1755659687
3591,3,1755656166,1755659158
1387,4,1755657890,1755660031
4427,2,1755658028,1755662358
2829,4,1755659114,1755664742
1345,4,1755659118,1755663799
3167,1,1755659946,1755665202
2845,4,1755661550,1755667421
3160,1,1755661632,1755667422
1034,4,1755664235,1755670206
1186,2,1755665417,1755672030
1078,4,1755665962,1755669372
3149,1,1755666087,1755668877
3928,3,1755666567,1755672990
4310,1,1755669243,1755673236
3448,5,1755669637,1755672088
4135,5,1755671402,1755676362
2181,2,1755672346,1755678974
1007,1,1755673231,1755677335
1725,1,1755673567,1755679708
3541,5,1755673711,1755679110
2638,4,1755675643,1755680074
2178,3,1755676330,1755680481
4775,1,1755677740,1755684766
4440,1,1755685262,1755688795
1128,3,1755685623,1755688248
3760,2,1755687436,1755691603
1146,3,1755688659,1755694165
1515,5,1755690230,1755693142
4523,2,1755695105,1755700038
2511,4,1755695824,1755698273
2436,5,1755703004,1755705919
2477,2,1755703534,1755709600
1818,5,1755704078,1755707889
2252,2,1755704555,1755707314
1787,3,1755708486,1755715193
4466,3,1755710018,1755712194
1535,4,1755710877,1755712722
1562,5,1755711765,1755714902
2573,3,1755711931,1755716375
4837,1,1755717597,1755719783
1062,5,1755721875,1755724542
1710,3,1755722521,1755728543
3009,2,1755724859,1755726665
1561,4,1755725301,1755727104
1638,4,1755726055,1755728644
3278,3,1755726349,1755732747
1213,2,1755726930,1755732729
1301,1,1755726958,1755730724
1430,5,1755727361,1755730513
1561,5,1755728293,1755730836
2917,4,1755728511,1755730546
4737,1,1755729032,1755734590
1055,2,1755729458,1755736016
3607,1,1755729781,1755732138
2410,5,1755730571,1755735392
2108,1,1755731290,1755737018
2804,5,1755732132,1755736751
1580,5,1755732270,1755737044
4216,3,1755732376,1755739007
3024,4,1755732914,1755736287
3995,4,1755734624,1755738966
2348,5,1755736091,1755741463
3869,5,1755738135,1755740398
3541,2,1755738881,1755742383
1785,4,1755742884,1755748056
3462,1,1755743649,1755746365
1946,2,1755743764,1755750239
2378,5,1755745349,1755751576
4471,5,1755745977,1755749430
1499,4,1755746640,1755748744
4359,1,1755747357,1755753590
2067,3,1755747788,1755749698
1246,4,1755749728,1755754544
3549,3,1755751788,1755755531
3431,4,1755752261,1755756224
4896,4,1755753371,1755756549
2341,2,1755755872,1755762292
2041,3,1755758366,1755762515
1913,4,1755759603,1755762288
1114,4,1755762177,1755767353
3927,3,1755763518,1755770553
1078,1,1755764964,1755771396
4076,1,1755765851,1755769427
4708,5,1755766386,1755772613
2715,3,1755766961,1755769668
4828,3,1755767282,1755770970
1814,5,1755767339,1755774035
3993,5,1755768447,1755772941
3092,3,1755768511,1755775686
1057,1,1755772657,1755777985
4267,4,1755773060,1755776359
4851,1,1755773614,1755779386
3887,2,1755777516,1755784129
1265,4,1755777702,1755783663
3248,5,1755780235,1755787293
3445,3,1755780336,1755786218
1222,5,1755780569,1755782849
4765,2,1755783288,1755785927
4922,3,1755784160,1755787783
3976,1,1755784324,1755786598
4784,1,1755786311,1755790653
1195,2,1755787302,1755793062
1650,5,1755787684,1755792187
4669,3,1755788347,1755793254
1462,2,1755790275,1755796543
1186,3,1755791127,1755793153
4609,4,1755792327,1755795834
2565,5,1755795109,1755798158
4423,2,1755795351,1755801053
2127,2,1755795771,1755799765
4406,5,1755796128,1755801378
3008,4,1755798271,1755801393
2482,4,1755798355,1755802791
1136,2,1755798410,1755804287
2540,1,1755802201,1755806828
1734,2,1755802444,1755804291
3088,3,1755803032,1755805134
4578,4,1755804680,1755810230
1069,2,1755805228,1755808312
4055,1,1755806305,1755811847
1559,1,1755806419,1755812621
3084,2,1755808374,1755811693
2080,5,1755809367,1755811874
3130,2,1755809579,1755813714
3321,3,1755810979,1755812796
4678,1,1755811392,1755818358
1760,4,1755812879,1755818724
3730,2,1755815758,1755818862
4557,4,1755817501,1755819382
4617,5,1755817892,1755822466
4549,5,1755819108,1755823128
3176,5,1755819297,1755824016
3556,1,1755819889,1755826688
4185,5,1755820161,1755824036
2464,4,1755822743,1755828854
1139,1,1755823764,1755829933
1657,2,1755825317,1755827165
2053,1,1755826337,1755829949
1887,3,1755828080,1755830314
2208,5,1755828869,1755831090
3318,2,1755830075,1755835643
3202,5,1755831304,1755837508
1995,4,1755831533,1755836079
4625,3,1755832477,1755838522
1384,5,1755833781,1755836518
3218,2,1755834520,1755836994
2303,1,1755835323,1755838685
3816,4,1755838133,1755843942
1349,5,1755838149,1755841555
3406,1,1755840723,1755846484
1421,3,1755844469,1755850976
1802,1,1755844713,1755847043
1717,5,1755845346,1755848587
3393,1,1755846678,1755851398
1500,3,1755847025,1755850605
4712,3,1755847433,1755852467
3007,5,1755847707,1755850463
4886,2,1755848684,1755855098
1034,1,1755851156,1755855493
2847,3,1755851374,1755854488
4861,5,1755851672,1755858121
2902,1,1755855901,1755859156
2306,4,1755856132,1755858531
1914,3,1755856867,1755861343
1737,3,1755858668,1755861515
1099,3,1755858688,1755863129
3448,5,1755860953,1755866683
3200,3,1755861521,1755867510
3587,4,1755864678,1755867000
3048,5,1755864882,1755871492
4593,5,1755864934,1755866744
3854,2,1755865936,1755872850
1928,4,1755866356,1755872543
4284,1,1755866534,1755871027
3248,2,1755866759,1755872939
2943,1,1755867309,1755873584
4070,3,1755868131,1755871352
3130,1,1755869670,1755876790
4385,1,1755870042,1755874501
1854,3,1755871170,1755877822
3822,1,1755871483,1755875489
2893,2,1755872720,1755874796
4603,4,1755875361,1755879325
2845,5,1755875362,1755877663
2518,5,1755875987,1755882550
2506,4,1755876127,1755879883
2609,2,1755876230,1755879865
1369,2,1755877252,1755882347
3466,2,1755880748,1755884779
4344,1,1755880968,1755884914
1390,3,1755884643,1755889635
3266,4,1755884788,1755887779
4494,2,1755884948,1755886940
1870,5,1755885027,1755887303
4832,2,1755885589,1755887788
2266,5,1755886479,1755892185
3898,1,1755886804,1755889376
3524,1,1755887763,1755890034
1800,4,1755887791,1755891823
2627,3,1755889154,1755891455
3783,2,1755889277,1755896232
1384,3,1755890578,1755895113
1593,5,1755892580,1755899042
4816,1,1755893422,1755895918
4521,5,1755895180,1755901797
4561,5,1755896333,1755900170
2319,4,1755896356,1755900956
4803,3,1755897137,1755902516
4627,3,1755899231,1755905444
4169,2,1755899231,1755902404
3085,1,1755900250,1755905988
1078,5,1755900253,1755905037
1732,2,1755900619,1755903441
4564,3,1755900705,1755907599
4441,2,1755902465,1755907547
4031,1,1755902682,1755908320
2922,3,1755903524,1755910336
2204,3,1755904033,1755909567
2589,2,1755905619,1755910960
3686,3,1755906064,1755911143
2980,1,1755909738,1755913479
3668,2,1755909813,1755916249
3999,5,1755910243,1755914947
1260,4,1755912612,1755919562
4409,4,1755914897,1755918544
4253,4,1755916356,1755919756
2456,5,1755919317,1755923614
1335,1,1755919384,1755921561
4731,4,1755921099,1755928084
4511,4,1755922330,1755925653
2960,5,1755923889,1755926073
1166,5,1755926278,1755931473
2162,3,1755930105,1755934555
2067,5,1755931227,1755936972
3010,4,1755932681,1755934982
3213,1,1755932982,1755939094
1977,5,1755933459,1755940239
3202,2,1755934987,1755937372
3411,5,1755939531,1755943904
3328,5,1755940109,1755943462
4297,1,1755940479,1755946927
2942,3,1755940719,1755944680
3723,1,1755941236,1755944390
4534,2,1755942005,1755944243
4557,4,1755942318,1755948147
3241,3,1755943914,1755947921
4094,5,1755944044,1755950539
2439,5,1755944146,1755949627
1638,1,1755944207,1755946446
4953,3,1755947244,1755949758
3237,5,1755950329,1755957395
2186,1,1755950504,1755953304
1546,1,1755950618,1755957145
3715,1,1755951764,1755954538
3319,5,1755953418,1755959336
1055,2,1755954504,1755957946
1732,2,1755954828,1755957346
2865,4,1755955358,1755960631
1072,3,1755956749,1755959594
2059,2,1755957376,1755963699
1302,3,1755959112,1755965886
1265,4,1755959631,1755965222
2093,2,1755960525,1755967671
1797,5,1755960988,1755963654
4590,1,1755961324,1755963598
3381,5,1755961342,1755967018
4173,5,1755962376,1755968131
4113,1,1755963857,1755968875
4667,4,1755963890,1755968780
4178,5,1755966462,1755968582
2420,5,1755967028,1755971784
2724,4,1755969039,1755973147
4708,5,1755969854,1755976793
1637,4,1755969858,1755975401
2400,3,1755970473,1755972313
2342,3,1755971137,1755976571
1987,3,1755972999,1755979375
1069,2,1755977142,1755979822
4342,3,1755977965,1755983333
1636,1,1755978182,1755985313
4959,5,1755979144,1755984811
2960,4,1755979228,1755981676
4242,5,1755980951,1755986220
4567,1,1755982433,1755985602
2552,1,1755982480,1755984898
2150,3,1755982497,1755988089
2760,1,1755983270,1755990341
2699,2,1755983788,1755989956
2116,2,1755983859,1755986519
4661,3,1755985375,1755991189
2239,5,1755990361,1755994468
3904,5,1755990598,1755996298
3810,2,1755992146,1755996581
3099,1,1755992932,1755998189
2272,5,1755994138,1756001078
1612,5,1756002309,1756005098
4990,4,1756004056,1756010397
2002,3,1756005791,1756010146
1797,5,1756007026,1756011035
1652,2,1756009141,1756012252
1680,2,1756009466,1756012881
4797,1,1756010956,1756016341
3665,5,1756014709,1756017453
4440,5,1756015433,1756020205
1419,2,1756015686,1756022462
1773,5,1756016721,1756019174
3608,4,1756022849,1756027930
2484,1,1756022956,1756025120
2469,5,1756023074,1756027436
1042,5,1756024488,1756026696
2177,1,1756030393,1756036468
3750,5,1756031604,1756037214
3986,4,1756032483,1756035483
2066,3,1756032857,1756035275
1169,5,1756033534,1756040200
3448,3,1756034296,1756036244
2841,3,1756037362,1756042965
2272,1,1756037675,1756040038
3321,1,1756038036,1756040717
4300,4,1756038900,1756042828
3163,4,1756038912,1756041751
1182,3,1756039972,1756042030
3393,4,1756042116,1756045553
2510,5,1756042588,1756047293
2003,4,1756043222,1756045628
1846,2,1756043269,1756047030
4708,1,1756043325,1756047173
4893,3,1756045863,1756049416
1450,3,1756047070,1756051034
2847,2,1756050472,1756057330
4617,2,1756052553,1756056226
4962,1,1756054616,1756061332
3750,4,1756055496,1756058972
3186,3,1756056601,1756062668
2893,4,1756057586,1756063548
3269,2,1756060100,1756065091
4539,4,1756063513,1756069646
2489,5,1756064729,1756068430
4150,1,1756066305,1756069470
1441,5,1756067201,1756070906
2484,1,1756068019,1756074068
2147,4,1756068020,1756071743
4310,3,1756070234,1756074691
1874,4,1756071076,1756074356
4882,2,1756072079,1756076519
3772,2,1756072993,1756079975
4215,5,1756073251,1756079722
1306,1,1756073492,1756078735
1419,5,1756075976,1756078035
4494,4,1756076211,1756078099
1201,4,1756077937,1756084636
2620,3,1756080794,1756086245
3822,2,1756081210,1756084529
3570,4,1756082203,1756088395
3176,1,1756083523,1756086922
2552,2,1756084205,1756086187
2548,2,1756088083,1756091686
2520,5,1756089710,1756092671
2799,5,1756090822,1756096318
1497,5,1756091161,1756095379
2713,4,1756092741,1756097685
2162,2,1756092952,1756098565
4962,2,1756093946,1756100724
4861,3,1756094483,1756098213
2225,4,1756094614,1756099398
2237,2,1756094731,1756099378
1455,4,1756096209,1756098952
2910,5,1756096253,1756099761
1614,2,1756096447,1756102613
3568,4,1756096523,1756099018
1412,3,1756096957,1756099467
4727,2,1756097372,1756103844
2755,4,1756098218,1756102261
1831,3,1756098269,1756101652
1787,3,1756098382,1756103222
4423,4,1756102382,1756104886
2797,1,1756102690,1756108246
1845,2,1756104144,1756107075
4547,4,1756105769,1756112537
1760,3,1756108155,1756110569
3111,4,1756108825,1756114237
1527,2,1756109118,1756116152
3494,1,1756110404,1756112711
4787,1,1756112679,1756115958
1893,5,1756113798,1756119671
2754,4,1756114861,1756119838
4406,4,1756115218,1756118890
1224,1,1756115632,1756122740
3391,5,1756117012,1756121035
2750,2,1756117373,1756124222
4953,1,1756117393,1756123450
1062,4,1756119741,1756124907
2510,2,1756123496,1756126975
1042,1,1756123679,1756130364
2979,3,1756124798,1756126718
1567,5,1756128232,1756130849
4061,4,1756130587,1756136414
1976,5,1756133011,1756139292
4028,1,1756133972,1756140391
4675,2,1756134058,1756137974
4260,1,1756134365,1756137928
4823,1,1756140332,1756142211
3895,3,1756143230,1756146562
4160,1,1756144265,1756151132
1479,3,1756144733,1756151109
2993,5,1756145172,1756148679
1114,1,1756146220,1756148604
2069,2,1756146610,1756148435
4904,5,1756146958,1756154039
4608,3,1756149632,1756151969
4564,3,1756152316,1756158706
3822,5,1756152640,1756154504
1947,1,1756152647,1756156502
1419,4,1756155440,1756160492
1417,4,1756156275,1756158361
1933,5,1756156971,1756162221
4079,1,1756159305,1756164392
2464,5,1756160156,1756166865
3562,3,1756161651,1756165038
3579,4,1756162178,1756168830
2769,2,1756164018,1756168303
4001,4,1756165550,1756172162
3879,4,1756165692,1756172689
3205,1,1756166056,1756172789
3274,2,1756168676,1756170498
1396,3,1756169653,1756176502
2797,1,1756169971,1756173028
1970,5,1756170647,1756176867
2960,4,1756171186,1756174886
4493,3,1756171262,1756176351
1823,4,1756173621,1756178970
2975,2,1756174074,1756179592
2301,1,1756180409,1756185386
3207,1,1756183703,1756189573
1815,5,1756184105,1756190974
4846,3,1756185364,1756188991
2805,1,1756187677,1756193622
2544,3,1756187930,1756190489
2015,1,1756188594,1756192211
4427,1,1756189897,1756192590
3214,3,1756191413,1756197342
4173,5,1756192270,1756197687
3675,2,1756193812,1756199654
1076,5,1756194405,1756197879
2336,5,1756195540,1756198717
2363,1,1756197722,1756201111
3106,1,1756198474,1756202347
2995,1,1756199132,1756205970
4844,4,1756199312,1756205075
4420,1,1756201045,1756205774
4904,1,1756203341,1756207539
3430,2,1756204041,1756207929
1884,3,1756206679,1756208563
3123,1,1756207127,1756209485
4420,4,1756207768,1756211605
3717,5,1756211360,1756217863
2415,5,1756213548,1756215515
1703,3,1756215120,1756218796
2346,2,1756216905,1756221988
2438,1,1756219055,1756222045
1785,2,1756220576,1756224892
1505,1,1756221527,1756228508
2410,3,1756222821,1756228107
1913,3,1756223744,1756226273
3292,4,1756225628,1756231772
1891,1,1756227288,1756233218
3142,2,1756228460,1756232412
2380,2,1756231539,1756238302
3510,2,1756231585,1756233500
2781,4,1756232294,1756236136
3709,2,1756232632,1756234845
1055,4,1756232766,1756236776
2486,5,1756233147,1756237192
2821,1,1756236116,1756240619
3831,1,1756236255,1756242614
4483,5,1756236649,1756238899
4215,3,1756236902,1756241251
1040,2,1756237313,1756243502
3510,3,1756238284,1756240649
2252,2,1756242253,1756249384
2492,1,1756242742,1756244731
4709,3,1756245290,1756249774
3635,5,1756245584,1756249734
2472,5,1756245678,1756250447
4791,4,1756249146,1756253042
3756,1,1756250879,1756254825
4650,5,1756254445,1756257035
3571,5,1756255826,1756259036
2651,2,1756256551,1756261164
3692,3,1756257976,1756264853
2893,1,1756260107,1756262524
4972,5,1756261494,1756268525
2346,5,1756262623,1756266738
4196,2,1756264120,1756271204
4515,5,1756265140,1756269135
4088,4,1756265283,1756267418
2359,3,1756266547,1756271360
4816,4,1756268930,1756273215
3295,2,1756270949,1756273618
4554,2,1756271088,1756276580
2942,2,1756271098,1756273612
3468,5,1756272329,1756275357
4445,1,1756272545,1756279154
3716,1,1756273105,1756277389
2127,1,1756273583,1756279790
3591,1,1756274926,1756281870
2477,4,1756275852,1756279719
1461,3,1756276882,1756278920
1075,4,1756277667,1756282990
1379,3,1756277767,1756284243
1112,4,1756277936,1756281153
3135,4,1756280368,1756285748
3870,4,1756282445,1756284518
3080,1,1756283959,1756287783
2043,1,1756284006,1756286331
3608,2,1756285343,1756292322
3524,4,1756286968,1756290504
4965,2,1756288026,1756291440
1527,3,1756290609,1756296417
2586,4,1756292008,1756294907
4489,3,1756292297,1756295936
4496,1,1756292624,1756297823
2221,2,1756294106,1756297360
2510,2,1756294593,1756299536
2124,3,1756294770,1756296695
3056,3,1756294839,1756297625
2922,4,1756296031,1756298951
1479,3,1756296204,1756300297
1114,3,1756297453,1756304054
2481,3,1756297773,1756300455
1807,4,1756297936,1756304128
3764,4,1756298707,1756303460
3911,1,1756299557,1756303435
1845,5,1756300213,1756302291
2401,1,1756300612,1756306046
3088,3,1756300936,1756307223
4012,5,1756301610,1756308147
3513,1,1756302271,1756308054
3967,2,1756306688,1756312973
4881,5,1756308740,1756312733
1509,2,1756309264,1756315806
1862,5,1756312720,1756316319
2653,2,1756313140,1756316362
1814,5,1756313434,1756316060
2534,4,1756315194,1756317385
1164,5,1756316857,1756320751
4142,5,1756317574,1756324688
1314,5,1756318146,1756322779
2995,4,1756319082,1756325333
4283,1,1756321482,1756324773
3772,5,1756322283,1756324483
4367,3,1756322554,1756325243
1692,5,1756323751,1756327255
1692,3,1756324548,1756330912
1022,2,1756325035,1756328369
3160,5,1756325641,1756327718
3824,3,1756327175,1756330842
1401,5,1756328267,1756332888
1503,5,1756329224,1756335029
2988,2,1756329393,1756332988
4373,3,1756330432,1756332319
2359,3,1756330649,1756337682
1815,2,1756331328,1756338114
3236,5,1756332444,1756334253
2307,5,1756333264,1756337141
3624,4,1756335222,1756341003
1557,4,1756336566,1756339164
1625,5,1756336699,1756340923
1552,5,1756339108,1756342973
1946,2,1756339676,1756343552
1405,2,1756340195,1756343528
2942,5,1756340960,1756344955
3295,3,1756342113,1756345662
3756,4,1756343383,1756348523
2339,5,1756344202,1756347958
3339,2,1756344727,1756348671
3289,5,1756345210,1756348755
2589,4,1756346375,1756349817
4836,4,1756347015,1756348885
4358,4,1756347825,1756354293
3657,4,1756347989,1756353068
4734,3,1756349557,1756356458
3727,2,1756351325,1756357280
4757,4,1756352115,1756355501
3403,2,1756352146,1756357496
2809,2,1756352740,1756357469
3724,2,1756353451,1756355421
3067,2,1756354802,1756358149
3993,1,1756356742,1756363462
3756,3,1756357348,1756363762
1136,4,1756360350,1756365970
3583,1,1756360827,1756366535
3668,5,1756361564,1756366951
1007,4,1756362811,1756366249
4170,2,1756364479,1756369718
4737,1,1756365651,1756371777
2949,5,1756365824,1756371005
4377,2,1756369246,1756375847
4148,5,1756370513,1756374205
4113,1,1756370747,1756376849
3317,1,1756372378,1756378293
1673,3,1756373753,1756376275
4993,2,1756374552,1756379828
3290,2,1756374595,1756380408
3447,3,1756375936,1756380675
1169,1,1756376705,1756380796
3149,5,1756379131,1756385864
3310,4,1756380926,1756384256
3455,3,1756382007,1756387763
2378,1,1756383998,1756387464
1481,2,1756385013,1756387802
3790,4,1756385646,1756391876
2135,5,1756387640,1756390451
4286,3,1756391221,1756398415
4178,4,1756391647,1756397447
2639,4,1756391967,1756394964
1933,2,1756395007,1756397174
1796,5,1756395284,1756398661
3262,2,1756397496,1756401398
2842,5,1756397569,1756400088
3354,4,1756398517,1756403349
2891,2,1756399756,1756403849
4058,2,1756400926,1756402894
2659,3,1756401891,1756407956
1335,2,1756402006,1756406868
2683,5,1756402590,1756404413
1241,4,1756402651,1756408493
1909,3,1756403770,1756409268
3717,2,1756404607,1756409162
4118,3,1756404627,1756411684
1136,3,1756406666,1756410949
1638,1,1756409445,1756415503
4603,3,1756409815,1756416834
1057,5,1756410046,1756416363
1710,4,1756411111,1756413506
2463,1,1756411182,1756413572
4891,2,1756412857,1756417186
4609,5,1756413168,1756418763
3432,3,1756416251,1756422180
1201,3,1756416692,1756419360
3772,3,1756420553,1756423346
1412,2,1756422815,1756426119
1881,4,1756423264,1756426909
4985,1,1756425777,1756429656
2699,3,1756426663,1756430550
4223,2,1756426801,1756428778
2405,5,1756426856,1756432095
2612,4,1756427219,1756429952
4557,4,1756427832,1756430143
4670,4,1756429132,1756431217
3485,2,1756433525,1756440547
2255,2,1756435034,1756437712
3358,3,1756435286,1756441705
4868,2,1756436493,1756440651
3009,4,1756437505,1756441662
3175,3,1756438502,1756445201
3927,1,1756439651,1756444858
3492,2,1756440554,1756442984
1996,1,1756444805,1756450421
1660,1,1756446063,1756449173
3968,1,1756449878,1756452307
3166,3,1756450405,1756455961
2834,2,1756450692,1756454397
3207,5,1756451938,1756458151
3672,4,1756453075,1756455445
1478,5,1756453598,1756458055
2646,5,1756454348,1756460030
4531,2,1756458926,1756461072
3864,3,1756459524,1756463344
4554,3,1756460113,1756464814
4433,3,1756460123,1756463404
4930,3,1756460875,1756466110
4033,5,1756461048,1756463067
1419,5,1756462451,1756468120
2539,5,1756463522,1756469845
1705,1,1756464982,1756468201
2485,3,1756465172,1756467447
1599,3,1756466214,1756472434
1842,5,1756466451,1756473527
2638,3,1756469211,1756475586
2117,5,1756469295,1756476312
4040,3,1756469753,1756473705
2200,1,1756470425,1756477249
3367,3,1756470490,1756473049
2559,3,1756474064,1756477241
3822,5,1756474122,1756479810
4950,1,1756474183,1756478377
2967,1,1756477250,1756480538
4547,2,1756477255,1756480368
1807,3,1756478424,1756485329
1451,1,1756478979,1756480797
2296,1,1756478982,1756483739
2495,1,1756479048,1756483355
1557,3,1756481938,1756484378
1795,3,1756483499,1756486170
4855,1,1756483781,1756490523
4891,3,1756484133,1756490740
1212,1,1756484915,1756489834
3408,2,1756486668,1756492241
1009,2,1756486774,1756493074
4654,2,1756486865,1756492736
1991,1,1756487134,1756493569
3566,5,1756490040,1756492449
1421,5,1756490514,1756496744
4719,3,1756491861,1756494771
2119,5,1756493941,1756499856
3571,1,1756493956,1756498655
2047,2,1756495702,1756501150
1632,2,1756496427,1756502539
1913,1,1756499079,1756502162
4940,2,1756499350,1756502693
3675,2,1756500954,1756504220
3540,5,1756501334,1756506463
3716,4,1756501881,1756507315
2459,1,1756502353,1756504190
1057,3,1756502771,1756506658
2109,2,1756504985,1756510839
1938,5,1756505339,1756510495
2816,2,1756506796,1756511407
2699,4,1756510088,1756514524
4048,3,1756511466,1756515849
3246,4,1756512278,1756515707
3101,4,1756519432,1756522610
3448,4,1756520047,1756525540
4204,3,1756522209,1756525723
4517,5,1756523173,1756526664
4019,2,1756524615,1756529638
1525,5,1756525400,1756530210
4069,2,1756525851,1756532155
1055,3,1756527411,1756533888
4696,3,1756528602,1756531539
3654,3,1756529782,1756536788
2575,5,1756530090,1756537071
2072,2,1756532224,1756537271
4882,4,1756533272,1756539655
4411,5,1756534470,1756536773
1759,2,1756534568,1756540860
3550,1,1756534970,1756541794
2463,2,1756536262,1756542722
3417,2,1756536542,1756538529
2995,2,1756537778,1756542375
2795,4,1756538065,1756543096
4326,3,1756538244,1756541332
2724,5,1756538883,1756540998
2278,5,1756539614,1756543804
1874,5,1756540926,1756546066
1394,2,1756541564,1756545423
2110,1,1756546122,1756550477
3790,3,1756547998,1756554933
1752,4,1756548550,1756552232
2902,5,1756550405,1756555814
2942,5,1756550699,1756553559
2809,5,1756550870,1756556348
4283,3,1756551588,1756554195
4953,1,1756551856,1756557312
4708,4,1756552900,1756554816
2681,5,1756553138,1756558969
3824,2,1756553399,1756555264
2847,5,1756554017,1756559259
4871,2,1756556695,1756560645
1223,4,1756557289,1756563389
1557,1,1756563950,1756569784
3815,5,1756564687,1756571380
2007,3,1756565460,1756568413
4977,5,1756565728,1756570332
4339,3,1756565914,1756571844
3123,4,1756566978,1756570907
2891,5,1756567096,1756573153
4849,2,1756567635,1756570146
4260,5,1756568317,1756571204
4059,1,1756568488,1756574926
2441,5,1756569042,1756573293
1561,5,1756570021,1756571837
4708,2,1756571077,1756577910
1768,3,1756571464,1756577124
3551,4,1756571743,1756578227
4404,1,1756571919,1756577725
3758,4,1756572000,1756577019
4385,5,1756575057,1756580636
1891,1,1756575944,1756579083
2748,3,1756577939,1756584699
4517,1,1756578094,1756582304
2243,2,1756582077,1756585992
2524,4,1756583787,1756589203
1057,1,1756584151,1756587453
4704,1,1756585359,1756588304
4429,3,1756585922,1756591287
3003,4,1756586547,1756589279
3080,3,1756587882,1756591042
4923,3,1756590009,1756595264
1378,2,1756591290,1756593117
3237,4,1756597885,1756602570
1430,2,1756598414,1756602998
4071,4,1756599821,1756604091
3822,1,1756600373,1756606930
4387,4,1756604085,1756609008
1919,1,1756604808,1756611024
1396,2,1756605196,1756608741
2612,5,1756605449,1756609310
4734,4,1756607867,1756613985
4173,2,1756610703,1756612870
3391,1,1756611085,1756616412
1884,4,1756611153,1756615403
1580,3,1756611407,1756617806
3810,4,1756611810,1756618935
4803,1,1756612116,1756614961
2101,4,1756613223,1756619017
2922,3,1756614071,1756619100
4967,5,1756616215,1756619214
1384,3,1756618108,1756621410
3635,4,1756619693,1756623832
1766,4,1756619843,1756626918
3764,3,1756620076,1756625167
4285,2,1756620439,1756627077
1387,1,1756623044,1756630230
3967,4,1756623384,1756627536
3155,4,1756623582,1756630631
4683,3,1756625524,1756631248
1694,1,1756625819,1756629888
2489,5,1756625973,1756628630
3199,1,1756626081,1756628822
2243,5,1756628305,1756631459
2041,1,1756629895,1756635130
1982,4,1756633102,1756638097
4676,1,1756634339,1756639182
3714,3,1756634778,1756637198
1757,1,1756635560,1756642430
3576,4,1756635580,1756639265
1078,4,1756636194,1756638800
2562,1,1756638552,1756641738
3808,1,1756638962,1756643859
1062,4,1756639134,1756644977
1325,1,1756640845,1756647191
2161,5,1756644776,1756651577
1125,3,1756644991,1756648752
1396,4,1756645460,1756651946
3557,2,1756645935,1756649296
1598,2,1756647192,1756649293
3810,4,1756649275,1756654800
1109,4,1756649584,1756653046
1831,4,1756651792,1756655625
2703,4,1756652169,1756657778
4276,5,1756653044,1756655004
4499,1,1756654541,1756656818
3443,5,1756654716,1756660819
4676,3,1756655278,1756658659
1244,2,1756656064,1756659429
2063,3,1756656759,1756659306
4658,3,1756657776,1756663480
3462,3,1756658445,1756662281
4846,1,1756658741,1756661546
2524,3,1756658790,1756663353
3716,5,1756659237,1756663713
1614,4,1756659751,1756664138
3772,4,1756660286,1756665561
3123,4,1756660916,1756665618
1610,1,1756661480,1756668435
4018,4,1756661598,1756668295
4481,4,1756663469,1756669982
1854,3,1756663855,1756668636
4521,4,1756666622,1756672316
3004,4,1756666708,1756673877
2168,3,1756667162,1756670227
3898,5,1756667863,1756671524
1302,4,1756668099,1756672315
3100,5,1756668225,1756674597
4937,4,1756669651,1756673280
2173,3,1756669958,1756672707
2686,5,1756670383,1756675214
2257,4,1756672567,1756674637
2910,2,1756673619,1756676740
4144,1,1756673641,1756680480
1130,1,1756676248,1756678293
2694,5,1756677870,1756681799
3246,3,1756678225,1756684932
3670,1,1756678598,1756683938
4683,3,1756679013,1756684434
3104,4,1756682431,1756689099
3624,5,1756682522,1756688816
3569,4,1756684238,1756686041
2186,3,1756684243,1756690541
2015,3,1756685901,1756692007
1278,4,1756686837,1756689056
3788,1,1756687312,1756690615
2756,3,1756687317,1756692542
2711,2,1756688114,1756694128
3684,1,1756690766,1756694302
1387,4,1756691230,1756694245
1740,1,1756693046,1756697564
2332,5,1756694260,1756696826
3474,5,1756696198,1756703010
1937,1,1756696933,1756700350
3035,4,1756697584,1756704628
3950,4,1756699831,1756706955
4462,1,1756699944,1756703963
3086,3,1756702035,1756707442
4593,3,1756704277,1756710262
3953,2,1756705891,1756712496
1526,2,1756706051,1756710512
4707,2,1756706184,1756711591
3055,5,1756706424,1756708358
3668,2,1756707723,1756714904
1765,3,1756707873,1756714989
4373,3,1756709177,1756713961
4416,2,1756709846,1756714703
4596,4,1756709856,1756716312
3550,5,1756712434,1756714830
3277,4,1756715048,1756717082
4266,4,1756715329,1756718636
3104,5,1756715908,1756721507
1411,5,1756716096,1756723195
1078,3,1756718938,1756723391
1404,1,1756718982,1756724705
2589,1,1756720853,1756725376
3848,1,1756721393,1756725341
3143,1,1756722041,1756728753
4515,2,1756722590,1756728562
4869,1,1756724064,1756728056
4465,2,1756724396,1756726961
2016,1,1756725161,1756728977
3320,2,1756726317,1756730563
4150,4,1756728124,1756733909
1561,5,1756728468,1756734690
1101,1,1756729098,1756734666
1913,5,1756730907,1756737408
1092,4,1756736111,1756738472
1525,1,1756736166,1756742936
4334,4,1756736670,1756742015
1816,5,1756738061,1756740649
2750,2,1756739816,1756746632
3381,3,1756740098,1756745190
2224,3,1756742527,1756747946
4113,1,1756744567,1756751699
3546,4,1756747089,1756749663
1444,3,1756748457,1756751757
4499,5,1756748629,1756752543
1920,1,1756748930,1756754625
2668,3,1756749639,1756756082
4223,1,1756749711,1756753629
3220,5,1756750825,1756756514
2224,5,1756750876,1756754742
2191,3,1756750984,1756756104
2266,4,1756751148,1756756516
3549,2,1756751360,1756754986
1694,3,1756752842,1756757827
1666,2,1756754076,1756758110
2116,5,1756755709,1756760874
1553,1,1756756756,1756763350
1434,2,1756758093,1756760555
3986,1,1756758339,1756764272
3870,4,1756759006,1756763860
1287,4,1756762441,1756765245
1350,5,1756769255,1756775643
1802,4,1756769431,1756772469
4387,4,1756770020,1756776985
3921,1,1756771162,1756776181
2294,4,1756771311,1756777993
1193,2,1756773982,1756779489
3821,1,1756776241,1756780583
4730,4,1756778186,1756781209
3689,4,1756779699,1756781892
1949,2,1756783892,1756789926
3822,2,1756784245,1756786146
1561,2,1756786863,1756792189
4159,3,1756787086,1756791885
4509,4,1756788519,1756793409
4215,4,1756788677,1756795114
2351,5,1756789014,1756792878
4407,3,1756790129,1756793275
3130,5,1756791659,1756796620
4273,3,1756791687,1756798336
3339,3,1756791851,1756794920
1673,5,1756793009,1756795603
1599,4,1756793527,1756796933
4493,1,1756794377,1756799111
4144,4,1756795105,1756802122
3130,1,1756795602,1756800641
1164,5,1756797645,1756803813
2589,1,1756799032,1756802758
1134,4,1756801731,1756805128
4890,5,1756802411,1756809480
1823,3,1756802763,1756806012
4893,4,1756802921,1756804998
3420,2,1756803142,1756805852
3984,4,1756806876,1756810617
4367,5,1756808599,1756812155
4420,4,1756808887,1756812804
4791,1,1756809786,1756814192
1759,5,1756811791,1756813781
2439,3,1756812191,1756818442
4537,1,1756813280,1756819921
1074,2,1756813989,1756820687
3588,3,1756814528,1756820947
2689,5,1756814764,1756819866
3993,5,1756814957,1756821492
3319,2,1756815589,1756821030
2383,5,1756818218,1756823529
2668,3,1756819970,1756822915
2489,4,1756821634,1756826160
3710,3,1756823019,1756825839
1590,1,1756823082,1756828316
1241,1,1756823353,1756828764
1222,4,1756824207,1756828978
4261,5,1756824449,1756831227
4201,5,1756825173,1756827122
3294,3,1756825618,1756830151
4049,3,1756825879,1756830097
1950,3,1756825937,1756832789
1384,5,1756826707,1756833771
3217,4,1756827877,1756833282
1946,1,1756828034,1756832895
4308,3,1756828668,1756835715
3717,5,1756829264,1756832753
1493,3,1756831978,1756835609
4558,3,1756833571,1756836854
1968,3,1756833677,1756835713
3351,4,1756834500,1756841689
3208,2,1756834691,1756839341
2153,4,1756835414,1756841745
4993,1,1756835417,1756838773
2634,1,1756835671,1756841468
2364,2,1756836715,1756838935
2264,4,1756836749,1756841087
2779,1,1756837721,1756843031
1214,3,1756839260,1756841335
4823,3,1756839723,1756843329
2017,4,1756840972,1756845545
3714,3,1756842565,1756848231
4560,4,1756842919,1756845017
3711,1,1756843717,1756846144
2564,4,1756845377,1756849281
4100,2,1756848572,1756851929
2975,5,1756848839,1756855232
3406,5,1756849579,1756851620
2460,3,1756849993,1756854543
3085,2,1756850285,1756857485
2794,5,1756850974,1756854983
1610,5,1756853908,1756856862
3100,4,1756854267,1756860706
4494,1,1756854518,1756858780
3822,1,1756854645,1756860061
3578,4,1756855308,1756862508
2686,4,1756855586,1756860988
1049,5,1756856014,1756858638
3218,5,1756859083,1756860975
4791,4,1756859523,1756863142
2064,4,1756859614,1756865501
2812,1,1756861212,1756866233
3202,3,1756862235,1756865225
2011,3,1756863539,1756866032
2402,4,1756864009,1756870627
1599,5,1756864910,1756866950
1179,5,1756865393,1756867346
2178,3,1756866125,1756869981
2203,1,1756868382,1756873435
4150,5,1756869075,1756872595
2481,4,1756871841,1756875805
3666,4,1756871976,1756879155
4987,2,1756872046,1756878967
3301,1,1756873207,1756878332
3783,4,1756876005,1756878733
4965,5,1756876560,1756878909
3318,3,1756876723,1756879472
4420,2,1756877096,1756883353
2879,5,1756877815,1756883001
2842,3,1756880371,1756882881
2917,3,1756883106,1756886398
1074,4,1756883113,1756888792
3843,3,1756884969,1756888110
4199,4,1756886805,1756893647
3354,5,1756887727,1756893188
2902,3,1756889093,1756895973
1068,3,1756891303,1756894916
1937,4,1756894727,1756898144
3628,3,1756895736,1756898244
4509,2,1756896022,1756901265
2793,4,1756898066,1756903354
1571,4,1756900521,1756906970
2248,3,1756900620,1756907050
2564,1,1756903161,1756909501
1314,2,1756903983,1756906899
1212,3,1756910054,1756913424
1698,3,1756910916,1756917355
1122,1,1756912321,1756914199
1842,1,1756913334,1756919099
2106,4,1756914079,1756917372
4017,2,1756914872,1756919680
1539,4,1756916829,1756918890
2327,5,1756917766,1756921247
1642,2,1756917899,1756921544
4506,1,1756918436,1756922985
3683,3,1756919079,1756923890
2924,2,1756920213,1756927298
4071,1,1756921247,1756926602
1911,4,1756924099,1756930581
1264,4,1756924248,1756928480
1817,4,1756924940,1756930274
2357,5,1756925008,1756928098
1703,5,1756925537,1756931629
1195,3,1756926419,1756933221
2145,4,1756926771,1756932273
3351,4,1756927865,1756931955
2679,4,1756928019,1756933240
2287,3,1756928548,1756931864
2265,4,1756928890,1756932995
4893,5,1756929690,1756934504
3301,5,1756929838,1756935350
1440,1,1756930202,1756934826
4425,1,1756932028,1756937592
2292,4,1756932659,1756939254
2988,3,1756933251,1756939496
4509,4,1756935636,1756939228
2004,5,1756936140,1756940823
2643,1,1756938212,1756941733
2266,1,1756939067,1756945849
1949,5,1756940292,1756946906
2586,1,1756942643,1756948447
1114,5,1756942897,1756945731
1382,2,1756943796,1756949359
1269,3,1756944624,1756947648
1937,3,1756946447,1756949743
2642,2,1756947282,1756953151
3476,3,1756947702,1756950885
4621,2,1756947826,1756951726
1845,3,1756950888,1756954533
3575,4,1756951549,1756954385
4170,5,1756953233,1756959898
3134,2,1756954087,1756958624
1770,5,1756954527,1756959173
4607,4,1756955520,1756959900
3621,4,1756955778,1756957666
1365,5,1756955828,1756962744
1219,2,1756956365,1756959770
4041,3,1756959104,1756965992
4683,5,1756959829,1756965694
4310,3,1756960546,1756964746
4071,3,1756963237,1756965660
2645,4,1756964124,1756969766
4310,4,1756964206,1756971132
3549,4,1756964996,1756969671
1202,4,1756965012,1756967094
2809,4,1756965834,1756969635
1919,2,1756966260,1756968936
1884,5,1756967005,1756969320
1324,1,1756967135,1756969681
4493,4,1756967600,1756970875
2464,2,1756967939,1756973454
2913,1,1756968352,1756973634
1590,2,1756970041,1756976713
4626,5,1756971215,1756977328
1870,1,1756971896,1756977268
3873,1,1756972116,1756977243
3474,4,1756974199,1756979667
4593,5,1756976879,1756979231
1657,4,1756977755,1756982628
1390,5,1756979293,1756985237
2866,3,1756979885,1756983958
4060,1,1756980366,1756983009
1615,4,1756981481,1756984000
1421,1,1756981527,1756985737
4220,1,1756981702,1756988344
4948,5,1756982474,1756988432
4585,3,1756984174,1756986852
4373,3,1756984899,1756989664
2399,1,1756986343,1756990625
3659,2,1756987239,1756992717
4818,5,1756988112,1756991486
2521,4,1756988732,1756991636
3526,2,1756989689,1756995080
4218,3,1756990555,1756993567
2534,4,1756991716,1756996461
4177,4,1756991992,1756996376
4717,2,1756994469,1757000888
4731,2,1756994606,1757000049
1134,5,1756995883,1757002664
1976,1,1756996192,1756998659
4407,4,1756998320,1757002392
4832,1,1757000949,1757006037
4226,2,1757000991,1757003517
4021,3,1757001269,1757005662
1793,2,1757001886,1757004433
3842,5,1757002885,1757006335
1929,2,1757003599,1757006352
3551,3,1757004828,1757008411
4425,1,1757005171,1757010177
1094,1,1757010915,1757016304
3174,5,1757014837,1757021510
3608,4,1757016375,1757020447
1684,5,1757016715,1757020701
2461,4,1757016872,1757020400
3279,4,1757017056,1757023574
2866,4,1757018803,1757022931
4423,5,1757018883,1757025640
1807,1,1757019022,1757021635
1468,1,1757021801,1757024357
1960,1,1757022998,1757028641
4025,1,1757024044,1757030297
1946,3,1757025118,1757030827
4572,3,1757025451,1757031841
3307,1,1757025770,1757032218
2285,1,1757025965,1757033054
4087,3,1757026117,1757029156
1405,1,1757026397,1757029018
2714,5,1757026660,1757033687
2872,1,1757027265,1757031210
3853,4,1757029132,1757030966
3485,2,1757029612,1757034399
3042,5,1757030165,1757034673
1740,3,1757031737,1757037724
4351,2,1757034500,1757041465
3523,2,1757035358,1757041515
1823,1,1757036371,1757039905
3266,3,1757036619,1757038935
3277,3,1757037582,1757043960
2303,1,1757039008,1757041547
3090,2,1757039177,1757044712
2849,5,1757043749,1757049497
3887,1,1757045298,1757049974
4713,4,1757046354,1757051974
1431,3,1757050938,1757057901
4658,2,1757051274,1757058009
3694,5,1757052589,1757054706
4118,1,1757055067,1757059365
4849,3,1757056322,1757058639
4988,2,1757056528,1757059298
1021,2,1757059553,1757063135
1947,4,1757060022,1757064845
3067,4,1757062225,1757067826
2801,3,1757062777,1757068413
1817,2,1757064323,1757069616
2148,2,1757064820,1757070434
4972,3,1757065580,1757069629
4125,2,1757066662,1757069383
2779,5,1757067213,1757070368
4071,3,1757068707,1757070579
3202,1,1757070341,1757076492
2598,5,1757070527,1757074930
1497,4,1757071958,1757075888
4426,5,1757072169,1757079155
3563,3,1757072425,1757077049
1549,3,1757073017,1757078733
4864,5,1757073097,1757080024
1560,3,1757073753,1757079381
4949,5,1757074552,1757079543
3095,4,1757076362,1757082644
3294,3,1757077603,1757081068
4091,1,1757077935,1757080283
3823,5,1757079461,1757086499
2301,2,1757081745,1757088300
2904,4,1757082889,1757088233
3995,4,1757082912,1757088204
2437,5,1757084018,1757089916
4312,4,1757085278,1757090307
2190,5,1757085905,1757090373
3068,1,1757087625,1757089523
1402,3,1757087866,1757091180
2279,1,1757087884,1757091110
3345,5,1757089829,1757096844
2157,2,1757090626,1757093701
1656,3,1757090952,1757094187
4683,3,1757093324,1757100499
1839,1,1757094367,1757096784
1949,2,1757094529,1757098295
2767,4,1757094852,1757098956
4339,1,1757095283,1757100264
1062,4,1757095704,1757102223
2585,4,1757096034,1757098024
4261,4,1757097416,1757100200
2471,2,1757098187,1757103240
3380,4,1757099296,1757106077
3021,5,1757099359,1757103153
2400,4,1757100013,1757105194
1592,4,1757100969,1757105878
2539,3,1757101079,1757104193
1982,1,1757108843,1757113716
2975,4,1757111991,1757118760
3792,4,1757113831,1757118420
2247,5,1757114019,1757117702
3072,3,1757117854,1757122813
2783,1,1757122096,1757126122
1202,1,1757124367,1757129147
2587,1,1757125393,1757127668
4972,4,1757127590,1757130128
3213,4,1757128205,1757133973
2680,2,1757128262,1757131276
2319,4,1757129088,1757136256
3583,1,1757130219,1757133958
3223,4,1757132414,1757137917
4846,4,1757132673,1757135321
2598,3,1757133875,1757138945
3719,2,1757136227,1757139434
2901,2,1757136424,1757143132
2438,1,1757137401,1757142811
2359,5,1757137942,1757144401
2809,1,1757138643,1757142563
2795,3,1757142582,1757149544
1545,4,1757143115,1757147652
2699,2,1757145926,1757150962
4836,4,1757146966,1757150516
3829,4,1757147843,1757151650
3242,5,1757148741,1757151021
3035,1,1757149326,1757151613
2485,1,1757154337,1757160807
2469,5,1757154348,1757158472
3881,5,1757154425,1757160421
3339,1,1757155989,1757162226
2810,3,1757156898,1757159382
3842,5,1757156987,1757159189
1083,5,1757158218,1757160034
1570,1,1757159946,1757165912
2808,1,1757161262,1757168151
4001,2,1757162090,1757165009
1735,4,1757162263,1757167508
4099,1,1757162951,1757169676
2401,2,1757164797,1757168644
3898,5,1757166678,1757171089
3721,1,1757167237,1757169711
4227,1,1757168509,1757173717
1297,4,1757172647,1757175701
4413,3,1757173283,1757178020
1483,5,1757174370,1757178523
4609,4,1757176188,1757182239
3294,5,1757177039,1757182708
1478,2,1757177585,1757184574
3395,1,1757181386,1757185134
1439,4,1757183259,1757188072
4079,4,1757185067,1757187690
3074,1,1757187349,1757190942
2035,4,1757187655,1757190723
3236,4,1757187698,1757194077
2165,3,1757187916,1757193543
2878,2,1757189832,1757195375
3005,5,1757190379,1757196015
4953,2,1757191057,1757197744
2127,4,1757191844,1757196906
4391,5,1757192033,1757193962
2463,4,1757193743,1757196007
3927,3,1757193945,1757197334
2248,5,1757194681,1757198930
3447,3,1757195228,1757202239
3608,5,1757196182,1757201895
1912,2,1757196864,1757200325
4048,2,1757197150,1757201694
3476,1,1757197565,1757203308
2802,2,1757200309,1757202265
1390,2,1757202273,1757208241
1287,3,1757202808,1757208656
1558,4,1757205884,1757211008
2800,5,1757206895,1757211543
2863,4,1757207311,1757214035
2636,5,1757208897,1757215206
4236,5,1757210058,1757213512
4066,4,1757211063,1757214260
4407,2,1757211101,1757217855
3132,1,1757211774,1757216868
4494,4,1757213568,1757217335
3756,3,1757214225,1757218704
4203,2,1757214576,1757219034
2960,2,1757214830,1757219044
2424,2,1757217446,1757223444
2826,1,1757218459,1757220337
2668,3,1757220153,1757224818
3898,1,1757220800,1757226501
3719,5,1757221450,1757224821
2162,5,1757222139,1757227643
1553,3,1757225244,1757230155
1001,5,1757225471,1757231369
3801,2,1757225695,1757230638
2014,2,1757228922,1757234129
3904,2,1757228923,1757235221
4406,4,1757230413,1757237513
4163,5,1757231191,1757233478
4557,3,1757231841,1757238392
3894,1,1757231970,1757235151
3211,5,1757232024,1757238264
3212,2,1757235519,1757241853
1106,5,1757235973,1757238737
1661,1,1757236822,1757239207
3485,5,1757237824,1757243746
1527,2,1757239108,1757246039
3430,2,1757240122,1757246480
2628,4,1757242064,1757248421
3218,3,1757243208,1757249720
4261,3,1757244566,1757248631
4217,1,1757247600,1757254111
2688,3,1757247635,1757250287
3654,1,1757247796,1757254669
2301,2,1757248728,1757255118
4112,5,1757248885,1757251829
2359,2,1757249376,1757256129
2334,2,1757250785,1757255963
2401,2,1757253130,1757256670
1539,1,1757253772,1757256388
3326,2,1757254391,1757256379
1182,5,1757256222,1757260001
1383,3,1757256754,1757260803
4617,2,1757259835,1757265113
4228,4,1757260941,1757267730
2715,2,1757261020,1757264203
4406,5,1757261677,1757268566
2247,5,1757262252,1757265796
3214,3,1757265619,1757269378
1481,5,1757266353,1757271794
1435,2,1757266560,1757271498
1723,1,1757268012,1757274395
4737,4,1757269751,1757272661
4973,2,1757269860,1757273008
2193,1,1757270604,1757273881
1412,1,1757270963,1757275549
1045,1,1757271197,1757274486
2441,2,1757273403,1757277123
2112,1,1757274398,1757279586
1884,2,1757275899,1757279913
2423,2,1757275930,1757279245
4523,3,1757276715,1757283442
1557,5,1757278301,1757281422
3778,2,1757278590,1757281602
2863,1,1757279659,1757282994
4385,5,1757279944,1757283960
1500,2,1757280258,1757282917
3135,5,1757280460,1757286148
1383,3,1757281440,1757287126
4967,4,1757282060,1757285468
3921,1,1757282490,1757286422
4560,4,1757283899,1757288397
3554,2,1757284205,1757286487
3947,1,1757284282,1757288808
2189,5,1757285770,1757292765
1431,1,1757285789,1757290466
4554,3,1757286208,1757292206
2453,2,1757288996,1757295688
3702,5,1757290456,1757295685
3675,5,1757290662,1757295209
3869,2,1757292172,1757294443
2587,3,1757292534,1757294945
2038,1,1757292844,1757296191
3283,5,1757293037,1757296888
1987,5,1757296133,1757302216
3131,1,1757298861,1757301115
3338,3,1757299003,1757304855
4673,2,1757299445,1757303257
3629,3,1757300228,1757303498
2303,1,1757300335,1757307247
1710,1,1757301475,1757305689
1344,5,1757303229,1757309840
4776,1,1757304487,1757311173
2356,4,1757306110,1757311708
3246,5,1757306773,1757312918
4754,3,1757307183,1757313149
3071,4,1757307705,1757310341
3188,3,1757307942,1757310888
3608,2,1757309922,1757315390
1212,1,1757311379,1757317804
4669,4,1757312101,1757314268
3544,4,1757313283,1757315769
2021,2,1757314076,1757316839
4175,1,1757314104,1757317989
3430,3,1757314260,1757319376
2733,5,1757314541,1757319442
3382,3,1757315471,1757319222
4803,4,1757315764,1757318971
3148,3,1757317132,1757322676
2354,3,1757319575,1757326619
3148,5,1757321153,1757325876
2436,3,1757322843,1757328833
2109,4,1757325540,1757331986
2534,5,1757326949,1757333247
4873,5,1757329056,1757331050
4607,2,1757330395,1757337231
4867,5,1757331759,1757334261
2154,4,1757334203,1757340043
1405,3,1757334710,1757337981
4818,5,1757336365,1757338713
2725,2,1757336730,1757341414
4458,2,1757339383,1757344710
4160,1,1757340777,1757344419
1105,5,1757341811,1757344802
2629,3,1757345219,1757349784
2342,1,1757345484,1757349871
1663,5,1757346367,1757351536
3375,1,1757348626,1757353422
1739,3,1757349433,1757354211
3675,4,1757352406,1757358413
4551,4,1757354104,1757357939
3200,3,1757354518,1757357496
1019,2,1757355464,1757362566
3295,3,1757356150,1757361459
4312,2,1757356482,1757361275
1074,1,1757356865,1757363320
3474,2,1757357793,1757359946
2002,4,1757358396,1757362201
4166,2,1757358670,1757362815
2749,3,1757361249,1757367207
1970,5,1757364075,1757367555
3179,2,1757364366,1757367878
3734,3,1757365343,1757368147
4746,2,1757366340,1757369478
1991,1,1757367201,1757372715
4795,3,1757370207,1757372702
3724,1,1757370827,1757375157
4252,2,1757371706,1757378761
2909,2,1757371923,1757377341
2410,3,1757373339,1757377739
3873,1,1757375827,1757379034
3254,1,1757375827,1757380869
3474,4,1757375847,1757378373
2594,5,1757375910,1757382657
4957,3,1757376875,1757379362
3307,1,1757377393,1757380417
3869,5,1757379388,1757382287
1419,4,1757379940,1757386274
2319,1,1757380502,1757386573
1067,4,1757380653,1757383555
1859,4,1757382606,1757386892
2683,1,1757383916,1757386220
1339,4,1757384676,1757388565
4433,5,1757385548,1757391410
2938,5,1757385820,1757390646
3693,2,1757386395,1757389373
3264,1,1757388701,1757394446
3301,2,1757389329,1757394144
2568,3,1757389614,1757394056
4183,2,1757393025,1757400138
1520,5,1757393199,1757397549
4824,5,1757394725,1757396957
4342,5,1757396545,1757398575
3728,3,1757396772,1757402526
3386,4,1757397082,1757401439
2189,3,1757398392,1757404890
1683,3,1757400591,1757403360
3549,4,1757400728,1757404076
1842,5,1757401533,1757407685
3993,2,1757402203,1757408629
1783,2,1757402673,1757406775
3582,4,1757402767,1757409434
1493,1,1757404716,1757406842
4865,4,1757405020,1757408946
4828,5,1757405611,1757411418
3705,4,1757406077,1757411359
2464,1,1757407369,1757413122
2123,5,1757407543,1757410732
2388,3,1757411133,1757415442
2666,3,1757412016,1757415505
2699,5,1757416369,1757421770
3123,5,1757416708,1757421281
3866,4,1757417952,1757423363
4502,5,1757421103,1757426640
3085,3,1757422738,1757428754
1542,4,1757422820,1757427849
3657,3,1757422906,1757428518
3326,1,1757427460,1757429767
4654,2,1757428842,1757432523
4746,3,1757429006,1757433444
4754,1,1757430081,1757437176
3212,3,1757430370,1757436831
4943,2,1757430769,1757437832
2118,4,1757432958,1757436553
2342,1,1757433608,1757437223
4493,3,1757434396,1757437600
3796,1,1757436505,1757439622
4659,4,1757437201,1757439635
2388,4,1757439101,1757444881
3783,4,1757441876,1757447525
1396,4,1757442412,1757446703
1675,3,1757443256,1757445066
3174,4,1757445137,1757447292
1938,2,1757445824,1757448200
1237,4,1757446232,1757451827
1615,4,1757446938,1757450681
4003,4,1757446996,1757449939
2441,1,1757448757,1757452588
1139,4,1757450231,1757452680
2124,3,1757450455,1757456850
3563,3,1757450478,1757454543
2428,4,1757451915,1757456991
3237,5,1757453547,1757456264
4030,1,1757457469,1757464058
3887,5,1757458581,1757464458
3253,5,1757458738,1757465813
3793,5,1757459320,1757463002
2145,3,1757460455,1757464248
4943,3,1757462758,1757464564
3331,1,1757464261,1757466612
3709,5,1757466351,1757471478
1760,5,1757469042,1757473749
1654,1,1757473094,1757479667
1302,3,1757474353,1757481067
3450,5,1757474682,1757481401
3228,4,1757474748,1757481418
1074,5,1757479440,1757483585
2545,2,1757479451,1757486338
2191,2,1757480922,1757482855
2482,5,1757482831,1757485319
2308,5,1757484863,1757491469
4118,3,1757485369,1757491271
3584,4,1757490008,1757493298
4735,1,1757490871,1757492826
1305,5,1757491081,1757495462
3750,2,1757492219,1757496462
1553,4,1757495783,1757498283
3145,1,1757496975,1757503701
1214,3,1757497309,1757500366
4717,2,1757498154,1757504756
1206,4,1757498840,1757502394
1735,2,1757499460,1757503594
2407,3,1757499896,1757502521
2934,2,1757500677,1757505277
2643,2,1757500967,1757503755
4015,4,1757501089,1757506556
3321,1,1757504652,1757507873
1628,3,1757504779,1757506897
2162,5,1757505072,1757507328
4561,1,1757506107,1757511358
1154,1,1757507000,1757512237
2995,2,1757507315,1757511019
3818,1,1757508194,1757515289
2127,5,1757510306,1757512295
1441,4,1757511182,1757517527
4491,5,1757511225,1757515671
3911,3,1757513028,1757516785
1129,1,1757514011,1757518216
3918,4,1757514303,1757518388
1104,3,1757514329,1757518637
1443,1,1757515277,1757521695
2247,5,1757515651,1757518560
3008,3,1757516413,1757523540
2838,1,1757516809,1757520153
4048,1,1757517455,1757520224
4108,5,1757517604,1757523484
3717,3,1757519139,1757525204
4452,4,1757519380,1757523139
2040,2,1757519939,1757523798
4524,1,1757520934,1757524152
2996,1,1757522919,1757525751
4193,4,1757523996,1757529323
2559,2,1757529013,1757531027
2191,5,1757529100,1757534087
1752,5,1757529689,1757534228
4260,1,1757530309,1757535952
3535,1,1757531300,1757536608
4647,2,1757531339,1757535301
3447,3,1757532957,1757538934
1684,5,1757533839,1757536419
1387,1,1757534353,1757536676
2199,3,1757534389,1757539651
4342,4,1757536740,1757542199
2168,3,1757537058,1757541052
4818,3,1757537437,1757542330
1565,5,1757537981,1757543369
3408,5,1757542592,1757545445
3072,1,1757544068,1757549488
3866,5,1757546376,1757548871
4031,4,1757547706,1757550173
1930,4,1757548464,1757552811
4831,1,1757548949,1757552950
1094,5,1757549589,1757553736
4803,5,1757549759,1757554805
2038,2,1757549761,1757554560
4611,2,1757550412,1757552586
3917,1,1757553593,1757560523
4156,1,1757557074,1757562665
4737,1,1757558505,1757560753
2886,3,1757559802,1757561907
1057,4,1757560763,1757563355
4523,1,1757561821,1757565995
4283,3,1757563072,1757568630
1507,5,1757563925,1757569050
2306,2,1757565303,1757567641
2931,3,1757566002,1757571365
4678,2,1757568989,1757573508
1727,2,1757569479,1757575431
2037,2,1757570968,1757573498
1478,5,1757571395,1757576552
3685,3,1757571650,1757574578
1110,2,1757571673,1757577285
3080,5,1757572244,1757578519
2282,4,1757572285,1757579321
1770,1,1757572387,1757575706
2283,1,1757573069,1757578942
2572,3,1757573250,1757579159
1817,2,1757573630,1757577703
2252,2,1757574668,1757580202
4103,2,1757574915,1757581708
1100,3,1757577999,1757584273
1657,5,1757578315,1757580687
4169,5,1757578632,1757581664
2525,1,1757579103,1757581054
3293,4,1757581919,1757584332
1072,4,1757582394,1757586625
3786,3,1757582822,1757586304
1558,3,1757582890,1757589028
2405,5,1757583966,1757586327
2758,2,1757584215,1757589066
2146,2,1757586253,1757591452
2767,3,1757588613,1757592620
3271,1,1757588810,1757591389
3684,3,1757590141,1757596691
4534,1,1757591040,1757596653
2431,2,1757592356,1757596435
1378,1,1757593312,1757599884
1431,4,1757594076,1757596328
2913,5,1757595249,1757599389
3579,4,1757595633,1757598948
2853,4,1757596157,1757602269
3178,1,1757597201,1757602671
1618,2,1757602303,1757605007
2510,3,1757604091,1757607319
2733,3,1757604363,1757611349
1320,1,1757605293,1757608538
4648,4,1757606264,1757613270
1214,2,1757606879,1757613405
3920,3,1757607286,1757609411
3301,4,1757607763,1757611439
1974,4,1757608867,1757615404
3462,5,1757609985,1757616631
4910,1,1757610428,1757613587
2385,1,1757610528,1757612400
2096,5,1757611640,1757618334
3808,2,1757611755,1757614288
2733,5,1757611767,1757616649
1957,1,1757612167,1757617787
3333,1,1757612374,1757619053
3334,3,1757612472,1757616836
3706,4,1757612995,1757618318
1899,2,1757613288,1757618968
4907,3,1757613526,1757619452
2601,4,1757613884,1757618986
2317,5,1757614042,1757616160
3904,1,1757614398,1757619903
3075,1,1757615754,1757617728
3430,4,1757616568,1757623367
4407,2,1757616606,1757619894
1561,2,1757619372,1757625019
1067,5,1757619920,1757626226
2296,2,1757620996,1757624900
1752,2,1757621227,1757624590
4302,2,1757621536,1757624516
3860,1,1757621545,1757623466
2549,4,1757621603,1757625498
3206,4,1757622846,1757627841
4202,3,1757624204,1757628558
1950,4,1757625355,1757631125
1237,5,1757626989,1757631287
3077,1,1757627677,1757630979
2062,3,1757629043,1757631048
3854,4,1757631767,1757638724
3266,1,1757632247,1757638450
2834,2,1757633416,1757635931
1915,5,1757636058,1757639845
1771,5,1757636293,1757638262
1867,3,1757636391,1757642119
1339,4,1757636633,1757641656
4650,4,1757639426,1757646067
4801,1,1757639455,1757645120
3700,5,1757642319,1757646748
2092,4,1757644290,1757649344
1933,2,1757645027,1757649099
1553,4,1757645502,1757650250
3758,3,1757645968,1757648025
4273,3,1757646557,1757653148
2371,5,1757654300,1757660083
4458,3,1757655464,1757662209
1689,3,1757656520,1757660958
4619,3,1757657404,1757661115
4054,5,1757658276,1757662618
1252,3,1757658383,1757664015
2502,5,1757662073,1757668067
4680,3,1757662106,1757667547
1401,5,1757662421,1757669382
3950,3,1757663355,1757666407
2224,4,1757663665,1757668950
2478,3,1757664219,1757667449
3228,3,1757669612,1757675303
4260,4,1757669791,1757673308
1074,4,1757670510,1757675522
3822,2,1757670834,1757674106
4814,4,1757671170,1757677930
4935,4,1757671530,1757678027
1466,4,1757671591,1757674567
3549,2,1757672519,1757678754
3469,4,1757673006,1757675140
4177,5,1757676810,1757682288
1946,5,1757678474,1757682739
4566,1,1757678711,1757682734
1602,2,1757681167,1757687811
4622,3,1757682347,1757689168
4896,5,1757683492,1757687285
1723,1,1757683728,1757686960
3239,4,1757685437,1757692498
2016,4,1757685506,1757691210
2296,3,1757685756,1757692307
4572,5,1757686762,1757692244
1876,4,1757689485,1757693721
3927,1,1757689923,1757694507
3101,1,1757692165,1757697850
3299,2,1757692400,1757696887
2146,1,1757692938,1757700017
4609,4,1757693827,1757696754
1535,4,1757694052,1757699126
2526,5,1757694774,1757696738
3899,2,1757694861,1757699062
2958,5,1757696396,1757701993
3187,5,1757696978,1757699281
1844,3,1757697481,1757700420
4608,3,1757698638,1757705762
3009,1,1757701928,1757705043
4061,5,1757702367,1757706852
1832,5,1757702648,1757706986
1495,3,1757705667,1757707849
1236,2,1757706280,1757712658
1430,3,1757707103,1757709839
3072,2,1757709487,1757714000
1314,4,1757709697,1757712025
4142,3,1757710294,1757714125
1129,3,1757710766,1757713547
3101,5,1757712475,1757719129
3995,5,1757713574,1757717590
1639,1,1757717994,1757724352
4698,2,1757722250,1757727996
2793,5,1757723452,1757728006
3728,3,1757725606,1757728466
3129,3,1757727171,1757731026
2702,3,1757728259,1757732109
4626,4,1757731570,1757737378
1752,3,1757731945,1757736200
2865,5,1757733236,1757735363
3148,4,1757733491,1757736698
4336,5,1757735091,1757742156
1092,1,1757735771,1757742581
3968,5,1757736093,1757739802
2546,3,1757736502,1757741824
1694,3,1757737047,1757743018
3448,1,1757737327,1757739128
4748,4,1757738692,1757741948
1833,4,1757739028,1757741356
4560,4,1757741684,1757746915
4928,1,1757742602,1757746038
4096,3,1757746596,1757751421
2711,2,1757748490,1757751108
4773,1,1757749143,1757753174
2241,5,1757750125,1757755355
4870,4,1757750314,1757752685
4302,3,1757754084,1757758394
1832,1,1757755056,1757758232
2162,3,1757755983,1757759489
1253,4,1757756569,1757759242
4673,4,1757757119,1757758938
1013,5,1757758191,1757760548
4609,4,1757758261,1757763877
1737,3,1757758791,1757764009
1252,4,1757759254,1757764070
1844,2,1757760769,1757767543
3290,3,1757763423,1757769700
4593,3,1757764262,1757766632
3246,3,1757764502,1757770218
1919,2,1757766024,1757772905
2380,1,1757767486,1757773979
4052,1,1757767980,1757770469
2676,2,1757768039,1757770429
4473,3,1757768685,1757773600
4164,1,1757769163,1757771096
2337,5,1757769770,1757772213
4897,4,1757769869,1757773654
1405,2,1757770927,1757775726
4445,3,1757771005,1757773661
4054,5,1757771376,1757775838
2786,5,1757772627,1757777853
4443,2,1757772817,1757778400
4896,2,1757774529,1757779655
2709,2,1757774933,1757780880
4303,1,1757776468,1757779349
3301,5,1757777057,1757783601
1930,4,1757777221,1757780168
4797,4,1757777773,1757784724
1803,5,1757779278,1757784496
2709,3,1757779539,1757785168
3205,2,1757781551,1757787477
3520,3,1757781618,1757785160
1956,5,1757781910,1757787662
2276,4,1757783164,1757787479
3188,5,1757785233,1757788001
3768,4,1757786301,1757790122
2262,4,1757789540,1757795373
2819,1,1757789810,1757791761
4940,3,1757791159,1757797210
1525,3,1757791389,1757795361
3605,1,1757791842,1757794267
3311,5,1757792558,1757797287
3822,3,1757793507,1757798270
4737,4,1757793758,1757800384
4925,3,1757794785,1757800153
1818,5,1757794843,1757798866
1999,4,1757794850,1757799778
4590,5,1757795761,1757802715
3406,2,1757796046,1757797945
3224,4,1757796287,1757799779
1154,1,1757798231,1757803581
4761,1,1757800197,1757804939
2588,4,1757804197,1757808320
3243,4,1757805592,1757811759
4937,3,1757806615,1757810810
2116,4,1757807529,1757811586
1358,3,1757809286,1757811100
2980,4,1757809495,1757812190
3431,1,1757811482,1757813698
1500,1,1757812400,1757817883
2241,3,1757815467,1757820803
2203,3,1757818353,1757823526
2703,5,1757819140,1757822379
1430,4,1757820149,1757822316
3246,5,1757820320,1757826581
1439,3,1757821186,1757824333
1617,4,1757825019,1757829049
3792,5,1757825436,1757827443
3051,4,1757825637,1757831878
4943,4,1757827137,1757832996
3675,3,1757827419,1757831489
2960,2,1757827629,1757829982
2452,1,1757827801,1757832233
3072,3,1757828013,1757833774
2680,3,1757830166,1757832496
4068,5,1757830609,1757836748
3940,4,1757831502,1757837246
4443,2,1757833146,1757837733
2925,1,1757837411,1757839285
2066,3,1757838117,1757842751
3360,3,1757841438,1757845115
3580,1,1757842898,1757846223
4490,3,1757843459,1757849471
1822,3,1757844970,1757850521
1275,4,1757845108,1757849732
3218,4,1757846159,1757848214
4861,5,1757847138,1757853321
4558,3,1757848039,1757850819
1129,2,1757848597,1757851286
4012,4,1757849815,1757856756
4515,2,1757851403,1757854623
3594,4,1757851839,1757858729
4101,1,1757852105,1757856732
1735,2,1757852292,1757855196
4515,2,1757852459,1757859458
4831,3,1757853208,1757859265
4420,5,1757854915,1757859863
2179,4,1757855984,1757861135
1672,3,1757856348,1757863382
4726,4,1757856436,1757863186
4943,5,1757857924,1757860247
2809,2,1757858070,1757862032
3194,3,1757858428,1757861341
1911,1,1757859131,1757861752
1129,4,1757861244,1757868221
4088,5,1757862048,1757864902
2453,1,1757863837,1757866791
4547,2,1757864008,1757868888
2995,4,1757865749,1757868857
4609,5,1757866627,1757869312
2759,4,1757866870,1757869153
3220,5,1757867310,1757872262
2383,5,1757868459,1757872945
2264,4,1757868923,1757874286
1036,3,1757870533,1757876108
1497,3,1757870637,1757874815
3476,2,1757872321,1757875677
4684,1,1757873090,1757876163
4523,5,1757873955,1757877022
3202,3,1757877292,1757881562
2082,5,1757877418,1757882294
2423,5,1757880821,1757886395
3167,1,1757882007,1757885878
1250,5,1757882105,1757886688
3408,5,1757882354,1757884233
2199,5,1757882740,1757889344
1670,2,1757884107,1757886032
1384,2,1757885793,1757890118
2021,5,1757886602,1757892538
3056,3,1757888771,1757892154
4895,3,1757889422,1757893413
2869,1,1757891719,1757897655
2752,4,1757893189,1757898472
1700,3,1757894580,1757900435
4733,2,1757895277,1757897213
2053,5,1757896171,1757900174
3684,1,1757896508,1757899237
1202,5,1757896516,1757902975
2702,5,1757897144,1757899725
3246,3,1757897407,1757902506
1129,5,1757897843,1757902731
4355,2,1757899335,1757906292
3772,2,1757899776,1757902779
4846,1,1757899964,1757905727
4644,4,1757900513,1757905123
4531,3,1757900867,1757902746
2911,3,1757901113,1757904926
1495,1,1757901766,1757907819
3331,4,1757903467,1757909612
2500,2,1757903715,1757906424
2099,4,1757903799,1757910596
1254,2,1757903928,1757906542
2711,2,1757904159,1757909248
1103,5,1757904903,1757909276
2342,1,1757906966,1757911426
1683,4,1757907072,1757913563
2203,3,1757909515,1757913972
2058,1,1757910577,1757915116
1314,1,1757912427,1757918436
3557,4,1757912923,1757916074
4201,3,1757913006,1757914855
2772,1,1757914230,1757920484
4967,4,1757915784,1757919126
4967,5,1757916279,1757919375
1563,2,1757916461,1757921490
2217,5,1757917012,1757922813
4276,5,1757917657,1757920895
4202,5,1757918657,1757924666
1766,1,1757919027,1757922917
4067,4,1757921196,1757924072
3717,5,1757922164,1757926024
1698,2,1757922505,1757924757
4118,2,1757926020,1757931368
3266,2,1757926588,1757929621
3246,3,1757926759,1757932721
2037,4,1757928353,1757933183
3550,2,1757929851,1757933265
4718,2,1757929853,1757931656
2894,1,1757934664,1757939455
2829,5,1757936094,1757943292
3202,3,1757937982,1757944842
3797,2,1757941602,1757947989
4179,5,1757942554,1757946318
2486,4,1757944350,1757949706
1440,4,1757944874,1757950713
2830,3,1757944911,1757946978
2754,2,1757947378,1757949543
1735,5,1757947691,1757949528
2452,3,1757949095,1757951580
3468,5,1757949969,1757956066
3130,5,1757950651,1757954821
2247,4,1757951995,1757953910
2586,5,1757953852,1757957498
4421,2,1757956101,1757962899
3535,3,1757956179,1757961328
3416,3,1757956522,1757960795
2365,2,1757957055,1757959134
1144,1,1757959124,1757962639
1727,1,1757959344,1757963412
4748,2,1757959732,1757965297
2264,1,1757962750,1757967490
1752,5,1757964036,1757969557
1602,5,1757965172,1757971921
2221,4,1757965403,1757968769
1222,2,1757967077,1757970168
2439,4,1757968423,1757974034
3433,1,1757968878,1757973143
3351,2,1757969400,1757975188
1687,2,1757969431,1757973611
3104,3,1757970056,1757976055
4202,3,1757972178,1757975129
2829,4,1757974495,1757979689
2589,2,1757974869,1757979618
4803,4,1757976179,1757983129
4607,3,1757978111,1757979927
1854,3,1757978238,1757982999
1991,2,1757980000,1757986080
3376,2,1757981734,1757984248
3121,2,1757981990,1757988855
2809,5,1757983619,1757990240
1723,5,1757983715,1757987681
2155,1,1757983889,1757988093
4648,2,1757984446,1757990503
1913,1,1757986290,1757990317
1601,2,1757988520,1757994400
4407,3,1757988662,1757994369
4708,1,1757989185,1757992559
3686,5,1757990332,1757993633
2612,2,1757990518,1757992421
3693,5,1757990814,1757995045
2853,5,1757991668,1757995801
3454,3,1757994161,1757997115
4160,4,1757994263,1757999910
2092,4,1757994331,1757998833
2463,4,1757995354,1758001836
1983,1,1757996500,1758002893
1663,1,1757998442,1758004706
3752,2,1757999271,1758003280
2416,4,1757999462,1758003426
1212,5,1758001802,1758006817
1228,3,1758002024,1758006635
1710,1,1758007193,1758012026
1625,2,1758007398,1758010416
4068,1,1758008564,1758013897
4298,1,1758010008,1758016473
2054,4,1758012183,1758015151
3145,1,1758014231,1758018694
1167,2,1758015386,1758019713
3454,3,1758018136,1758024772
1880,4,1758019813,1758026171
2515,2,1758020816,1758022836
2304,3,1758022162,1758026917
4761,4,1758027485,1758031534
4948,4,1758028450,1758030515
2184,1,1758030938,1758033657
2776,2,1758035911,1758038383
4173,5,1758036261,1758039757
2910,2,1758037077,1758041127
3404,4,1758037762,1758043457
1880,2,1758038781,1758045367
2237,2,1758042242,1758046013
4896,4,1758043328,1758047207
1563,1,1758049840,1758056836
3448,3,1758051385,1758056815
3694,4,1758054009,1758056255
4518,2,1758054920,1758058630
2363,5,1758055283,1758059023
2997,3,1758055535,1758058863
1236,5,1758057599,1758059955
3644,1,1758058568,1758065067
3533,3,1758058850,1758065504
2683,5,1758059022,1758064898
4668,4,1758059294,1758065285
3619,4,1758059921,1758065326
2757,4,1758061928,1758067720
4222,2,1758063051,1758065305
3130,4,1758066924,1758073086
3742,2,1758068420,1758073386
2527,2,1758069043,1758073846
1749,4,1758069070,1758075704
4621,3,1758069730,1758076203
1602,2,1758070242,1758073542
4533,4,1758071074,1758077300
3792,1,1758071614,1758073443
2751,5,1758072386,1758076935
4464,3,1758073986,1758078182
1269,5,1758076164,1758081237
3996,3,1758077748,1758083167
2405,2,1758077975,1758081524
1987,2,1758080043,1758085897
3816,2,1758080502,1758083761
3873,1,1758081210,1758088005
4051,4,1758082727,1758086573
2284,1,1758083090,1758085436
4214,5,1758084181,1758088754
2371,3,1758085283,1758092108
2955,2,1758085415,1758090430
1452,4,1758086470,1758092118
4635,3,1758086479,1758089116
2407,4,1758086746,1758091755
4626,4,1758088031,1758091616
2628,1,1758088381,1758090229
2139,3,1758088603,1758094816
2385,1,1758088808,1758092003
2389,3,1758091249,1758098308
3919,2,1758091807,1758095622
2866,5,1758094070,1758098888
3205,2,1758094173,1758098293
4411,5,1758094686,1758100008
3372,2,1758096481,1758102694
1993,1,1758097968,1758103105
3502,5,1758098658,1758105624
3568,2,1758099137,1758103833
3264,1,1758099389,1758103235
4153,4,1758102193,1758107860
3310,4,1758102970,1758107980
3607,5,1758104931,1758109894
4373,3,1758105191,1758110390
4881,3,1758108310,1758112094
2482,1,1758109219,1758114862
3246,2,1758110822,1758114932
3001,2,1758113153,1758116757
4345,1,1758114136,1758118342
2456,3,1758114209,1758116060
4386,1,1758115335,1758118647
4395,1,1758115703,1758119072
2836,2,1758117514,1758122215
3551,2,1758118041,1758121418
2834,4,1758118948,1758125039
1158,2,1758118994,1758121194
4362,4,1758120302,1758123321
2975,1,1758122986,1758127095
4547,2,1758123266,1758128527
1710,4,1758123994,1758127561
2974,4,1758124946,1758128307
4761,2,1758125352,1758130916
4490,4,1758125440,1758131507
2376,5,1758127454,1758130951
3927,5,1758129278,1758131966
4851,1,1758129627,1758134235
3760,5,1758131093,1758133880
2165,1,1758133211,1758137170
2228,3,1758135353,1758140524
1120,1,1758135972,1758140507
2530,3,1758137945,1758141623
1913,5,1758138525,1758144662
2910,3,1758138874,1758146023
4088,5,1758139305,1758145116
4334,3,1758141199,1758147662
4108,1,1758143588,1758146239
3607,5,1758146355,1758152201
1390,3,1758149140,1758152489
4748,4,1758150056,1758157077
2362,5,1758150149,1758155853
1898,4,1758151836,1758158342
3860,5,1758153710,1758158236
4661,2,1758153948,1758160289
4420,1,1758154426,1758157603
4679,1,1758155234,1758161606
4358,1,1758156226,1758163390
3404,5,1758158112,1758163469
1930,3,1758158799,1758162992
2200,3,1758159428,1758165749
4906,4,1758159622,1758162429
4949,1,1758159980,1758166773
3067,5,1758161536,1758163869
2265,3,1758163027,1758165568
3933,4,1758163785,1758169567
3890,1,1758164121,1758170567
3854,3,1758167527,1758174117
3950,3,1758173711,1758177458
2349,3,1758173972,1758178507
3129,5,1758174434,1758178260
3848,1,1758175091,1758181986
4420,1,1758175607,1758177626
1873,4,1758178454,1758180345
4733,1,1758179517,1758183781
1675,1,1758180617,1758186510
2703,1,1758180699,1758182623
2942,2,1758181247,1758185740
4737,4,1758183225,1758186243
4799,1,1758184184,1758189944
2341,3,1758184299,1758191179
4238,4,1758184478,1758189267
1141,5,1758186646,1758189280
2645,5,1758187036,1758191656
4770,5,1758187544,1758193800
3104,3,1758188860,1758192577
4557,3,1758189812,1758192866
1515,1,1758189882,1758194042
4026,1,1758190554,1758194397
4345,5,1758191296,1758197359
4603,2,1758191905,1758193754
4433,1,1758193759,1758199937
4420,5,1758197694,1758203595
1844,3,1758198376,1758204131
1545,5,1758198831,1758204190
3529,3,1758199547,1758204226
1573,3,1758199638,1758202895
3601,2,1758200360,1758202847
4125,3,1758207936,1758210602
2528,4,1758208127,1758211314
3280,4,1758209148,1758211680
4603,3,1758209719,1758216478
1249,2,1758212787,1758219793
2066,5,1758215467,1758219666
4795,5,1758216130,1758222012
2653,5,1758216908,1758221209
2092,2,1758217140,1758221439
4809,5,1758217799,1758224609
1857,1,1758218547,1758223574
1572,2,1758222050,1758229042
1219,5,1758224178,1758228733
2552,5,1758224360,1758227765
4203,1,1758224631,1758230187
3134,4,1758225812,1758231957
4758,1,1758226520,1758229529
3822,5,1758227946,1758230330
1880,5,1758228270,1758232158
3432,2,1758229385,1758236291
2478,5,1758232244,1758236555
1519,3,1758232670,1758237493
3760,1,1758233566,1758236001
1306,1,1758237051,1758240129
4609,1,1758237685,1758240714
2371,2,1758239182,1758242116
3003,4,1758239894,1758243088
1915,5,1758240496,1758243820
3583,1,1758240789,1758244503
3917,1,1758242882,1758247549
1421,4,1758243239,1758249687
1999,3,1758245100,1758251291
4614,1,1758246032,1758249098
3053,1,1758250631,1758254593
4173,5,1758252034,1758254611
1382,1,1758252329,1758259339
2224,3,1758252683,1758256608
2604,2,1758253315,1758255857
4175,4,1758254811,1758258202
4647,2,1758256543,1758259378
2092,1,1758260933,1758264208
3068,4,1758261135,1758265712
2648,4,1758261297,1758266716
4828,2,1758262144,1758268109
3387,3,1758262242,1758265058
3321,1,1758263737,1758268589
1751,3,1758263747,1758268052
3788,1,1758263774,1758266405
3476,1,1758264314,1758269545
2131,3,1758267356,1758271506
1700,5,1758267989,1758272076
2863,3,1758268575,1758270736
1934,3,1758269089,1758275048
2500,1,1758269731,1758273615
2067,3,1758270089,1758273887
2914,2,1758270620,1758276265
4956,5,1758271300,1758273340
2847,2,1758271379,1758274173
4884,5,1758271845,1758275140
4025,2,1758272362,1758279088
1897,4,1758272835,1758275318
4268,4,1758273661,1758275538
3803,2,1758274841,1758277730
1206,5,1758276156,1758278874
4478,3,1758277791,1758281246
3145,5,1758278341,1758281684
3432,1,1758280209,1758286819
4737,3,1758280442,1758285590
1797,3,1758282925,1758288286
4647,2,1758283284,1758288817
1785,5,1758283539,1758290294
2378,5,1758284124,1758287214
1191,1,1758284174,1758290948
1193,3,1758284932,1758287000
3404,4,1758285071,1758289678
2574,5,1758285161,1758288940
4118,4,1758285177,1758292001
3899,1,1758287084,1758289497
3404,3,1758288115,1758290877
2581,4,1758289877,1758293836
1558,1,1758291399,1758293404
1552,1,1758293360,1758299825
4367,3,1758294768,1758296651
4112,3,1758294936,1758297630
3551,1,1758295475,1758300594
2532,2,1758296302,1758302250
1659,1,1758297401,1758300058
3669,5,1758298784,1758304648
1852,4,1758300190,1758305401
4803,1,1758303286,1758306148
2853,1,1758303900,1758309877
4026,4,1758306773,1758312193
1773,1,1758306867,1758312696
2460,4,1758307058,1758312051
3450,1,1758308508,1758314201
4617,1,1758309543,1758313628
3470,1,1758309633,1758314760
4302,5,1758309768,1758311792
4068,1,1758311304,1758317516
2564,5,1758311641,1758315864
4387,3,1758311687,1758315876
4884,2,1758312209,1758315519
3079,2,1758312691,1758318951
4648,2,1758313390,1758318428
2150,4,1758315112,1758320015
4354,1,1758317781,1758321751
4873,2,1758317985,1758322672
4675,5,1758318235,1758322176
4661,5,1758318532,1758322621
1162,2,1758318868,1758325836
4499,2,1758318924,1758322811
4548,1,1758320516,1758323957
4454,2,1758320734,1758325205
4716,4,1758321453,1758324437
2546,2,1758321630,1758326179
1404,4,1758323039,1758329929
2798,1,1758323930,1758327308
2843,4,1758324224,1758329310
1130,4,1758324236,1758327295
4490,1,1758327272,1758331987
1746,2,1758327294,1758332978
1380,3,1758327564,1758333518
4113,4,1758327879,1758330723
3582,4,1758328216,1758330134
3271,1,1758328856,1758334062
2975,4,1758329269,1758335767
4977,3,1758329395,1758336117
1036,3,1758329770,1758332317
4216,4,1758331215,1758334540
4367,2,1758332500,1758339337
1639,3,1758333941,1758340403
1803,4,1758336352,1758340378
1870,2,1758336388,1758338361
1803,1,1758337075,1758339885
2863,2,1758339537,1758341606
3246,1,1758339703,1758345485
2247,2,1758340419,1758346530
1499,4,1758341238,1758343914
2526,1,1758341446,1758347201
4875,4,1758341752,1758346622
4675,2,1758342577,1758345919
2486,5,1758343820,1758345721
2636,4,1758344788,1758351489
2574,5,1758345911,1758348213
3431,4,1758347388,1758350439
1428,4,1758348200,1758352034
1525,2,1758348254,1758353332
4432,3,1758348465,1758354672
2065,5,1758350504,1758355194
4662,4,1758351919,1758355902
2396,4,1758355387,1758359218
1252,4,1758355611,1758358351
4458,3,1758356174,1758358200
4895,1,1758356353,1758360296
4017,5,1758359769,1758363520
4039,5,1758359890,1758366683
4558,1,1758360272,1758366093
3296,5,1758360325,1758364513
3322,3,1758360904,1758366851
3134,2,1758363276,1758365579
2336,2,1758365467,1758369705
3994,3,1758366813,1758372774
4198,5,1758367202,1758369535
4609,5,1758368438,1758374080
4148,5,1758369591,1758374085
3470,4,1758369626,1758374589
4226,5,1758370678,1758373451
1553,2,1758371665,1758375359
1411,2,1758373055,1758376388
1759,5,1758373479,1758379260
3111,2,1758374972,1758381062
2696,3,1758375342,1758381155
3520,1,1758379161,1758381505
2092,5,1758380673,1758382675
4598,5,1758381032,1758383407
3669,4,1758381119,1758386256
4385,1,1758382841,1758389526
1042,3,1758383307,1758385141
3792,2,1758384087,1758389795
1911,3,1758386503,1758389454
3838,4,1758386746,1758393039
2628,1,1758387174,1758393346
4309,4,1758389590,1758395411
1036,4,1758392068,1758394967
4054,1,1758393891,1758398619
2800,2,1758395152,1758402343
4222,5,1758397975,1758403607
3176,4,1758399207,1758402060
3314,1,1758399555,1758401564
2422,4,1758399862,1758404051
3856,1,1758403402,1758409111
1852,4,1758403969,1758409416
4395,3,1758404423,1758408536
4711,4,1758405848,1758409550
2688,2,1758406651,1758408809
4873,2,1758408166,1758410585
2981,5,1758408396,1758413877
4236,2,1758408475,1758414638
3551,3,1758408839,1758412274
1652,1,1758409106,1758414927
3293,4,1758409285,1758412500
2031,3,1758409509,1758411885
1832,3,1758412134,1758415896
4675,1,1758412365,1758416126
3400,2,1758412652,1758416334
1166,3,1758413730,1758416339
4213,2,1758414233,1758421330
2993,2,1758416569,1758422705
2683,1,1758417340,1758419601
3563,5,1758418175,1758424493
1678,3,1758418461,1758424175
2874,2,1758419759,1758426628
3454,1,1758421983,1758424664
2863,1,1758424680,1758430299
4557,1,1758425137,1758429369
4157,2,1758425944,1758430609
2564,1,1758426541,1758428689
3917,2,1758426712,1758432681
3151,1,1758427720,1758430625
4520,5,1758428433,1758430372
2709,4,1758428511,1758431990
3199,2,1758428723,1758432169
4088,1,1758429321,1758435646
4625,2,1758429507,1758434036
4743,1,1758429629,1758436441
3624,3,1758429933,1758434045
4688,4,1758430066,1758433195
3756,1,1758430146,1758434615
4404,3,1758430152,1758435263
1399,5,1758430706,1758435412
3528,3,1758430707,1758432926
1502,1,1758431584,1758436111
3844,3,1758432377,1758438090
3074,2,1758432906,1758436427
1621,5,1758434755,1758439113
4493,3,1758434775,1758440199
2819,2,1758435163,1758437236
2811,4,1758437519,1758444474
3561,4,1758438312,1758444376
1822,5,1758438404,1758440654
2102,5,1758438837,1758444531
1253,1,1758440126,1758443669
3400,2,1758441087,1758446150
1573,1,1758441197,1758446177
2683,1,1758443289,1758447691
4224,4,1758444496,1758451648
4276,5,1758444582,1758451001
4016,5,1758444937,1758451542
3404,5,1758445246,1758450900
2913,4,1758445264,1758449655
2685,5,1758445619,1758451453
1338,1,1758445695,1758449716
4477,5,1758446600,1758453480
3621,3,1758446803,1758451360
1390,2,1758447541,1758454297
3092,3,1758448570,1758455490
2083,2,1758449009,1758455118
3821,4,1758449863,1758456432
4461,1,1758450062,1758452564
1637,4,1758452271,1758458621
1902,3,1758452608,1758454858
4874,5,1758452666,1758459233
1377,5,1758452963,1758459678
3892,5,1758453442,1758455344
4460,1,1758454325,1758456234
4441,2,1758454845,1758460271
2405,3,1758455055,1758461601
3203,5,1758456742,1758458745
2668,1,1758456777,1758459572
1525,1,1758457172,1758463306
1854,2,1758457811,1758459907
1795,3,1758458223,1758463486
4418,1,1758461884,1758468792
2469,4,1758462298,1758469005
1684,1,1758463169,1758465533
1338,3,1758465560,1758468661
3068,4,1758465896,1758471667
4163,3,1758466532,1758469931
4094,1,1758467687,1758470271
1493,5,1758469100,1758473988
3619,5,1758469565,1758475142
4125,4,1758471352,1758474607
3009,4,1758471833,1758477398
3469,1,1758472215,1758477533
3130,4,1758472313,1758477044
1025,2,1758472498,1758477992
1401,1,1758472533,1758474973
3079,1,1758472570,1758478240
4039,1,1758473474,1758478488
4871,2,1758473511,1758477919
3171,3,1758476377,1758480197
2470,5,1758476688,1758480539
1934,1,1758479312,1758484997
4113,5,1758480056,1758485127
4824,2,1758482138,1758489239
3821,2,1758482353,1758488673
2609,4,1758482575,1758486314
1509,1,1758483664,1758489135
1935,2,1758486092,1758490264
2595,2,1758486556,1758491248
4923,5,1758491075,1758497539
3510,5,1758492396,1758498121
4881,4,1758493551,1758496943
2668,5,1758495201,1758498719
2492,3,1758495513,1758499205
2286,5,1758496431,1758501218
1092,3,1758496854,1758500386
3148,1,1758497458,1758504134
2661,5,1758498725,1758503608
2148,1,1758498862,1758502703
2589,3,1758499509,1758503183
3917,1,1758500026,1758504365
3199,2,1758500656,1758505050
4309,3,1758502072,1758508486
1701,3,1758502628,1758507031
2286,3,1758504425,1758510736
2749,4,1758505169,1758509734
4758,2,1758508412,1758512914
2638,5,1758509494,1758515319
3541,1,1758510567,1758514486
4274,4,1758511595,1758515951
4877,3,1758512793,1758514655
1937,1,1758513291,1758516610
4427,3,1758515457,1758518811
1219,1,1758515463,1758520158
1618,1,1758516024,1758519688
1572,1,1758516617,1758521968
2922,2,1758516644,1758518952
1154,1,1758517403,1758523655
2943,5,1758517742,1758520260
3450,3,1758520171,1758524895
1369,2,1758520350,1758523679
3059,1,1758520563,1758523223
4406,5,1758520928,1758528071
2304,1,1758521564,1758527197
4539,4,1758522841,1758527475
1338,5,1758525100,1758531633
1401,5,1758527165,1758532832
3239,5,1758528187,1758532785
1842,1,1758530180,1758535065
4739,1,1758530553,1758532730
3296,2,1758532944,1758536266
4960,5,1758533145,1758537006
1568,1,1758533735,1758538457
3617,5,1758535850,1758541210
1481,5,1758537194,1758541977
1401,1,1758538235,1758543478
2250,4,1758540312,1758545421
3523,4,1758541634,1758547636
2657,5,1758542095,1758547336
1186,5,1758544213,1758551009
4832,2,1758544871,1758546873
2907,2,1758545671,1758548399
3299,4,1758546786,1758550634
2997,4,1758547682,1758552753
1880,2,1758548167,1758550909
2564,3,1758549226,1758552763
3454,5,1758549376,1758551178
1090,2,1758553243,1758555439
4047,2,1758554631,1758560726
4877,1,1758555037,1758561511
1158,1,1758555991,1758559300
3832,1,1758556361,1758562561
2247,4,1758556504,1758563049
2776,2,1758557657,1758562934
2701,2,1758560327,1758565624
3806,5,1758560678,1758566241
4680,2,1758562199,1758567861
1846,4,1758565163,1758568053
4067,2,1758566163,1758571886
3072,3,1758567229,1758574187
4986,5,1758567686,1758574754
3724,4,1758569508,1758572698
4979,5,1758570844,1758573895
4512,3,1758571693,1758574775
1902,3,1758571818,1758578080
4411,4,1758571969,1758575099
2655,2,1758572829,1758575301
2910,4,1758573194,1758580000
3894,5,1758573626,1758578341
3894,5,1758574099,1758577413
4491,3,1758575614,1758582191
1807,3,1758575695,1758579403
4967,4,1758577429,1758581867
1847,5,1758577450,1758580054
4596,4,1758578833,1758580797
4753,5,1758579436,1758585515
3178,2,1758580244,1758582252
1153,3,1758580252,1758585688
2439,4,1758581715,1758583771
4758,3,1758582927,1758588688
1593,5,1758584337,1758590601
3742,3,1758586280,1758592817
2317,2,1758586489,1758591749
1339,4,1758586526,1758589289
1228,1,1758586579,1758593012
1172,2,1758588031,1758594373
1766,2,1758589053,1758591674
1428,5,1758590075,1758592551
3584,5,1758590355,1758594448
2070,4,1758594634,1758596814
2806,5,1758595813,1758599062
4986,1,1758597979,1758605097
3470,1,1758598589,1758604046
4266,2,1758600587,1758605022
2286,4,1758601458,1758607340
3927,3,1758601816,1758606759
1068,4,1758603254,1758606001
4884,5,1758604420,1758606809
1206,1,1758605305,1758607377
3790,1,1758607012,1758612909
4228,3,1758607881,1758613103
1401,4,1758608418,1758611352
3130,1,1758610593,1758617425
4797,1,1758611577,1758618436
2189,2,1758612090,1758618196
3624,3,1758612804,1758619330
4170,4,1758612881,1758617408
2355,4,1758612884,1758616475
4875,4,1758613698,1758616925
1015,1,1758614920,1758621417
4908,2,1758615461,1758620167
4907,4,1758616586,1758618945
2696,2,1758617307,1758621112
3450,3,1758618061,1758622220
1663,2,1758618091,1758623501
4828,4,1758619241,1758625877
1554,5,1758620978,1758627335
2164,5,1758620987,1758622963
3535,5,1758622712,1758625936
2147,2,1758624487,1758628705
1977,1,1758626819,1758632386
3624,2,1758630964,1758636941
4238,2,1758631571,1758633380
3072,3,1758631852,1758634653
2654,1,1758632682,1758635285
4897,5,1758632927,1758637315
4956,2,1758634267,1758637022
3982,2,1758634834,1758641601
2982,5,1758634842,1758640731
2669,5,1758637323,1758639968
3416,5,1758637503,1758641722
3894,5,1758638671,1758644062
2378,2,1758638863,1758644540
3759,5,1758640266,1758647119
2041,5,1758642238,1758644525
3104,1,1758644026,1758649890
3763,5,1758644045,1758648778
1483,1,1758644286,1758647961
3675,3,1758644909,1758649392
1364,1,1758645073,1758651436
3400,1,1758645419,1758652545
1350,2,1758645460,1758650542
1723,5,1758646807,1758650115
3578,5,1758646839,1758651485
1728,1,1758647754,1758649741
3025,2,1758648434,1758651654
3148,3,1758649388,1758655713
1925,5,1758652827,1758655155
1248,5,1758653086,1758658319
1975,4,1758653119,1758655789
1874,1,1758653370,1758657932
3670,2,1758653954,1758657347
2573,4,1758654032,1758656327
3912,1,1758655686,1758661023
1431,2,1758655716,1758657714
4923,4,1758656470,1758661487
1807,3,1758658691,1758665195
1844,2,1758662428,1758669579
1112,4,1758663222,1758669888
2255,1,1758663498,1758667815
3244,4,1758665144,1758668080
2544,2,1758667325,1758670954
4774,5,1758667362,1758674462
1513,2,1758667608,1758672431
1223,2,1758667732,1758674073
2836,1,1758667894,1758672774
1497,5,1758668640,1758672960
1459,3,1758668974,1758671313
3223,2,1758671275,1758674166
1464,3,1758672727,1758674875
1344,3,1758673148,1758676248
3188,5,1758674163,1758676107
2241,5,1758674929,1758677818
4761,3,1758675411,1758677772
1154,1,1758675438,1758681625
1670,2,1758679059,1758684270
1926,2,1758680648,1758686254
2767,3,1758682130,1758687221
3860,3,1758683107,1758688649
4996,4,1758683312,1758686174
3321,1,1758684130,1758688486
4868,4,1758684386,1758686948
2853,3,1758687327,1758691782
4303,2,1758688338,1758695273
4871,3,1758689431,1758692390
1228,1,1758689755,1758694358
2891,2,1758691531,1758694339
2772,1,1758693202,1758698924
3023,1,1758693658,1758699548
4617,3,1758694433,1758698571
2628,5,1758694575,1758698178
1700,3,1758694611,1758699097
2204,1,1758695682,1758700158
1382,2,1758696074,1758701446
2733,4,1758697931,1758699970
2237,2,1758698625,1758703590
3832,2,1758698663,1758701831
2819,3,1758699360,1758705389
4628,4,1758699861,1758706455
3749,3,1758702111,1758705408
2465,5,1758702197,1758706281
4464,5,1758705114,1758707054
3720,1,1758706178,1758708259
4603,1,1758706650,1758713106
4965,1,1758708676,1758713518
4224,1,1758709307,1758712353
3764,5,1758709600,1758714740
1487,4,1758709972,1758712409
4908,2,1758710760,1758713844
3790,2,1758711132,1758713889
4473,2,1758711316,1758714615
3213,4,1758711450,1758718300
1639,4,1758712993,1758716793
3448,3,1758714044,1758716825
1887,5,1758714820,1758721553
3416,4,1758715358,1758718405
3219,5,1758716592,1758722265
4659,1,1758716609,1758721220
3920,1,1758718807,1758721162
3293,4,1758719721,1758722301
1951,2,1758720224,1758725355
4420,1,1758720572,1758725272
4758,4,1758720623,1758725141
4851,1,1758720899,1758724243
2548,3,1758724804,1758731724
4631,2,1758724838,1758731170
4416,3,1758725137,1758728688
4890,5,1758725249,1758728035
3431,2,1758725952,1758730602
2340,4,1758726323,1758730945
2480,2,1758726429,1758731476
4142,1,1758726532,1758730869
2580,2,1758727387,1758733335
3572,1,1758728111,1758730092
1771,4,1758728802,1758730778
1036,5,1758728847,1758733228
4903,1,1758729469,1758732418
1222,3,1758730036,1758733738
1800,3,1758731626,1758734880
4593,2,1758732296,1758736560
4051,1,1758732392,1758734793
4351,3,1758732621,1758736743
1934,1,1758735589,1758741086
3634,5,1758736489,1758743139
4325,3,1758737338,1758739206
3615,3,1758738810,1758742078
1384,2,1758739973,1758746152
4621,2,1758740376,1758744357
4173,1,1758740996,1758747131
1481,1,1758741126,1758748278
3476,2,1758741197,1758746367
2695,1,1758741213,1758744573
3450,1,1758741302,1758747908
3260,4,1758741760,1758745334
1558,2,1758743482,1758749413
4035,2,1758743941,1758747073
1827,4,1758745430,1758751581
4669,1,1758746803,1758751662
1519,5,1758748144,1758753571
4899,2,1758755607,1758759272
3713,5,1758756278,1758761707
1314,2,1758757715,1758763623
2715,5,1758758196,1758760364
1201,5,1758760885,1758764428
1042,1,1758761105,1758764410
2080,4,1758762710,1758766433
2634,5,1758767195,1758769824
1735,1,1758768837,1758775357
1420,1,1758771256,1758776659
3571,5,1758775186,1758777435
2304,4,1758777796,1758779661
4716,4,1758778706,1758783162
3594,2,1758778800,1758781976
1265,5,1758779135,1758781630
1880,2,1758779537,1758786075
2510,5,1758780513,1758785592
3966,3,1758781992,1758787043
3400,4,1758784896,1758791674
3550,5,1758785172,1758789385
4774,2,1758786068,1758792932
4875,2,1758786277,1758791584
3017,3,1758789898,1758796221
1261,4,1758790100,1758793334
2107,2,1758791014,1758797734
4990,2,1758791342,1758797310
4571,1,1758792084,1758798732
4668,3,1758792609,1758797061
2960,4,1758794005,1758796378
3411,5,1758794176,1758799855
3897,3,1758797546,1758799957
4309,1,1758798553,1758802914
2083,2,1758798603,1758804606
2876,1,1758799681,1758802260
3601,2,1758802405,1758806073
1218,5,1758806865,1758811299
4016,5,1758807220,1758813244
2863,1,1758807781,1758813182
1817,3,1758809309,1758816222
1728,5,1758810020,1758815947
2838,4,1758810536,1758813589
1635,2,1758810792,1758816507
4025,2,1758811058,1758817098
1738,1,1758811468,1758813837
1563,1,1758811976,1758817795
3400,4,1758813321,1758815291
4421,4,1758814699,1758821617
1677,4,1758816067,1758820838
3672,5,1758816199,1758823035
1915,3,1758817865,1758819885
3927,5,1758818456,1758824406
2092,1,1758821200,1758826586
4696,3,1758821324,1758824354
1036,1,1758821908,1758827286
3929,2,1758823934,1758827901
1231,4,1758825653,1758829127
3269,1,1758825801,1758829000
2934,4,1758826124,1758831310
4145,3,1758827545,1758831300
2559,2,1758828202,1758833883
2422,5,1758829911,1758834138
2012,1,1758830179,1758836949
2654,1,1758830993,1758838189
2104,4,1758832626,1758836143
4734,5,1758832836,1758834847
4893,1,1758835965,1758840102
1913,2,1758840005,1758843637
1915,5,1758840947,1758846939
2863,3,1758841494,1758846334
4401,4,1758844156,1758847294
1390,4,1758846670,1758853606
4461,5,1758849432,1758852533
2247,5,1758850448,1758853731
4481,1,1758851767,1758858769
3968,3,1758851995,1758856862
3607,4,1758852738,1758858864
1236,5,1758853831,1758855997
1034,4,1758854481,1758857403
1519,3,1758854921,1758861479
2856,1,1758855808,1758860646
4491,2,1758859341,1758864560
2116,1,1758862824,1758869142
3072,5,1758864760,1758871201
2205,2,1758864821,1758869462
2362,1,1758865265,1758869241
2694,1,1758868088,1758872813
2746,1,1758869074,1758871952
2754,5,1758872360,1758877911
4533,1,1758872858,1758876950
1918,3,1758873875,1758876475
4986,1,1758874035,1758878691
1553,4,1758874316,1758876612
4678,4,1758876252,1758881125
2439,1,1758879667,1758882453
1734,3,1758879960,1758881919
4757,1,1758880031,1758885079
4303,3,1758881068,1758888234
2654,3,1758883736,1758889274
2050,2,1758884169,1758887766
4673,2,1758888311,1758893564
4979,5,1758892531,1758897782
2359,2,1758892735,1758895473
3379,2,1758893341,1758895828
1172,4,1758894464,1758899242
4928,3,1758894928,1758899355
3299,1,1758895712,1758901550
2854,5,1758896586,1758903282
3528,1,1758896645,1758901889
3416,2,1758897951,1758902883
4149,5,1758899526,1758902812
2576,5,1758900749,1758904487
1566,1,1758902051,1758906091
4531,2,1758902198,1758904944
2036,4,1758902455,1758906221
1294,3,1758902542,1758905491
3359,2,1758904228,1758911400
2382,3,1758904453,1758909394
4201,1,1758905837,1758910483
1802,1,1758909881,1758915863
4420,5,1758910217,1758912597
2107,5,1758910283,1758912357
4419,5,1758910300,1758915777
2836,1,1758911919,1758916244
1710,5,1758913520,1758915830
4956,4,1758916565,1758922646
3844,4,1758919853,1758922949
1352,2,1758923036,1758925238
4376,1,1758927362,1758931610
3301,2,1758927831,1758934888
4174,1,1758928991,1758933342
4201,3,1758929829,1758937014
2762,3,1758929938,1758933869
2262,2,1758936165,1758942843
2040,3,1758936501,1758943523
2620,5,1758936600,1758943412
2362,1,1758936728,1758943381
4366,4,1758937899,1758944754
4359,2,1758938782,1758941621
3591,1,1758940418,1758944131
2429,5,1758941748,1758948230
2561,2,1758944005,1758949872
1915,2,1758944736,1758948483
3079,1,1758945429,1758949654
2217,1,1758945441,1758951957
2834,1,1758945979,1758951407
4567,2,1758946698,1758950062
3720,1,1758946785,1758953085
1398,2,1758948574,1758954817
3297,4,1758948683,1758954228
3580,2,1758949027,1758952061
4195,4,1758949334,1758955214
2518,5,1758949647,1758956452
2452,5,1758949929,1758952685
3151,2,1758952260,1758954918
2265,1,1758952772,1758954918
2282,2,1758953670,1758957425
1903,1,1758954144,1758959254
2129,2,1758957149,1758961415
3550,3,1758958637,1758963725
1571,5,1758961266,1758963216
1663,3,1758963075,1758968868
4079,4,1758965530,1758971725
2922,1,1758965664,1758970843
2310,5,1758965946,1758968222
1661,4,1758969353,1758975020
2184,1,1758969456,1758972638
1671,1,1758969475,1758971766
2174,4,1758969533,1758976573
1884,5,1758969724,1758975874
3327,2,1758970242,1758972722
3079,1,1758970505,1758977552
4179,5,1758970749,1758974139
1975,5,1758970837,1758973930
2526,5,1758971897,1758978095
2636,3,1758972156,1758977420
3953,4,1758973353,1758980147
3556,1,1758973428,1758975938
2250,1,1758973587,1758979792
2637,3,1758974546,1758980270
4598,1,1758975165,1758982043
1965,5,1758976442,1758979156
3791,3,1758979713,1758984540
3909,2,1758979767,1758982888
3079,5,1758980709,1758983385
4283,3,1758981270,1758983534
1499,5,1758982564,1758987125
2401,2,1758982878,1758989541
2757,5,1758983525,1758988620
3905,3,1758984027,1758989981
2170,5,1758984677,1758986708
3410,1,1758985008,1758991615
4193,3,1758986560,1758991464
3117,5,1758986826,1758992576
1629,5,1758987556,1758994719
3379,5,1758990677,1758997340
3568,1,1758991213,1758998162
2760,2,1758991447,1758995633
3141,1,1758993347,1758999521
2715,2,1758994112,1758996821
1464,2,1758995081,1758999809
2683,5,1758995493,1758998084
3980,2,1758995670,1758999963
3244,3,1758996169,1759002763
3403,5,1758996243,1759001935
1911,5,1758996715,1758999873
2811,3,1758996840,1758999407
3295,2,1758997574,1759003920
2441,1,1758998063,1759003011
1068,1,1758998338,1759000447
3717,4,1758999098,1759003915
3454,1,1759001760,1759005624
4952,2,1759003260,1759010121
3679,3,1759005091,1759008252
2957,4,1759007507,1759010501
2138,5,1759011728,1759016294
1928,5,1759011943,1759015459
1598,1,1759012641,1759019455
3803,2,1759013027,1759017684
4303,2,1759015042,1759021767
3901,3,1759015824,1759019997
3261,1,1759015891,1759021805
2826,5,1759016380,1759021892
4943,4,1759016766,1759022649
1475,1,1759017025,1759020055
2680,2,1759017264,1759021179
3123,1,1759017862,1759021079
2922,5,1759018948,1759025307
1621,1,1759019387,1759021464
3936,5,1759019489,1759022230
2754,4,1759021154,1759023585
2581,4,1759021950,1759028604
2756,1,1759022444,1759025847
4066,4,1759023071,1759029364
4895,3,1759024266,1759029926
1130,1,1759024756,1759027022
2882,3,1759027015,1759029693
4339,3,1759029372,1759033828
4776,2,1759031539,1759034311
1308,5,1759033827,1759037845
1700,4,1759036574,1759038958
4861,3,1759038351,1759042207
4366,2,1759039592,1759042503
4350,3,1759040010,1759044963
1212,2,1759041126,1759043314
3911,1,1759041720,1759046777
3635,4,1759042307,1759046369
3244,5,1759042853,1759046950
4330,5,1759045525,1759050544
3244,4,1759046446,1759053416
3062,3,1759046956,1759051753
2423,4,1759047699,1759053047
4533,4,1759050671,1759056547
1539,4,1759051024,1759053215
1091,3,1759051326,1759056597
3468,1,1759052199,1759058821
1105,3,1759052722,1759059076
4809,1,1759053357,1759058591
2470,1,1759054585,1759056501
4309,4,1759056848,1759062806
3012,5,1759057541,1759062430
3433,3,1759059138,1759061757
4112,2,1759059594,1759064520
3085,2,1759059708,1759064223
4387,4,1759059795,1759063085
1306,1,1759060175,1759065694
1918,4,1759060422,1759063501
1970,5,1759060808,1759063917
1493,3,1759060958,1759066494
1086,4,1759061311,1759063135
2639,3,1759063016,1759068006
2482,5,1759063351,1759068488
1542,2,1759063709,1759069761
2819,4,1759065360,1759070057
3130,4,1759068525,1759073174
2628,3,1759069787,1759073969
1036,1,1759069819,1759072759
2609,3,1759071314,1759073233
1228,3,1759072968,1759075730
2183,3,1759077017,1759081012
3928,1,1759077662,1759080792
1495,4,1759081046,1759086331
2264,4,1759081611,1759086325
1842,3,1759084913,1759088726
1535,2,1759085470,1759087707
2423,3,1759086778,1759091361
3962,4,1759087146,1759091839
1481,4,1759087549,1759091227
3847,4,1759089527,1759093471
1441,4,1759089627,1759096116
4748,5,1759089875,1759096702
4533,1,1759090209,1759094778
3375,2,1759091911,1759096062
3810,4,1759092221,1759099421
4495,4,1759092505,1759095926
1344,3,1759094224,1759101191
1846,3,1759094594,1759098740
1621,3,1759095313,1759097589
4440,2,1759098843,1759100842
1040,2,1759101636,1759104127
3556,3,1759101787,1759104741
2067,4,1759102132,1759108875
3493,4,1759103481,1759107437
1186,1,1759103490,1759108839
3950,5,1759105278,1759112173
1732,1,1759105639,1759111879
1036,3,1759106527,1759111227
3151,3,1759107699,1759110519
1839,2,1759108073,1759114562
4661,1,1759109043,1759115023
2265,1,1759109358,1759112459
1566,4,1759109386,1759115597
2611,2,1759111717,1759116614
2477,4,1759112214,1759118171
3406,1,1759114096,1759116928
3177,4,1759114888,1759118431
2886,5,1759117325,1759123587
1802,1,1759117969,1759121693
1124,4,1759119367,1759124964
3296,2,1759119436,1759123423
4851,3,1759119676,1759126032
1690,5,1759121241,1759124699
4236,3,1759122359,1759128355
4421,5,1759122498,1759127253
1444,4,1759123382,1759128976
3749,3,1759124875,1759128851
3248,1,1759124994,1759128160
1602,4,1759129173,1759132147
3076,3,1759129670,1759132590
1930,1,1759129820,1759135619
2637,3,1759130012,1759136901
1431,5,1759130355,1759132502
3254,4,1759131015,1759137097
2063,1,1759131178,1759133526
3606,5,1759131265,1759136190
3319,3,1759131475,1759138462
2974,2,1759133518,1759135566
1178,1,1759135975,1759141552
2869,2,1759137419,1759140189
2756,5,1759137423,1759141884
1358,3,1759137810,1759140797
1269,2,1759138191,1759142615
1740,1,1759139407,1759141696
2262,3,1759139472,1759143911
1761,4,1759139732,1759141883
4303,4,1759142680,1759147661
3400,1,1759142789,1759144636
1991,5,1759143613,1759147478
4663,4,1759145746,1759150680
1963,4,1759146765,1759153347
1729,5,1759147430,1759153975
3296,3,1759147461,1759151464
2995,5,1759147614,1759154782
2278,4,1759148371,1759153263
2960,5,1759148975,1759154418
2745,2,1759150382,1759153501
2709,3,1759150739,1759156063
2943,4,1759152624,1759158759
1723,1,1759153284,1759156926
2092,3,1759153368,1759157609
2336,4,1759153711,1759156536
1219,4,1759153793,1759158560
1192,2,1759154044,1759156800
2772,1,1759155427,1759159832
1663,3,1759155738,1759162791
3414,3,1759155877,1759157923
1235,2,1759156131,1759161720
1614,5,1759156153,1759162525
4758,2,1759156423,1759161580
2712,2,1759156729,1759159583
2882,1,1759157303,1759162578
3935,2,1759157940,1759163776
1219,4,1759158018,1759163652
3217,4,1759158262,1759164841
1684,1,1759158527,1759161775
2066,1,1759159608,1759165517
1382,5,1759160705,1759164020
1758,4,1759161190,1759166545
3412,2,1759161911,1759168519
2704,5,1759161973,1759168868
4761,5,1759162506,1759165390
2863,2,1759163652,1759165777
2497,1,1759163713,1759170081
2359,4,1759163772,1759169396
2788,3,1759163990,1759169305
4222,5,1759165405,1759168836
4575,2,1759165469,1759170893
2179,4,1759166356,1759171181
1542,4,1759166695,1759173497
2879,4,1759168269,1759170338
4901,4,1759169747,1759176073
2106,3,1759170105,1759172783
3003,4,1759172184,1759176228
3206,2,1759174439,1759176801
3070,3,1759175312,1759180811
3433,2,1759177155,1759182600
4869,5,1759177521,1759182480
2637,1,1759177610,1759182849
3553,2,1759178673,1759183770
3917,5,1759178755,1759181158
4490,1,1759178971,1759181488
2143,5,1759179206,1759183882
2070,1,1759181214,1759184467
4513,4,1759181789,1759186643
4786,5,1759184278,1759188599
3289,4,1759186781,1759193794
3880,5,1759192838,1759197391
1075,4,1759195142,1759202158
4419,5,1759198599,1759204823
2012,2,1759199272,1759202835
1428,5,1759201252,1759207528
1911,2,1759202258,1759205412
2953,4,1759203335,1759208956
2811,1,1759203336,1759206723
2460,3,1759204521,1759209113
4158,4,1759204791,1759208450
1815,3,1759205273,1759209355
4222,3,1759209066,1759212089
3427,1,1759209477,1759214153
3209,2,1759211861,1759216392
4047,3,1759212039,1759215677
3454,3,1759214064,1759217628
2913,5,1759215298,1759217988
2811,4,1759215915,1759218851
2778,4,1759216402,1759222912
3675,3,1759217223,1759221260
2303,4,1759217360,1759223459
2520,1,1759217451,1759220519
1222,4,1759218187,1759222759
2143,2,1759218193,1759221770
1732,4,1759218447,1759221125
3271,4,1759219052,1759223836
3750,3,1759219135,1759225310
4068,1,1759219263,1759223253
2065,5,1759219511,1759222041
2303,1,1759219591,1759222393
3493,2,1759219968,1759224020
1993,2,1759221424,1759228211
3255,3,1759223024,1759226012
2306,1,1759225152,1759232007
2889,5,1759225314,1759231158
1545,5,1759226178,1759232760
1382,4,1759227351,1759234141
4359,5,1759227490,1759231143
3089,3,1759228055,1759234739
2628,2,1759228738,1759233843
2752,3,1759229058,1759235491
3658,4,1759229124,1759233261
2161,3,1759230333,1759232385
3571,5,1759230419,1759235465
2247,5,1759233954,1759237014
4593,1,1759234312,1759237009
2612,4,1759234824,1759241828
3069,3,1759236782,1759238815
3247,2,1759238174,1759243986
2798,1,1759238214,1759240066
1499,4,1759238743,1759240672
1723,4,1759238925,1759244796
3513,4,1759239181,1759242291
4678,2,1759239250,1759242936
3296,5,1759240672,1759243568
2441,1,1759240906,1759242852
3150,4,1759243783,1759248100
3255,2,1759243986,1759246700
4730,2,1759244003,1759249748
1164,1,1759245022,1759247970
3791,3,1759245230,1759247891
1799,5,1759245488,1759250244
2776,1,1759246652,1759253304
1572,2,1759249153,1759255708
3104,1,1759251051,1759255705
2953,2,1759251528,1759257632
2058,1,1759251550,1759256012
4560,4,1759253628,1759256715
2696,4,1759253931,1759260007
2891,4,1759255977,1759261692
4737,3,1759258196,1759262678
4068,3,1759258296,1759262345
1390,3,1759259338,1759263865
3910,5,1759259720,1759266562
2477,2,1759260420,1759262229
2883,2,1759261931,1759268901
1384,4,1759262724,1759265931
2750,5,1759262747,1759267963
3529,4,1759265007,1759271070
4886,5,1759266333,1759270520
1887,5,1759267586,1759273366
4478,1,1759268124,1759271687
2217,1,1759269263,1759272323
1401,2,1759269414,1759275757
1760,3,1759269905,1759275569
4957,4,1759270743,1759272669
2122,1,1759271476,1759276149
2524,3,1759272920,1759277636
2283,2,1759273150,1759275463
2820,4,1759275349,1759279828
4956,4,1759276915,1759280485
2092,3,1759276922,1759278785
3118,2,1759278158,1759280195
3772,1,1759279283,1759283048
1136,5,1759280449,1759285140
1464,3,1759281297,1759283833
1957,3,1759282574,1759288884
1260,2,1759283190,1759288752
2886,1,1759285422,1759288363
2150,1,1759286352,1759288535
3629,1,1759287268,1759289617
4266,4,1759289052,1759291623
1928,4,1759289538,1759295635
4073,2,1759290444,1759292877
3617,2,1759290823,1759292873
3327,1,1759291678,1759294613
4068,2,1759293891,1759295801
2671,1,1759294018,1759298474
3188,5,1759294293,1759299753
1022,3,1759294716,1759297237
2012,3,1759296323,1759301811
3432,2,1759297874,1759304497
4676,1,1759299398,1759302585
2613,4,1759299973,1759305342
1694,2,1759300099,1759307189
1428,3,1759304003,1759306148
1809,2,1759305269,1759307711
4068,5,1759305271,1759310599
2415,2,1759307877,1759311145
1946,4,1759308140,1759312749
3111,4,1759308346,1759310433
2919,3,1759309573,1759315095
3653,5,1759311206,1759316097
1827,1,1759311801,1759317536
3925,1,1759312709,1759318381
4199,1,1759314848,1759320163
3512,5,1759315464,1759317625
2079,3,1759315979,1759322211
1661,1,1759316077,1759320903
2066,1,1759316327,1759322690
2257,2,1759316668,1759321539
4895,3,1759316997,1759319790
3423,1,1759319071,1759324724
2189,3,1759319776,1759322882
4698,2,1759320485,1759325605
1406,5,1759324401,1759328415
4683,5,1759324496,1759330703
2005,2,1759325073,1759330082
4153,2,1759326676,1759329256
1237,2,1759328789,1759332320
4297,1,1759329171,1759331822
3004,3,1759329717,1759334387
1826,5,1759332112,1759337510
4432,1,1759332304,1759334206
4071,4,1759333675,1759335803
4804,4,1759334257,1759338699
3920,4,1759334795,1759337644
3485,5,1759338946,1759342409
4571,2,1759340397,1759342560
4818,3,1759340509,1759343419
1817,1,1759341870,1759344618
4730,4,1759342968,1759348013
1306,1,1759344908,1759348536
4709,3,1759345277,1759348294
2859,5,1759346139,1759348208
4119,4,1759347093,1759352617
3679,5,1759347098,1759353658
4018,2,1759347602,1759349878
4824,1,1759348233,1759351753
3395,1,1759349226,1759354457
3849,3,1759350094,1759356273
1602,3,1759350906,1759357764
2124,3,1759351144,1759355407
4578,3,1759354061,1759356156
4752,2,1759354455,1759359223
1817,5,1759355985,1759359366
2879,5,1759356333,1759359192
1013,1,1759358079,1759362719
1338,3,1759358938,1759361409
4861,1,1759359534,1759364978
3748,5,1759360557,1759365974
3296,5,1759360603,1759367302
3326,2,1759360719,1759363282
3001,1,1759361375,1759367044
3658,3,1759362670,1759368181
1312,2,1759367519,1759373424
3242,1,1759367616,1759374243
2863,1,1759367756,1759373195
1807,3,1759369519,1759375318
1684,4,1759369564,1759375442
2349,2,1759369940,1759377083
1412,1,1759370261,1759374855
2554,5,1759370814,1759376005
2561,4,1759371477,1759376063
1513,1,1759374084,1759377493
4166,1,1759376233,1759380252
4493,4,1759378306,1759383316
2368,1,1759378547,1759384471
2601,1,1759378625,1759381379
1074,4,1759379201,1759385132
2145,2,1759379649,1759384831
1654,3,1759379725,1759384331
3588,1,1759379802,1759384113
3059,1,1759380571,1759384282
1549,3,1759380719,1759383254
3090,1,1759383901,1759390750
3860,3,1759385135,1759387071
3821,3,1759385319,1759387315
4079,1,1759386036,1759391311
3795,4,1759386302,1759392608
1308,3,1759386318,1759393059
3774,5,1759387170,1759391508
4614,5,1759387260,1759392937
2974,5,1759389207,1759391927
4567,4,1759390536,1759396916
3111,1,1759390748,1759394919
3101,4,1759395676,1759398934
2250,3,1759397964,1759404981
4003,2,1759399331,1759405028
2564,2,1759400779,1759403876
2637,3,1759401282,1759405973
2208,1,1759402308,1759408251
1760,5,1759402475,1759408346
4310,4,1759402793,1759405853
2733,3,1759404516,1759411282
3199,1,1759404635,1759406440
4236,4,1759404884,1759411749
4261,4,1759407070,1759413929
1826,4,1759407777,1759414936
2016,2,1759407893,1759414216
1594,5,1759408288,1759412155
1246,1,1759408525,1759415411
1735,4,1759409384,1759416169
3420,1,1759411020,1759418072
1539,5,1759412996,1759418632
1539,3,1759413284,1759416799
1428,5,1759413418,1759418059
1700,2,1759413740,1759418721
4614,3,1759414312,1759419411
4173,5,1759414691,1759416718
1416,3,1759415530,1759418183
2093,2,1759417880,1759423953
2904,5,1759418438,1759421702
2134,2,1759418953,1759426103
1410,1,1759422177,1759428704
3919,1,1759422662,1759429331
4142,1,1759423932,1759429547
2889,3,1759424303,1759426836
4367,1,1759424374,1759426809
1783,2,1759426641,1759429847
2750,5,1759428203,1759435229
4242,3,1759430056,1759433147
3075,4,1759430194,1759434496
3582,1,1759431496,1759434830
2105,5,1759432381,1759434478
3649,3,1759435002,1759439563
1819,3,1759435606,1759440869
2336,1,1759435998,1759442520
3919,5,1759436548,1759439712
2191,3,1759436631,1759441135
4609,4,1759438856,1759443515
1946,5,1759439149,1759444378
2129,4,1759439922,1759442539
1136,3,1759440527,1759444560
1987,3,1759441319,1759446954
4506,4,1759441868,1759443905
2907,1,1759441996,1759448846
4021,4,1759442087,1759449036
3468,3,1759442157,1759447223
1949,4,1759442378,1759447669
4523,4,1759442640,1759447846
1996,1,1759443635,1759447794
2788,3,1759446651,1759453426
3229,5,1759446792,1759453479
3910,2,1759448419,1759451295
4993,3,1759449282,1759452786
3803,3,1759449925,1759456794
2609,4,1759449959,1759452765
2250,5,1759450343,1759452630
3090,2,1759451024,1759456641
3123,5,1759451327,1759455116
1919,1,1759454004,1759457981
4108,3,1759454059,1759457879
1738,1,1759454078,1759459876
2126,1,1759456249,1759461310
1770,4,1759456992,1759461677
1885,2,1759458196,1759460565
4480,5,1759458322,1759463085
4585,4,1759459396,1759466548
3100,5,1759460551,1759463925
1563,3,1759461556,1759465716
4523,3,1759463053,1759466450
1388,4,1759463252,1759469212
2879,4,1759463670,1759468857
3742,3,1759464151,1759471151
2723,1,1759465819,1759468619
2092,2,1759467204,1759474304
2116,4,1759468001,1759472139
2746,1,1759469247,1759471757
4462,1,1759469938,1759476775
3921,5,1759470639,1759475869
4490,3,1759471188,1759475601
2141,5,1759471538,1759478185
2308,3,1759471717,1759477292
4617,3,1759474473,1759478420
4842,4,1759475596,1759481360
2073,4,1759475935,1759478820
2168,2,1759478836,1759484304
1847,5,1759479463,1759485735
4473,1,1759479508,1759484205
4605,3,1759479723,1759484943
1241,3,1759483131,1759485284
3635,4,1759486480,1759491645
3387,3,1759486564,1759491246
4731,1,1759489469,1759492679
2116,5,1759489790,1759495045
2713,5,1759491652,1759498505
1859,3,1759491800,1759496077
4065,2,1759493982,1759499634
1083,1,1759494504,1759501495
3077,5,1759496351,1759502521
3555,2,1759496424,1759502718
2518,3,1759496500,1759498757
2793,2,1759497038,1759501163
4911,4,1759497960,1759504139
2153,2,1759498566,1759505211
2438,2,1759502199,1759506506
4081,3,1759504613,1759511775
1107,5,1759504831,1759507180
1091,2,1759505666,1759510426
3246,4,1759506607,1759508450
4344,5,1759506797,1759512640
2271,4,1759508364,1759511006
2161,2,1759509217,1759511141
4652,2,1759509239,1759516407
3345,5,1759510092,1759512587
1170,2,1759510484,1759516928
3345,3,1759510876,1759516376
3844,4,1759511081,1759517442
1863,2,1759512232,1759515189
3220,4,1759512461,1759519638
3350,5,1759512578,1759516178
2434,2,1759512645,1759516704
2385,5,1759515419,1759519327
2898,5,1759515983,1759517786
3073,1,1759516680,1759521987
4081,2,1759518436,1759520471
4582,4,1759519817,1759524358
3248,4,1759520408,1759525429
2365,3,1759521521,1759524096
2756,2,1759522126,1759527304
3406,1,1759522506,1759525622
2265,4,1759522592,1759527293
2573,1,1759526723,1759532099
2944,2,1759526732,1759531430
2957,1,1759528603,1759532078
2614,5,1759529133,1759531763
1773,1,1759530430,1759533716
2387,2,1759530911,1759533455
4000,4,1759532190,1759535796
4376,3,1759532304,1759537084
1915,5,1759532918,1759538603
3452,3,1759532974,1759534886
3803,4,1759533631,1759539078
2874,3,1759533707,1759540845
1406,3,1759535278,1759541304
3749,5,1759536700,1759540650
1145,3,1759537311,1759540855
1716,2,1759538352,1759543821
4494,2,1759538645,1759543061
4312,5,1759538764,1759544077
4993,5,1759540557,1759544063
4327,5,1759543747,1759546679
4985,5,1759549030,1759552177
4521,5,1759550815,1759556991
1760,3,1759551717,1759557034
4648,1,1759552938,1759556960
3608,2,1759555521,1759562311
3620,4,1759556171,1759559975
1913,5,1759556257,1759559437
2942,3,1759556268,1759559063
2226,5,1759557035,1759561206
2126,2,1759557056,1759562388
3457,1,1759559146,1759561101
2412,5,1759559729,1759563625
1677,3,1759561176,1759563743
4679,3,1759562864,1759570011
4985,5,1759564367,1759569968
3188,3,1759564662,1759566894
2369,3,1759564870,1759571775
4395,1,1759565428,1759568021
2489,3,1759567424,1759572830
1390,5,1759568629,1759572133
1248,5,1759569274,1759574102
2756,5,1759571557,1759578702
1178,2,1759571982,1759578719
2542,2,1759572283,1759578287
3551,2,1759572335,1759574606
3535,1,1759572762,1759576222
2910,1,1759574603,1759577089
1945,1,1759578067,1759580461
3549,5,1759578907,1759585708
4493,4,1759580600,1759583185
1833,1,1759580779,1759587785
1670,3,1759582104,1759589256
3628,4,1759583203,1759587998
3350,3,1759583576,1759589897
1253,2,1759584094,1759588467
2241,3,1759584262,1759589413
1091,2,1759587425,1759593903
1677,3,1759587444,1759591107
2836,5,1759587859,1759593341
2237,5,1759588254,1759594790
3325,2,1759591033,1759596634
2545,4,1759592581,1759596594
4294,2,1759592685,1759599405
1398,5,1759592858,1759599716
1324,3,1759593316,1759595846
4448,4,1759594172,1759599390
1827,3,1759594224,1759599953
3432,3,1759595881,1759600533
4531,5,1759597670,1759600471
2654,2,1759599770,1759605929
4797,5,1759600327,1759604544
2453,3,1759601437,1759604401
4068,4,1759601454,1759607546
3174,3,1759602395,1759604775
3111,2,1759603148,1759608399
3524,3,1759603899,1759608287
4752,2,1759604232,1759611175
4302,5,1759604546,1759611466
2286,5,1759605545,1759612238
3995,2,1759607960,1759612754
1248,4,1759609766,1759613265
2733,5,1759612869,1759618278
1886,5,1759612953,1759616459
2342,3,1759613221,1759618288
1902,5,1759613661,1759619445
1022,4,1759616403,1759622324
4713,3,1759620267,1759623944
1970,4,1759620890,1759625939
2303,4,1759621065,1759627638
4387,4,1759622114,1759625988
4457,2,1759624411,1759631309
2366,4,1759625406,1759627998
3993,4,1759626749,1759630990
1086,3,1759627298,1759633250
2383,5,1759628413,1759631174
2997,1,1759629023,1759631705
4758,3,1759629715,1759633484
2696,3,1759629857,1759635807
3239,3,1759630023,1759633653
2267,2,1759631565,1759635412
2011,2,1759632780,1759636957
3246,5,1759633505,1759637302
4166,1,1759634534,1759639296
1853,5,1759634549,1759636410
3579,5,1759635688,1759640151
3772,4,1759636858,1759642467
4236,2,1759636888,1759642160
2867,3,1759639392,1759646230
3004,5,1759639731,1759641802
4726,2,1759640031,1759645637
4427,3,1759642458,1759648822
3259,2,1759642652,1759648808
2568,1,1759642868,1759649975
3226,2,1759644498,1759650215
4582,2,1759645313,1759650334
2886,2,1759645388,1759648238
4652,5,1759645463,1759649131
3710,2,1759645805,1759649774
3480,3,1759646697,1759651430
3683,4,1759647376,1759653430
1672,3,1759650278,1759654103
4020,2,1759651376,1759653381
4671,5,1759651584,1759657780
3535,4,1759652398,1759659411
4068,2,1759652574,1759658253
4081,5,1759652656,1759655149
3066,3,1759653789,1759657056
4533,5,1759654449,1759657649
2788,3,1759655574,1759662248
3557,3,1759655606,1759660885
1036,5,1759655672,1759659314
2217,3,1759657070,1759660574
3450,4,1759657959,1759663689
1893,4,1759658992,1759660806
3178,1,1759660119,1759664777
2710,3,1759660553,1759663403
1464,4,1759661790,1759665197
3702,2,1759662726,1759668831
3903,3,1759662855,1759669784
4696,2,1759663375,1759668973
2910,3,1759664670,1759670078
2180,3,1759665020,1759671848
4752,4,1759665611,1759668643
4219,1,1759666465,1759670193
3394,3,1759666500,1759672219
4533,4,1759666875,1759671222
3683,1,1759667278,1759673332
2520,4,1759667907,1759673105
2286,4,1759668691,1759672006
1270,4,1759670471,1759677607
1827,4,1759671188,1759675387
4394,5,1759671652,1759676916
1677,3,1759671654,1759677931
3351,3,1759674015,1759679469
2654,1,1759674688,1759678565
1823,5,1759675256,1759680132
2806,4,1759676529,1759678581
2733,1,1759677259,1759681869
1851,5,1759678105,1759682825
1428,2,1759680348,1759683828
2380,1,1759682493,1759688912
1671,1,1759682705,1759688526
4330,2,1759683254,1759686340
2653,5,1759684249,1759691280
2872,4,1759685979,1759691862
4113,5,1759686704,1759693359
4571,4,1759686715,1759692904
4142,4,1759687084,1759690148
1253,5,1759687095,1759692002
1947,3,1759687424,1759689353
3803,5,1759689126,1759691406
1671,3,1759692247,1759698025
1968,3,1759692374,1759696178
2589,2,1759692841,1759697769
3895,4,1759694226,1759701038
1122,2,1759695423,1759701338
1387,3,1759696421,1759701212
1146,4,1759700316,1759704539
4675,3,1759700907,1759702989
2477,4,1759701580,1759707145
4923,3,1759701649,1759706173
4125,3,1759702183,1759704141
1306,3,1759703526,1759706728
4834,1,1759703767,1759705864
1973,5,1759704432,1759709865
1529,4,1759704521,1759708183
2769,2,1759705362,1759708649
3485,1,1759706745,1759709383
3617,1,1759709680,1759713844
1830,1,1759710244,1759716820
1949,4,1759710298,1759717125
2944,4,1759710309,1759716184
1100,2,1759710321,1759712646
4473,4,1759710803,1759715896
3416,1,1759711488,1759717381
1903,3,1759712686,1759718765
3079,3,1759712931,1759719332
4727,1,1759713731,1759718801
2382,4,1759715460,1759719260
4979,5,1759715907,1759718817
1700,1,1759717926,1759722603
2556,5,1759718645,1759720525
4875,1,1759719141,1759721048
2232,5,1759719318,1759723535
2278,1,1759719977,1759725563
1678,4,1759720077,1759724070
1212,3,1759720995,1759723113
2164,4,1759721329,1759726437
2997,1,1759722115,1759727025
1557,1,1759722749,1759725251
1684,4,1759723095,1759726817
1903,2,1759724613,1759729805
2604,1,1759725313,1759729307
3875,5,1759725459,1759729466
2752,3,1759726479,1759730445
3501,4,1759727414,1759733285
4905,5,1759728008,1759734253
3202,3,1759729089,1759731746
3301,5,1759729703,1759734507
2286,3,1759730005,1759734869
1551,2,1759730103,1759732067
2781,5,1759730820,1759734528
3244,3,1759730884,1759735827
3068,2,1759731340,1759735064
4229,5,1759731461,1759734797
2891,2,1759732596,1759735170
2453,2,1759733545,1759739352
1735,4,1759734354,1759740129
3719,4,1759734626,1759739853
1772,4,1759735974,1759738617
1802,3,1759736631,1759742399
1867,2,1759736638,1759740714
2067,1,1759737257,1759744317
3559,4,1759738737,1759742666
2423,4,1759738818,1759742124
2004,5,1759739626,1759742762
2480,2,1759741817,1759745077
4406,5,1759743536,1759748686
3868,1,1759744299,1759746603
2796,5,1759746038,1759752163
3971,1,1759746944,1759750407
3495,5,1759747578,1759754202
3847,2,1759748361,1759752470
3351,4,1759748834,1759750704
4553,3,1759749054,1759754309
4030,5,1759751160,1759753994
2209,4,1759752779,1759758896
1692,2,1759754069,1759757290
3717,4,1759754202,1759758642
1036,2,1759754681,1759760762
1969,3,1759755366,1759759677
2891,4,1759755524,1759761861
1710,4,1759757840,1759761263
4751,5,1759758095,1759762256
1680,2,1759758738,1759765574
3495,4,1759758836,1759761649
4558,5,1759759416,1759764978
3380,2,1759760366,1759765027
2189,1,1759761441,1759764006
4051,1,1759762501,1759767874
4549,3,1759764795,1759767710
3445,2,1759765891,1759768371
3404,3,1759766040,1759769307
3106,3,1759766412,1759771459
3842,5,1759767849,1759771269
3511,4,1759768225,1759771621
3132,1,1759768247,1759774596
1899,2,1759771490,1759777411
4457,2,1759771638,1759774208
3734,1,1759773527,1759778655
3038,3,1759776762,1759782550
3524,2,1759777148,1759784263
2153,3,1759779201,1759782378
4309,1,1759780245,1759783748
3608,3,1759782429,1759788036
3909,4,1759783909,1759789988
3347,4,1759783945,1759787060
4261,5,1759786057,1759792824
3335,5,1759786219,1759792585
1567,3,1759786343,1759792665
4683,5,1759786710,1759788660
3236,5,1759789401,1759793107
2329,5,1759790349,1759795009
4229,2,1759790354,1759792390
4758,1,1759792551,1759799582
1366,1,1759794748,1759801823
2922,2,1759795725,1759801489
3792,3,1759795976,1759802668
1339,1,1759796126,1759798602
4462,3,1759796648,1759801801
2454,1,1759797065,1759800716
2504,3,1759797955,1759803597
1145,5,1759799052,1759803092
2590,1,1759800290,1759803605
3404,1,1759800440,1759803321
2960,3,1759801016,1759806340
4081,5,1759801650,1759808355
2113,2,1759803958,1759810589
3675,3,1759804364,1759810860
2628,2,1759804632,1759809501
2627,2,1759806943,1759811875
4069,2,1759807788,1759813221
4938,3,1759807831,1759811171
2186,4,1759808625,1759815474
2241,4,1759810389,1759813297
2477,2,1759812320,1759814523
1417,2,1759812497,1759815900
4645,1,1759815145,1759819533
4087,3,1759815156,1759822120
2854,3,1759815357,1759820293
1880,4,1759815874,1759822085
2748,2,1759816907,1759824042
3072,5,1759817884,1759819878
2871,1,1759818275,1759824448
2122,5,1759819087,1759824602
3023,1,1759819473,1759821338
4373,4,1759819715,1759826204
1571,3,1759823457,1759826196
2612,5,1759827252,1759831893
2716,2,1759828578,1759830604
1463,4,1759829568,1759836690
1473,1,1759835614,1759841118
2294,2,1759835771,1759840430
1815,3,1759837915,1759840148
2077,5,1759838054,1759844794
2634,2,1759838198,1759843633
1880,3,1759838608,1759842935
1013,2,1759838782,1759844214
2264,3,1759839444,1759842331
1208,3,1759840290,1759846440
1946,2,1759840588,1759846246
1450,3,1759844681,1759851356
3573,1,1759845342,1759847582
2453,1,1759846987,1759850764
1459,2,1759847292,1759852297
3717,2,1759849225,1759853902
4861,3,1759849358,1759853851
1903,1,1759849672,1759852306
4834,1,1759852009,1759858622
1641,1,1759853879,1759858596
1524,4,1759854476,1759858332
1943,4,1759854886,1759858060
1827,1,1759857222,1759863712
2820,4,1759859618,1759866646
3797,2,1759859809,1759864184
3859,5,1759860126,1759864061
4413,3,1759862671,1759868600
1500,2,1759862778,1759869409
1817,4,1759864679,1759868215
2781,1,1759868239,1759872754
1086,2,1759868570,1759872924
4081,4,1759869901,1759873159
4803,4,1759870809,1759873313
3501,4,1759872280,1759874335
2612,4,1759872423,1759878158
1056,2,1759872517,1759875451
2967,1,1759876267,1759882345
1400,3,1759876622,1759883749
3299,5,1759878557,1759881254
4979,5,1759878615,1759881194
2636,2,1759879089,1759883893
3842,5,1759879685,1759881517
4260,5,1759879985,1759886081
1664,5,1759880535,1759884267
4092,2,1759881080,1759888273
1208,1,1759881947,1759885537
2886,4,1759882830,1759886584
2127,1,1759883247,1759887434
3085,2,1759883734,1759887739
3244,4,1759888112,1759894026
2702,3,1759888845,1759891842
3079,3,1759889704,1759892075
3735,5,1759891568,1759895623
3089,3,1759892819,1759894822
1513,3,1759893217,1759900322
2401,3,1759895047,1759899302
2480,3,1759895428,1759902516
1814,3,1759896548,1759899543
4842,4,1759896872,1759900095
4953,1,1759897029,1759901881
2975,2,1759897159,1759901453
1639,1,1759897315,1759902825
4153,4,1759897346,1759902681
4481,1,1759897900,1759902350
4268,5,1759899208,1759901255
4804,3,1759901664,1759905520
2346,5,1759902749,1759904777
2526,5,1759904315,1759909871
1545,4,1759904457,1759911375
1594,1,1759905890,1759910268
4407,1,1759907018,1759910949
1084,2,1759908743,1759912906
4564,2,1759909184,1759912600
3143,5,1759909664,1759915003
4730,5,1759909896,1759916868
1074,4,1759910181,1759912379
1384,2,1759910445,1759915315
1022,1,1759910532,1759913133
2969,4,1759910549,1759915596
1110,3,1759911905,1759918551
4148,2,1759912215,1759914109
4752,3,1759912353,1759915297
1817,4,1759912889,1759918985
3366,4,1759912950,1759915283
4652,1,1759914659,1759918733
2834,3,1759915526,1759918691
2100,5,1759916629,1759920417
4697,4,1759916718,1759922424
3784,2,1759919686,1759922510
2545,3,1759919891,1759923528
1965,2,1759921192,1759925438
2232,5,1759921572,1759923875
4881,2,1759922467,1759929342
4302,3,1759922946,1759928323
1818,1,1759923592,1759929368
2997,3,1759924634,1759929281
3375,3,1759927410,1759929963
2106,1,1759928647,1759932990
4743,5,1759929101,1759933030
4988,4,1759929280,1759933652
4953,4,1759930202,1759936701
1218,3,1759930482,1759937678
4302,1,1759930900,1759937422
3450,2,1759931001,1759937345
3199,2,1759931675,1759935795
1319,5,1759933700,1759937825
3493,5,1759933874,1759938968
1493,3,1759934143,1759940109
3123,1,1759936108,1759941590
2564,1,1759937144,1759943174
1807,4,1759937202,1759943299
3910,4,1759937793,1759944253
2838,3,1759937922,1759942188
1269,5,1759938705,1759945262
4684,2,1759938841,1759945535
4423,4,1759939251,1759946308
3778,1,1759941267,1759943771
4407,4,1759943512,1759947366
3171,3,1759943788,1759946984
1965,1,1759944748,1759950274
3790,1,1759944794,1759950940
2944,5,1759946557,1759953694
1347,5,1759947423,1759954444
3490,4,1759947823,1759950610
1074,4,1759948196,1759953238
3422,1,1759949909,1759955978
4280,5,1759951206,1759957979
4907,5,1759953136,1759958958
1590,4,1759953259,1759959978
3174,1,1759953973,1759957102
1173,2,1759953976,1759957658
4871,2,1759955424,1759958591
2371,3,1759955453,1759958866
1801,5,1759955871,1759959124
1316,5,1759958752,1759963131
4856,5,1759959884,1759965043
4982,1,1759960049,1759962146
2542,4,1759961020,1759966369
3181,2,1759962248,1759968781
4506,2,1759963016,1759965244
1167,2,1759963488,1759968813
1104,1,1759964509,1759971467
3091,1,1759966010,1759972692
3830,3,1759966115,1759968040
2960,5,1759966214,1759968932
3168,4,1759966640,1759971545
4533,3,1759967649,1759974175
4739,3,1759967684,1759973005
4006,1,1759967894,1759970617
4113,5,1759969736,1759975394
2714,3,1759969763,1759972732
4598,5,1759969774,1759971646
3921,5,1759969976,1759977084
1785,1,1759970456,1759975970
4986,1,1759970831,1759973341
4142,5,1759972694,1759975436
2489,2,1759973153,1759976684
1899,1,1759974315,1759977006
3129,3,1759974572,1759980990
2898,3,1759974983,1759977982
3772,5,1759975713,1759980370
1546,3,1759976159,1759982360
1628,5,1759977591,1759984308
1677,3,1759978121,1759984016
4851,4,1759980767,1759987122
1178,5,1759981970,1759987473
1852,2,1759982698,1759988184
1624,4,1759983082,1759989644
1970,2,1759985436,1759992014
1212,1,1759985663,1759990771
1671,2,1759985708,1759990783
3003,5,1759985730,1759987803
1760,1,1759986014,1759988895
1384,1,1759990829,1759996702
1819,3,1759991332,1759993718
3803,4,1759991492,1759997212
2809,2,1759994084,1759997415
4663,1,1759994086,1759997445
4074,2,1759995297,1759998475
4607,3,1759995316,1760002201
1046,2,1759995469,1760001825
3384,4,1759996508,1760003532
2363,1,1759996849,1759998786
4776,3,1759999213,1760004720
3080,3,1759999217,1760004694
2189,5,1760000718,1760003228
4192,2,1760002099,1760004137
2942,2,1760002657,1760009855
1874,1,1760002695,1760007033
2535,3,1760004412,1760009456
4874,2,1760006031,1760009755
3973,2,1760006829,1760009665
4870,2,1760006984,1760011197
2628,1,1760008354,1760014488
2634,5,1760010206,1760012397
2836,2,1760011961,1760014344
3860,5,1760012152,1760018099
4680,2,1760014483,1760018416
1770,1,1760015495,1760019740
3535,3,1760015803,1760022395
3756,3,1760016285,1760020222
1276,4,1760016963,1760022895
3546,2,1760017579,1760022857
2750,5,1760017659,1760021827
4614,3,1760018204,1760020948
3301,1,1760019108,1760023054
4145,4,1760019378,1760024590
3793,3,1760021313,1760024137
2035,2,1760021672,1760028137
1482,2,1760021722,1760028494
3155,4,1760022376,1760029269
1036,3,1760022526,1760026527
4834,4,1760022793,1760029489
1193,4,1760024268,1760026221
2902,2,1760024953,1760027955
4081,5,1760025064,1760028250
2454,2,1760025161,1760028412
3580,5,1760025455,1760031304
2797,4,1760026396,1760030310
3168,2,1760026768,1760033429
3354,3,1760028246,1760032532
1383,2,1760030616,1760035558
4856,5,1760032132,1760034482
1671,1,1760032599,1760038420
1663,2,1760033488,1760036826
3942,2,1760035459,1760040219
2471,5,1760035789,1760041677
4491,2,1760036400,1760038716
4756,2,1760037840,1760040888
2218,2,1760038194,1760044204
3549,1,1760039345,1760045477
3142,2,1760039952,1760046531
3273,5,1760040017,1760042922
1062,1,1760040166,1760046852
1728,3,1760041333,1760046984
3691,5,1760042095,1760048373
4280,2,1760042720,1760046168
4975,4,1760044056,1760050928
3277,2,1760044167,1760046500
4224,4,1760044538,1760048873
2755,2,1760046575,1760050472
4702,5,1760047644,1760049750
4842,2,1760048783,1760054280
4708,4,1760049203,1760053216
2464,3,1760050764,1760054381
1899,5,1760051063,1760055872
2191,1,1760051230,1760054297
3938,5,1760053031,1760056321
4375,2,1760053033,1760058131
3482,3,1760053322,1760059654
3571,2,1760056083,1760061582
1431,1,1760057749,1760063356
1934,3,1760057803,1760060991
2294,4,1760058231,1760064661
2898,3,1760058922,1760063799
3482,1,1760060667,1760063367
2272,4,1760062555,1760066956
2809,5,1760062855,1760068248
2036,3,1760063404,1760067401
1308,3,1760063813,1760066094
4968,3,1760063913,1760067417
4736,5,1760065283,1760072389
2260,5,1760066484,1760073438
3510,1,1760067636,1760071284
1308,5,1760067690,1760074037
1176,1,1760068542,1760072279
3372,2,1760068790,1760075061
3093,2,1760069135,1760075907
1863,5,1760069546,1760073974
3784,5,1760072229,1760076975
2191,3,1760073085,1760079342
2985,5,1760074363,1760077945
2836,2,1760076447,1760080970
2542,5,1760076488,1760082448
2273,1,1760077093,1760081163
3366,2,1760077433,1760082252
2521,4,1760078167,1760082087
3150,1,1760080025,1760085092
3641,4,1760080542,1760085908
3972,3,1760080693,1760084732
3297,5,1760084046,1760089771
1170,4,1760086725,1760089043
4087,1,1760087927,1760091405
1159,5,1760088351,1760093925
4908,1,1760088452,1760091070
4006,4,1760088651,1760092717
4533,4,1760089046,1760095184
3832,1,1760089244,1760094153
2442,4,1760089306,1760094320
2668,1,1760090304,1760094969
4195,5,1760090683,1760096464
4458,5,1760091753,1760094690
4975,1,1760091959,1760095660
4202,2,1760092479,1760095201
1750,4,1760093596,1760100427
4598,2,1760093830,1760097870
4953,1,1760093967,1760100845
3917,2,1760094146,1760099751
3619,1,1760095495,1760100588
3583,3,1760095714,1760097639
4603,5,1760096351,1760100612
2262,5,1760096520,1760098517
3202,2,1760096922,1760103430
2116,2,1760097109,1760101341
1671,1,1760097157,1760102896
1740,4,1760098661,1760105155
4871,2,1760098970,1760104252
4733,1,1760101105,1760103549
2715,1,1760103402,1760106371
4786,1,1760103599,1760106309
3400,3,1760103963,1760107872
3910,4,1760104569,1760107001
4108,2,1760106821,1760108715
3166,3,1760106980,1760112319
1682,1,1760107107,1760111220
1893,2,1760109395,1760115664
1723,4,1760109604,1760115934
1827,2,1760110186,1760112991
1673,4,1760110277,1760112229
4118,3,1760110324,1760114920
4367,1,1760112406,1760115213
3433,1,1760113119,1760116489
3968,1,1760113607,1760120735
4468,2,1760113713,1760120755
2286,1,1760114370,1760119060
4847,3,1760114997,1760121444
1728,4,1760114998,1760120803
1512,1,1760118201,1760122991
3213,3,1760118588,1760122816
1246,5,1760119270,1760122133
2067,3,1760119810,1760125503
2439,3,1760120257,1760122732
1129,1,1760120435,1760124982
2547,5,1760122430,1760128286
1723,4,1760125581,1760129894
2317,5,1760125858,1760130025
3388,4,1760126321,1760131626
2792,5,1760126906,1760134013
1671,5,1760127659,1760129582
2795,5,1760128443,1760133757
4958,1,1760129933,1760133844
3433,1,1760130541,1760135626
2152,4,1760130668,1760135966
2820,2,1760131145,1760133044
1176,5,1760131351,1760133447
3070,4,1760132755,1760137825
1086,2,1760133224,1760137201
1999,5,1760133306,1760135538
1677,1,1760134272,1760137851
1092,2,1760137352,1760141128
3490,1,1760138220,1760144497
1936,4,1760138481,1760141666
2002,2,1760139419,1760142503
2881,5,1760139599,1760141749
2440,5,1760141854,1760144330
2595,5,1760143516,1760145502
2944,2,1760143714,1760148344
3270,5,1760145089,1760150546
4905,3,1760145142,1760150232
4675,3,1760145759,1760152833
2283,3,1760146261,1760149515
1922,5,1760146551,1760151854
3529,3,1760147130,1760153577
4869,2,1760147158,1760153460
4080,2,1760147528,1760149460
2821,3,1760149249,1760155734
3387,1,1760150134,1760157099
3921,4,1760150964,1760153757
3104,3,1760151537,1760156395
3261,5,1760154052,1760159443
1639,4,1760155083,1760157537
3244,5,1760156716,1760162632
4652,4,1760156807,1760162084
4407,4,1760157302,1760161591
4585,3,1760157486,1760163727
1406,1,1760157525,1760162663
2854,3,1760157944,1760161522
2232,2,1760159471,1760162409
4113,3,1760159709,1760166046
2936,5,1760160256,1760162592
2469,4,1760162813,1760168428
4303,3,1760163985,1760169002
2382,5,1760164806,1760169173
3095,5,1760167184,1760171401
1683,5,1760167298,1760171873
4496,4,1760167558,1760172033
3067,5,1760167698,1760172167
4462,5,1760168036,1760170723
3493,5,1760168237,1760173863
2629,1,1760169311,1760175052
4943,1,1760169317,1760172257
2165,1,1760170106,1760175010
1913,2,1760172110,1760176739
4697,1,1760172676,1760175307
1145,3,1760173545,1760175376
4280,1,1760173891,1760179116
1880,5,1760174768,1760181090
3966,5,1760175375,1760182299
4999,5,1760175444,1760180146
2401,1,1760176377,1760178401
4967,5,1760176985,1760181390
1914,3,1760176996,1760179730
1125,3,1760177335,1760179390
1817,5,1760177421,1760180601
3358,2,1760178152,1760180986
3573,3,1760178703,1760180564
4758,2,1760178860,1760185229
3845,1,1760180402,1760187508
4803,5,1760181391,1760183417
2704,4,1760181561,1760184528
3928,1,1760182598,1760186616
4548,4,1760183908,1760187797
1803,2,1760186280,1760189704
2107,5,1760186530,1760191253
3168,2,1760186611,1760191547
4806,1,1760186674,1760193820
3675,3,1760187452,1760190046
1339,5,1760189317,1760194713
2564,5,1760189929,1760193300
3283,3,1760190241,1760195887
3580,2,1760190295,1760193053
4569,1,1760190465,1760194516
2811,2,1760191249,1760197902
1823,5,1760193395,1760197580
2939,1,1760193775,1760196481
4213,2,1760199422,1760202944
2614,3,1760199540,1760203573
1058,3,1760200512,1760203732
3682,2,1760201430,1760208037
4987,5,1760202168,1760205423
4036,3,1760202318,1760206141
3716,5,1760202699,1760204840
2307,1,1760204260,1760210253
4440,1,1760205340,1760209099
2024,1,1760205968,1760207803
1428,1,1760207466,1760212599
1071,2,1760207529,1760212025
2637,3,1760208524,1760213617
3519,4,1760209323,1760214132
1022,2,1760211110,1760214455
3749,1,1760212182,1760217608
2788,5,1760213142,1760220034
4503,3,1760213926,1760217934
1827,4,1760214424,1760217860
2241,4,1760215931,1760222117
1817,3,1760218132,1760225149
1706,5,1760219591,1760222490
3672,5,1760221481,1760226652
4991,3,1760224471,1760228314
1915,4,1760224854,1760229057
2274,5,1760225856,1760230291
2269,1,1760228417,1760233831
3430,4,1760229586,1760235726
4079,1,1760231009,1760237786
1385,1,1760231063,1760234541
1036,1,1760231320,1760234341
3519,5,1760234167,1760236892
4968,1,1760235763,1760238407
3220,5,1760237146,1760240007
4748,1,1760237464,1760243647
3068,3,1760238788,1760243368
4108,1,1760240119,1760242609
4066,2,1760240224,1760243343
2369,1,1760240776,1760243844
2686,3,1760243350,1760250326
2688,3,1760243412,1760248643
2642,2,1760243741,1760245670
4471,4,1760244021,1760248806
2155,3,1760244747,1760249805
1119,2,1760245852,1760248819
3869,1,1760247325,1760252021
1519,5,1760249090,1760252108
4232,1,1760250020,1760257218
4803,4,1760250691,1760252894
1399,1,1760252694,1760255242
3380,3,1760254352,1760258575
1178,1,1760254625,1760256891
1602,5,1760254906,1760261712
3925,5,1760255336,1760258188
2477,4,1760259119,1760266014
4718,4,1760259727,1760262337
3036,2,1760261048,1760265820
2266,1,1760262233,1760265617
2024,1,1760262501,1760264631
3404,5,1760262527,1760265983
4160,2,1760262682,1760268025
2788,4,1760263171,1760266037
3963,2,1760264072,1760268714
2883,1,1760264613,1760270727
4218,5,1760264922,1760267201
1759,4,1760264957,1760267656
4092,4,1760265217,1760270233
4713,2,1760266786,1760273829
4521,5,1760267590,1760270823
4490,2,1760268209,1760272878
2337,1,1760268423,1760273771
3810,4,1760270273,1760276855
1166,4,1760272827,1760275867
4619,2,1760272869,1760278977
2996,1,1760274603,1760281551
4280,3,1760277057,1760282250
3199,5,1760278122,1760282107
3433,1,1760279875,1760281985
2285,1,1760280424,1760284361
3881,3,1760280879,1760284682
3056,5,1760281600,1760284587
2997,4,1760281626,1760288611
4752,3,1760282594,1760285717
2958,1,1760284105,1760289082
1663,1,1760284845,1760287524
4489,1,1760285184,1760287420
3104,4,1760286448,1760292404
1787,3,1760286546,1760292625
3635,1,1760287538,1760293481
1091,2,1760287867,1760293272
1556,3,1760290269,1760294060
2552,2,1760291225,1760298387
3919,3,1760292740,1760295079
4518,2,1760293227,1760300132
1053,4,1760294092,1760300296
2136,1,1760295139,1760298143
2184,4,1760295994,1760302169
1179,3,1760296030,1760298707
2300,2,1760296193,1760298320
4758,4,1760296495,1760303446
1867,1,1760296595,1760302033
3553,2,1760297268,1760299251
1545,5,1760298158,1760302178
1101,3,1760298605,1760304017
1734,4,1760300186,1760303122
1424,1,1760300287,1760302936
1819,4,1760300569,1760305070
2838,5,1760300826,1760305893
2469,1,1760301900,1760308001
1878,4,1760302132,1760308146
2113,2,1760302940,1760309890
1202,2,1760304389,1760306236
1084,1,1760305463,1760308113
3076,2,1760306341,1760313420
4856,3,1760307763,1760313849
4701,1,1760307821,1760311910
4074,1,1760311312,1760317978
4710,5,1760311730,1760316352
2506,5,1760312635,1760315778
3174,1,1760313695,1760318694
2146,4,1760313770,1760316322
4761,3,1760315931,1760321257
2939,1,1760316017,1760319153
4125,2,1760317344,1760320041
1911,3,1760318933,1760322815
4634,4,1760322661,1760329703
1867,4,1760323155,1760325728
1285,3,1760323752,1760330270
1248,5,1760324833,1760327166
4949,3,1760325120,1760329894
2847,5,1760325951,1760331454
1825,2,1760326059,1760327979
2876,4,1760329151,1760334862
2843,4,1760333113,1760336779
2586,4,1760336637,1760340688
4608,1,1760336964,1760342077
3307,3,1760337528,1760343024
1930,5,1760337926,1760340310
3450,5,1760338931,1760341732
1684,1,1760338953,1760343773
3969,3,1760340498,1760345764
3692,1,1760342274,1760348788
1308,1,1760342399,1760345032
1428,3,1760342530,1760347734
1387,1,1760342833,1760349430
2997,3,1760342936,1760345621
2164,4,1760343197,1760346193
3168,5,1760343322,1760350295
3493,4,1760343612,1760347647
2232,5,1760344058,1760348253
2809,5,1760344176,1760351251
3403,3,1760345383,1760349425
2899,3,1760346683,1760352273
1301,2,1760346912,1760353630
1162,4,1760346943,1760350230
1706,3,1760347272,1760352939
4600,5,1760347381,1760353031
4893,5,1760347396,1760353115
3689,4,1760348450,1760354457
2922,4,1760348927,1760353685
3097,2,1760349788,1760356520
3338,1,1760349887,1760351725
1773,2,1760350076,1760355016
2126,2,1760351680,1760355334
4625,4,1760353524,1760357694
4362,3,1760354825,1760356806
4241,2,1760354916,1760362090
1582,4,1760355744,1760358555
3040,2,1760356923,1760361337
1072,2,1760357527,1760364117
1677,2,1760357810,1760362826
3079,1,1760358503,1760364930
1036,4,1760360862,1760365891
1698,1,1760362166,1760364412
4213,4,1760362388,1760366879
4394,4,1760362741,1760365297
4394,5,1760362742,1760369654
4723,5,1760363487,1760369727
3969,4,1760365086,1760368709
3075,5,1760365143,1760371688
2637,4,1760368532,1760371987
2885,5,1760369837,1760372742
2669,1,1760370467,1760373422
2907,3,1760370556,1760375558
1189,1,1760371207,1760373424
1460,3,1760371899,1760373954
3737,2,1760372286,1760378863
2454,3,1760372643,1760374689
1205,3,1760374157,1760381322
1703,2,1760375515,1760379793
2241,1,1760377593,1760383637
4613,3,1760377632,1760384528
4418,5,1760379329,1760381959
3220,1,1760379373,1760382754
3624,4,1760380120,1760384812
4342,3,1760381087,1760383722
2359,2,1760381555,1760385286
3909,4,1760381791,1760388661
1114,3,1760383959,1760388624
1727,4,1760385253,1760389183
4967,2,1760386543,1760391950
3485,3,1760386570,1760393389
4621,5,1760388845,1760395968
1738,5,1760389226,1760394360
1677,2,1760389818,1760395095
4953,2,1760394365,1760397294
3938,4,1760395359,1760398619
1220,3,1760396710,1760400920
2104,2,1760397134,1760403595
4013,1,1760397680,1760404497
2581,3,1760399947,1760403087
1949,1,1760400574,1760402527
3040,1,1760402308,1760407358
1091,2,1760402658,1760409669
2300,1,1760404099,1760406696
3717,4,1760404411,1760411119
2012,5,1760404697,1760407527
1907,4,1760405246,1760411704
1390,5,1760406529,1760411282
2506,2,1760407668,1760410225
4752,3,1760407712,1760409940
4906,3,1760409796,1760414915
3097,2,1760409809,1760412295
4849,3,1760409989,1760416639
2704,1,1760411580,1760418466
2863,2,1760412788,1760418146
3452,5,1760412994,1760419636
2637,1,1760413988,1760418814
3199,3,1760414359,1760420065
3583,3,1760414842,1760419357
4464,2,1760415814,1760419150
3910,4,1760416013,1760421983
3350,3,1760416414,1760419576
3200,3,1760417471,1760422469
4593,3,1760418083,1760422071
1362,5,1760418182,1760420198
2452,2,1760418566,1760420964
3178,4,1760419638,1760421800
3940,2,1760420707,1760426255
2161,5,1760420859,1760426037
2161,1,1760423589,1760430102
3404,2,1760424439,1760430057
2609,2,1760424684,1760428072
3091,3,1760425356,1760427889
2451,5,1760425843,1760432750
1851,3,1760426082,1760431393
4752,2,1760428203,1760430429
1706,1,1760428598,1760434092
3920,5,1760429391,1760432799
3654,5,1760430408,1760432758
3178,4,1760430458,1760434538
2070,2,1760431693,1760437813
1459,5,1760431940,1760435006
3296,3,1760432307,1760434861
4280,4,1760433305,1760436202
2819,3,1760434495,1760439838
3142,1,1760434623,1760438018
4643,3,1760435137,1760440260
3476,5,1760435532,1760437398
2901,2,1760436364,1760442297
3264,2,1760436465,1760438677
4036,3,1760436856,1760441272
1772,3,1760436915,1760442936
2306,4,1760437371,1760442499
4652,5,1760437454,1760440208
3150,1,1760437750,1760441813
1884,2,1760439158,1760444298
1922,4,1760439255,1760441164
1166,4,1760439598,1760446206
3836,1,1760439889,1760446017
4839,4,1760440259,1760443364
2628,4,1760440754,1760446027
1240,2,1760441403,1760446441
3079,2,1760443470,1760446207
1798,2,1760444218,1760450541
2463,5,1760446190,1760451140
4006,5,1760447967,1760452769
3333,2,1760448634,1760454710
4343,1,1760450263,1760452439
3819,4,1760450677,1760456966
2477,3,1760451155,1760457172
4710,1,1760451716,1760454706
3452,4,1760452707,1760454578
4153,1,1760452747,1760455758
2690,3,1760453505,1760456010
1621,5,1760457582,1760461719
4654,4,1760457709,1760462316
3102,5,1760457745,1760461356
2549,3,1760458125,1760462929
3675,5,1760460847,1760464524
1176,4,1760463874,1760470511
2400,1,1760463879,1760470372
1071,3,1760463965,1760470061
3629,2,1760464758,1760466679
4884,1,1760464834,1760466691
3206,5,1760465050,1760469857
1934,5,1760465278,1760468729
1644,4,1760465396,1760468254
3649,4,1760465426,1760468237
2030,3,1760465859,1760472097
2964,1,1760466794,1760471656
2067,2,1760469209,1760476141
4748,5,1760469283,1760476339
4678,5,1760469396,1760474425
4710,5,1760470699,1760476435
4679,5,1760471580,1760478603
3566,2,1760473896,1760480713
3791,4,1760474476,1760478006
4113,4,1760474945,1760481594
1980,1,1760475855,1760479602
1787,4,1760476569,1760480093
2560,1,1760477137,1760479259
1670,2,1760478476,1760484689
1723,2,1760479976,1760482669
4113,4,1760481812,1760485079
3834,3,1760482956,1760489053
1554,3,1760484471,1760491406
3887,4,1760484885,1760491022
4142,2,1760486076,1760489837
1224,4,1760487687,1760491475
1009,3,1760487705,1760492279
2217,4,1760488923,1760496045
2400,2,1760490176,1760496238
2790,2,1760490809,1760496133
3628,5,1760491020,1760496891
4158,3,1760491423,1760495112
2661,4,1760491636,1760494559
2535,2,1760491836,1760495672
4284,1,1760491841,1760496859
3200,4,1760493619,1760498611
3294,5,1760494126,1760501111
2272,5,1760494473,1760501428
3784,4,1760495822,1760499805
3224,2,1760495854,1760498960
2696,2,1760496028,1760500668
4013,1,1760497227,1760504224
3827,2,1760497426,1760499432
2451,3,1760498692,1760503853
4858,2,1760499200,1760504989
2259,5,1760500006,1760502219
3350,2,1760500229,1760502602
1621,2,1760500553,1760503648
3145,2,1760500941,1760508066
2434,1,1760501433,1760505004
2463,3,1760501655,1760503624
2629,3,1760502135,1760509116
4864,2,1760502682,1760508677
1770,2,1760504597,1760508430
4748,2,1760505033,1760506920
3106,2,1760506681,1760510723
2250,4,1760507221,1760511070
4144,4,1760507991,1760510625
3670,2,1760509366,1760514300
1184,5,1760510259,1760516605
4113,1,1760510569,1760513883
3452,2,1760511361,1760515279
2202,5,1760512413,1760519006
3416,4,1760512470,1760517763
2714,2,1760512802,1760515288
1249,3,1760512938,1760517367
2389,2,1760513235,1760518575
3716,3,1760513921,1760519377
1413,3,1760513986,1760520003
2359,1,1760514480,1760519304
4968,2,1760515858,1760521478
4443,5,1760516754,1760520985
1625,5,1760517862,1760524521
4697,4,1760518571,1760521098
4967,2,1760518975,1760524353
3070,3,1760519096,1760525816
2529,3,1760519868,1760527042
2683,5,1760520584,1760526240
1341,5,1760522654,1760525714
2997,3,1760523131,1760524962
3094,4,1760523561,1760530425
2676,2,1760523941,1760528930
2265,1,1760524006,1760526343
4999,5,1760525176,1760528949
3571,2,1760525456,1760532627
1833,3,1760525961,1760532554
3327,2,1760526863,1760533006
1372,5,1760528422,1760533314
1046,2,1760528597,1760533637
4823,5,1760531878,1760536061
1058,2,1760532576,1760539377
3910,5,1760533692,1760537999
3580,2,1760534291,1760540484
4711,5,1760534310,1760540118
4287,5,1760534919,1760541576
1671,4,1760535309,1760542167
2996,1,1760535479,1760540076
2477,1,1760535582,1760541287
1493,4,1760535666,1760539047
3582,1,1760536100,1760540835
1612,4,1760536625,1760538673
1981,2,1760536731,1760539739
1965,2,1760538222,1760542846
2232,2,1760539525,1760545101
1428,2,1760540775,1760547021
3660,1,1760541636,1760543940
4493,5,1760543057,1760547772
4222,4,1760543649,1760550032
2795,3,1760544765,1760547110
1680,5,1760546554,1760551100
1929,4,1760547645,1760551852
1208,3,1760548788,1760550726
4449,5,1760549614,1760556521
1614,5,1760550119,1760553734
4351,2,1760550415,1760556057
4484,3,1760551567,1760554248
3828,1,1760551988,1760557948
1212,1,1760552380,1760555610
3872,4,1760556051,1760560098
2717,1,1760556213,1760562560
1307,2,1760556345,1760563456
1827,4,1760556707,1760561278
1899,5,1760556826,1760563758
1780,1,1760557006,1760562719
3675,3,1760557451,1760562183
1468,5,1760558171,1760561749
1013,4,1760558861,1760563731
4179,2,1760559209,1760565281
4406,4,1760560250,1760566400
1999,3,1760560652,1760567113
4325,2,1760561027,1760564645
2400,4,1760561810,1760568744
4502,1,1760561848,1760564680
4367,4,1760562010,1760569123
2228,4,1760562265,1760568226
2024,5,1760564716,1760568725
2179,4,1760565151,1760568411
3194,5,1760565372,1760571846
2653,3,1760566251,1760573264
3918,5,1760566805,1760570913
1478,4,1760568842,1760570836
3132,4,1760568860,1760572753
2769,1,1760570837,1760577618
2241,5,1760570972,1760576900
3580,5,1760572251,1760578896
1419,4,1760572948,1760574872
3294,1,1760573715,1760576745
4831,3,1760575159,1760579082
2041,1,1760575577,1760580021
3239,5,1760576120,1760580169
2145,2,1760578276,1760584379
1484,1,1760578826,1760585666
2830,1,1760583325,1760587331
3599,4,1760585970,1760589448
3089,5,1760586575,1760590511
1308,3,1760587547,1760594344
4515,3,1760587641,1760589792
1588,3,1760588195,1760592632
2913,3,1760589711,1760596147
4363,5,1760589768,1760595599
3917,1,1760592637,1760599251
2442,4,1760594905,1760597619
4617,4,1760595265,1760599406
2064,3,1760595822,1760601127
3474,4,1760596058,1760598733
1338,5,1760598660,1760600796
2402,5,1760598825,1760603844
4884,4,1760598862,1760603417
4533,2,1760599391,1760606581
1130,2,1760599572,1760602169
4842,4,1760599649,1760603650
3580,3,1760599848,1760602034
3748,3,1760601973,1760609026
1484,2,1760602683,1760606207
3454,5,1760603755,1760606631
2361,4,1760605547,1760609060
3519,3,1760605583,1760611787
2200,5,1760605647,1760607656
1463,1,1760605996,1760608635
4697,5,1760606065,1760612169
3911,4,1760606557,1760613171
4600,4,1760606696,1760611181
3430,3,1760607231,1760613636
1772,4,1760607515,1760614187
1166,2,1760607535,1760611986
1424,3,1760609897,1760616209
1851,5,1760610529,1760617183
4108,2,1760610809,1760614271
4582,5,1760610953,1760616335
2136,3,1760611562,1760617240
4163,5,1760613485,1760615785
4731,3,1760613608,1760616847
3416,1,1760614470,1760618688
2869,1,1760614510,1760618418
1694,5,1760614998,1760618308
3797,1,1760615081,1760618696
4314,5,1760615320,1760619165
2378,1,1760616430,1760621305
4841,5,1760616593,1760618411
4932,2,1760617037,1760620411
1602,1,1760617464,1760624333
3234,1,1760619324,1760622546
1657,4,1760619509,1760626139
2303,2,1760619767,1760623400
3585,2,1760624446,1760626788
2485,5,1760624926,1760628380
1345,3,1760625226,1760631892
3165,4,1760627580,1760631709
3519,3,1760627998,1760635142
3493,4,1760628155,1760633039
1938,3,1760628255,1760630966
3599,2,1760628662,1760634192
4708,4,1760629644,1760636117
4547,3,1760630818,1760637503
1311,4,1760631418,1760638121
2886,2,1760632746,1760635970
2065,5,1760633721,1760636698
4577,3,1760634315,1760638752
2441,1,1760635135,1760640983
3123,1,1760636592,1760641632
4455,3,1760638624,1760642572
4578,4,1760638652,1760644249
3871,3,1760643066,1760648120
1930,5,1760643172,1760645496
2064,4,1760643468,1760648523
4696,5,1760644899,1760649113
1581,1,1760645802,1760648694
2465,4,1760647107,1760650406
1607,1,1760647221,1760654139
1970,5,1760647570,1760654012
2041,3,1760648094,1760653330
2359,5,1760648191,1760654297
3450,4,1760649135,1760656120
4226,3,1760649742,1760656627
4751,5,1760649762,1760651812
1818,3,1760651761,1760657478
1886,4,1760651967,1760656248
3941,4,1760652405,1760657946
4103,3,1760652921,1760655356
2272,4,1760653926,1760660339
1110,5,1760655283,1760662446
1252,1,1760655452,1760662161
4192,2,1760655720,1760660532
4739,1,1760655974,1760661173
1459,4,1760656846,1760662239
3640,4,1760657215,1760662080
2997,3,1760657594,1760663133
1946,1,1760658951,1760663472
4652,5,1760659638,1760661689
2477,1,1760660340,1760663941
3301,4,1760661436,1760666846
3562,5,1760661513,1760665480
2874,4,1760661972,1760668509
4884,4,1760662543,1760669044
4367,4,1760662611,1760666013
2092,1,1760663191,1760667574
4291,4,1760664846,1760668910
2310,3,1760665468,1760668443
4776,3,1760665668,1760670393
2997,5,1760666784,1760669148
1586,5,1760667139,1760670778
3271,1,1760667526,1760673604
4904,2,1760667731,1760673739
2286,2,1760671519,1760674435
2489,2,1760671806,1760677596
2785,3,1760673294,1760679840
2218,5,1760676240,1760682611
2637,3,1760676530,1760681658
4511,5,1760677914,1760680383
4652,5,1760678831,1760680733
3148,5,1760678872,1760684545
3905,2,1760678927,1760682063
3542,1,1760680981,1760687886
1178,2,1760681043,1760685541
2704,4,1760681332,1760683776
4288,1,1760684911,1760691044
2354,3,1760685767,1760689676
1288,2,1760686711,1760689107
1630,2,1760688600,1760690981
2410,5,1760689114,1760696107
3717,3,1760689565,1760694853
1401,1,1760689717,1760691914
3007,1,1760690753,1760695797
2898,4,1760692394,1760698082
4554,3,1760693460,1760696519
2287,5,1760693474,1760698342
4458,3,1760696380,1760698769
3282,5,1760696402,1760703296
1880,4,1760698504,1760705591
4042,3,1760698602,1760700482
1025,1,1760698930,1760702198
3095,2,1760699723,1760702972
3282,3,1760699791,1760703152
2913,2,1760700760,1760703865
3524,4,1760700949,1760703668
4661,2,1760702924,1760705012
3716,4,1760703233,1760709275
1447,1,1760703359,1760705789
2306,2,1760703371,1760706103
2975,1,1760703417,1760710333
1857,5,1760703700,1760710819
1581,1,1760704242,1760706272
3450,4,1760705798,1760709162
1104,5,1760705874,1760711833
2723,5,1760708115,1760714398
2982,1,1760708778,1760713174
2365,1,1760709229,1760714110
3616,3,1760709262,1760713760
1567,5,1760711776,1760717992
2838,2,1760712588,1760716621
1339,2,1760714233,1760719897
4256,3,1760715506,1760718228
3519,3,1760715968,1760718444
4280,2,1760716299,1760718292
4667,3,1760717182,1760720648
1119,2,1760717285,1760723652
3047,1,1760717949,1760724310
1939,5,1760718527,1760722948
4702,3,1760718640,1760721973
1922,5,1760718701,1760721890
2476,3,1760720316,1760726269
1717,4,1760721284,1760724482
1714,3,1760721466,1760723825
3351,3,1760723740,1760729989
3278,5,1760726747,1760733286
1644,2,1760727402,1760732478
2841,3,1760728309,1760731721
1046,5,1760729131,1760736056
2178,5,1760730421,1760737590
4892,3,1760730939,1760736309
1599,1,1760731586,1760738260
4662,5,1760731852,1760737450
3836,3,1760732229,1760734605
2247,3,1760732234,1760738160
2250,2,1760733161,1760740159
1241,1,1760733253,1760735116
1945,1,1760733850,1760736323
4119,5,1760734006,1760739333
1582,2,1760735238,1760737675
4598,2,1760736045,1760740531
2300,4,1760737296,1760744280
1822,4,1760737638,1760741980
3104,3,1760737728,1760743441
1632,2,1760739097,1760741653
2528,4,1760740423,1760745065
4577,3,1760742235,1760744783
2854,4,1760742535,1760746921
3773,1,1760742984,1760748753
4614,2,1760743367,1760746529
1561,2,1760744295,1760749266
4932,2,1760744487,1760747927
4286,2,1760744704,1760748284
3433,3,1760745247,1760747990
2269,4,1760745378,1760747973
4819,4,1760745413,1760751572
4567,3,1760746708,1760751521
1577,1,1760748301,1760751361
2102,3,1760748421,1760754872
3938,3,1760749461,1760755935
2654,5,1760749690,1760754313
2434,1,1760749766,1760755803
3048,2,1760750022,1760754244
4335,4,1760750221,1760754234
1299,2,1760751025,1760756664
1940,4,1760751154,1760755147
2598,5,1760751212,1760755138
3430,3,1760751339,1760757972
3585,2,1760752001,1760758222
3097,1,1760753075,1760756059
1819,5,1760753378,1760760000
1003,2,1760754376,1760760775
1302,2,1760754806,1760759007
3332,2,1760755529,1760759085
1176,5,1760755571,1760760178
3634,5,1760756095,1760758363
3174,3,1760756522,1760762763
1549,2,1760759429,1760765376
2112,4,1760761411,1760763247
1005,4,1760761486,1760765620
3721,5,1760762534,1760767694
2105,2,1760763400,1760769241
2150,3,1760765325,1760768616
1164,3,1760767893,1760771634
4730,1,1760767961,1760770817
1671,4,1760770145,1760776990
4189,5,1760770560,1760777608
1686,1,1760770774,1760774557
1735,3,1760772641,1760779326
3150,1,1760774409,1760777021
1470,2,1760774509,1760778687
1903,4,1760775488,1760782543
2016,3,1760776183,1760782921
4175,4,1760776833,1760782201
4312,2,1760777401,1760780142
2561,4,1760777741,1760779691
4036,3,1760778114,1760784904
2565,5,1760779998,1760783944
4031,1,1760781019,1760783416
3702,3,1760781713,1760787899
4456,3,1760781883,1760784455
1404,3,1760782884,1760786360
4451,1,1760783187,1760789089
4922,1,1760784648,1760789712
2859,4,1760785887,1760788851
4628,5,1760787291,1760791833
4909,5,1760787405,1760791437
2887,1,1760787691,1760794189
4632,1,1760788385,1760790758
3206,2,1760789173,1760793450
3071,3,1760789532,1760792600
3296,3,1760790922,1760797876
1056,5,1760791338,1760794051
3716,1,1760792457,1760795834
1337,4,1760795766,1760801562
2988,4,1760795827,1760800567
2894,5,1760795863,1760800586
4410,5,1760796131,1760801454
2562,5,1760796894,1760801968
4748,4,1760797448,1760802474
2974,4,1760797827,1760802631
3317,5,1760797952,1760804952
3112,5,1760800386,1760806662
2126,1,1760801469,1760805218
3720,1,1760802236,1760808039
4452,4,1760803543,1760810655
4607,1,1760804658,1760811067
1083,4,1760805214,1760808990
4944,3,1760805560,1760811709
3679,4,1760807532,1760813919
1807,3,1760807752,1760811678
2453,2,1760807957,1760813763
2269,2,1760808223,1760810537
4999,3,1760809283,1760812271
3490,5,1760810687,1760816030
1163,4,1760810896,1760814159
1771,5,1760812892,1760819190
1665,2,1760814082,1760821181
4294,3,1760814208,1760820479
1819,4,1760814474,1760817927
4006,1,1760815094,1760818350
1512,2,1760815342,1760818920
2920,4,1760815745,1760820496
4261,4,1760815884,1760822339
1270,4,1760817253,1760824232
3519,5,1760818122,1760823158
2380,4,1760820228,1760826904
1909,4,1760820507,1760824732
1506,3,1760820667,1760823702
4175,1,1760823457,1760828272
3921,5,1760823541,1760827875
3941,2,1760825353,1760829926
4462,3,1760825458,1760828154
2452,1,1760825639,1760828954
1825,3,1760826072,1760829231
4717,4,1760826159,1760831817
4792,5,1760826844,1760830935
2390,3,1760827631,1760832238
4037,4,1760828105,1760832337
4302,4,1760829350,1760836439
4256,5,1760829760,1760836164
4731,4,1760830091,1760837165
4884,2,1760830505,1760836181
3582,1,1760830716,1760834826
2383,4,1760831277,1760838010
4064,3,1760831341,1760833816
2975,3,1760833209,1760836713
1405,2,1760834351,1760841095
3317,1,1760834592,1760839744
1973,5,1760837087,1760838945
4752,4,1760837233,1760841403
3238,5,1760837697,1760842261
2303,2,1760837762,1760843808
1710,1,1760838190,1760843911
3089,4,1760840156,1760845922
2184,1,1760840969,1760843333
2247,3,1760841016,1760846499
3557,4,1760841695,1760844078
2030,3,1760842410,1760848566
3112,4,1760842465,1760847367
4086,1,1760842578,1760847453
4273,4,1760842942,1760845396
4539,1,1760843309,1760846193
2834,3,1760844406,1760848690
2029,3,1760846204,1760852802
3946,2,1760847374,1760851851
1684,4,1760847393,1760853886
2286,1,1760848911,1760855628
1212,4,1760850458,1760853986
2465,4,1760850531,1760853742
1706,3,1760850919,1760857353
1550,1,1760851055,1760856347
3217,5,1760853459,1760858675
2562,5,1760854061,1760860546
3572,4,1760854910,1760857458
1496,3,1760856482,1760858449
2997,1,1760858516,1760863985
4067,4,1760860759,1760867192
1710,3,1760862068,1760868786
3608,2,1760862841,1760869998
4088,2,1760863844,1760869086
2489,5,1760863933,1760870356
4226,5,1760865304,1760872294
4280,3,1760867986,1760873974
3468,5,1760868719,1760875884
2632,2,1760872476,1760876696
3482,4,1760874690,1760879374
3385,2,1760874771,1760878062
4280,4,1760876299,1760880434
1508,4,1760877314,1760883549
4036,2,1760878268,1760882135
1973,3,1760878721,1760883746
4173,3,1760879775,1760883428
1519,2,1760880164,1760883688
3320,5,1760880389,1760886112
1087,5,1760883082,1760886323
1577,1,1760883343,1760889654
3094,5,1760884053,1760888824
1826,4,1760886167,1760890899
3008,5,1760886820,1760888876
2680,3,1760888421,1760894556
4776,1,1760888812,1760895793
1817,3,1760889607,1760894366
4952,4,1760889730,1760894046
1056,4,1760891660,1760895111
2829,5,1760892949,1760899723
3608,5,1760893149,1760900222
4451,3,1760893498,1760895429
1178,3,1760896451,1760900987
1807,2,1760897708,1760901112
2628,2,1760898527,1760902960
3626,5,1760898937,1760900942
2303,4,1760899607,1760903446
4787,2,1760904583,1760911562
1663,3,1760905086,1760909342
1701,3,1760907212,1760909433
1949,4,1760907486,1760909859
4006,2,1760907513,1760909835
1706,1,1760908275,1760912142
2820,3,1760908724,1760913311
2706,4,1760909285,1760911478
4413,5,1760909603,1760913535
3094,5,1760909718,1760915090
4697,5,1760910883,1760914972
4871,1,1760911776,1760918676
1827,3,1760912088,1760917630
1671,3,1760912685,1760917667
2706,4,1760913799,1760920014
3917,5,1760914030,1760918304
4244,1,1760914643,1760919205
1055,1,1760914653,1760921006
1599,1,1760914854,1760919832
1581,1,1760915430,1760921711
2096,2,1760915656,1760917724
3237,1,1760916682,1760923465
3513,4,1760916733,1760923827
4061,3,1760920198,1760922019
2058,1,1760922331,1760924634
1172,1,1760923090,1760928615
2714,4,1760923315,1760928262
3094,5,1760923524,1760927892
2066,2,1760926858,1760929403
1607,2,1760928564,1760933133
1965,2,1760928584,1760933841
1943,1,1760928873,1760935828
4987,1,1760929227,1760935224
4607,1,1760929719,1760935138
1880,4,1760929952,1760936536
3199,2,1760930156,1760936892
3805,1,1760930587,1760935784
3665,5,1760931273,1760937319
2555,3,1760931334,1760934497
1819,3,1760932099,1760935815
1201,4,1760934170,1760939797
2851,2,1760937332,1760940176
2812,5,1760937336,1760943479
2628,4,1760937545,1760942123
3176,1,1760937630,1760944387
3660,1,1760937917,1760942072
4019,2,1760938940,1760943139
4837,4,1760940391,1760945993
4244,3,1760941823,1760944234
3096,2,1760941893,1760944713
2224,4,1760943602,1760949049
4697,3,1760943890,1760946505
1400,4,1760944198,1760950440
3493,2,1760944595,1760951683
2241,3,1760945215,1760950117
3557,2,1760945495,1760948964
4025,3,1760948769,1760951533
2585,5,1760949550,1760954590
4031,3,1760951986,1760958842
2361,2,1760952294,1760954561
2859,3,1760952329,1760958723
1707,2,1760953003,1760958717
1129,2,1760953264,1760959147
2438,4,1760954298,1760956992
3068,1,1760954902,1760960622
2767,5,1760954924,1760956850
1773,2,1760955040,1760960000
4491,4,1760955909,1760958631
4005,1,1760956673,1760962566
3730,4,1760956966,1760962673
1307,5,1760957804,1760962784
2226,3,1760958710,1760960805
2551,3,1760959267,1760961994
2877,3,1760959482,1760965081
1930,5,1760959485,1760965815
3909,1,1760960008,1760964589
3282,5,1760960788,1760963061
2249,4,1760961248,1760968101
3780,3,1760961733,1760967006
1099,1,1760962166,1760968062
1178,3,1760964095,1760969439
1689,4,1760964160,1760967923
4659,1,1760965183,1760971050
3452,3,1760965509,1760969944
4300,2,1760965936,1760969178
2002,2,1760966967,1760971788
3262,4,1760967703,1760973047
1845,3,1760969038,1760971961
2798,2,1760970372,1760972549
1581,1,1760972019,1760978720
1170,2,1760972408,1760976275
3406,2,1760972978,1760977964
2885,2,1760973378,1760977165
2282,5,1760973386,1760977962
2126,2,1760974455,1760980617
2114,4,1760976153,1760982984
3917,4,1760977942,1760980760
3205,1,1760978542,1760983053
1153,1,1760979193,1760981060
2463,1,1760979545,1760985987
2679,5,1760980464,1760986768
2849,5,1760981163,1760985221
2798,1,1760982754,1760985563
1829,4,1760983643,1760987684
4950,4,1760984547,1760989920
2661,3,1760984604,1760989426
3542,4,1760985357,1760990034
2439,4,1760986457,1760989356
1621,5,1760986679,1760990507
2452,3,1760987573,1760989380
2710,5,1760988378,1760993818
3200,3,1760988922,1760995333
1913,4,1760989003,1760991585
4302,2,1760989603,1760996468
3910,5,1760989655,1760994064
2769,2,1760990610,1760993383
1607,1,1760990663,1760994967
2637,3,1760992299,1760998495
4681,2,1760993218,1760999425
2819,2,1760993316,1761000369
3069,3,1760994315,1760999365
1376,4,1760995895,1761002851
3724,5,1760996197,1760999995
3296,2,1760996409,1761003096
1411,4,1760996724,1760999054
3101,1,1760996751,1761001361
1805,2,1760997426,1760999275
3983,3,1760997972,1761004354
1297,4,1760998551,1761002769
4932,1,1760998700,1761003892
4429,4,1760999268,1761006120
3750,2,1761000050,1761004322
2368,5,1761000563,1761006259
1308,1,1761001795,1761006095
4042,2,1761004552,1761009741
4710,4,1761005404,1761011620
2822,3,1761005655,1761011915
1308,5,1761005771,1761009881
3351,3,1761006978,1761009488
1642,2,1761007262,1761014127
3716,4,1761008561,1761013272
2369,4,1761009180,1761013155
1728,3,1761010805,1761017011
1513,2,1761010870,1761012839
4410,1,1761013058,1761018110
4645,3,1761013166,1761016303
4117,4,1761013616,1761015920
4836,2,1761016082,1761018239
1581,2,1761017493,1761021155
1493,3,1761017981,1761019868
4108,2,1761019724,1761022889
1710,5,1761019958,1761022583
3400,3,1761020247,1761024406
2551,2,1761020288,1761024662
1734,4,1761021147,1761023456
1909,1,1761021320,1761027924
2652,2,1761021633,1761026137
2542,2,1761028731,1761033526
1306,1,1761028906,1761032233
1775,1,1761029545,1761033058
1805,5,1761029742,1761035742
4793,3,1761030403,1761034023
3467,1,1761030688,1761035433
3772,3,1761031158,1761035042
3209,3,1761031803,1761036107
4336,4,1761032835,1761036603
3482,2,1761033963,1761039199
1012,3,1761037291,1761042321
2489,5,1761037317,1761040412
3112,1,1761038648,1761043850
4112,2,1761038864,1761042183
1384,2,1761041916,1761047831
2733,2,1761044044,1761048999
4484,4,1761044416,1761046988
2589,1,1761044472,1761048910
2086,4,1761045955,1761049957
3750,5,1761047082,1761052610
2189,5,1761047780,1761053387
2943,1,1761048363,1761052944
1444,1,1761049705,1761054287
1707,1,1761050110,1761055003
4173,4,1761050942,1761057062
1307,4,1761051010,1761056664
2981,2,1761051923,1761054208
2695,2,1761052526,1761058716
2095,4,1761053759,1761055925
4416,5,1761055728,1761061212
1186,1,1761055814,1761061478
4068,5,1761056322,1761061940
2523,5,1761056709,1761060971
3171,3,1761056794,1761062021
1224,2,1761057211,1761059355
1847,1,1761057915,1761064736
2801,4,1761058514,1761061702
3194,5,1761058857,1761062552
2247,3,1761058974,1761065793
3470,3,1761059281,1761063274
2944,3,1761060741,1761066399
1546,2,1761060944,1761066016
1713,3,1761065067,1761069868
3490,5,1761065096,1761068695
4964,1,1761065516,1761067670
4202,1,1761066010,1761070654
2005,4,1761066213,1761072632
1677,1,1761066726,1761069387
2808,5,1761068376,1761070466
1469,3,1761069196,1761075302
3322,5,1761069406,1761071655
2811,5,1761069972,1761073828
1633,1,1761070027,1761072419
4560,1,1761072270,1761074518
4074,4,1761072340,1761075212
1496,1,1761072554,1761076515
4582,3,1761072689,1761075420
2743,5,1761074993,1761078889
1915,2,1761076230,1761082480
4697,5,1761076659,1761082550
3808,4,1761078856,1761084262
3150,5,1761079316,1761083627
1621,4,1761079719,1761085848
3350,5,1761080692,1761082677
2471,2,1761080833,1761084360
4478,2,1761083064,1761087551
1965,1,1761083109,1761085128
1780,5,1761083900,1761087338
2833,3,1761086335,1761089099
3176,3,1761088194,1761091347
4283,3,1761088395,1761091474
1508,1,1761090548,1761096320
1308,1,1761092580,1761097520
2450,5,1761093104,1761098454
1600,2,1761094255,1761097898
4956,1,1761094490,1761100344
3450,4,1761095091,1761100994
1385,3,1761095582,1761100517
2837,4,1761095679,1761099754
3067,4,1761095813,1761101648
3702,2,1761097063,1761104170
3784,3,1761097149,1761102728
1575,3,1761097260,1761099571
1112,4,1761098013,1761101530
4060,2,1761098426,1761102136
1654,5,1761099415,1761106073
1965,1,1761100313,1761107030
3097,2,1761101045,1761106650
1581,4,1761101456,1761103343
3089,2,1761101898,1761107586
2754,5,1761103810,1761106901
1970,2,1761104334,1761107138
1937,4,1761104379,1761110453
2706,3,1761105850,1761112798
2521,1,1761106193,1761108860
3585,1,1761106346,1761112252
3423,5,1761107912,1761112211
4965,4,1761108529,1761112735
2548,1,1761108607,1761114807
1307,2,1761108909,1761113732
3141,3,1761110246,1761116297
3240,5,1761110842,1761114224
1690,2,1761110946,1761116532
2863,5,1761110995,1761113444
1568,4,1761111007,1761115944
2477,5,1761111815,1761118389
3682,3,1761114822,1761120630
2703,3,1761114848,1761119854
2742,4,1761114859,1761117451
2219,4,1761116702,1761121799
1621,3,1761117460,1761120446
3408,2,1761118004,1761119939
4298,1,1761118296,1761120767
3493,1,1761118510,1761122780
1335,3,1761119406,1761123751
2051,5,1761120006,1761122705
4009,4,1761120137,1761127200
4451,2,1761121694,1761126236
1558,4,1761122411,1761128134
4663,5,1761123125,1761127326
4035,4,1761123462,1761128325
2837,5,1761123502,1761128712
1581,1,1761123550,1761130562
1772,4,1761123642,1761126668
2545,4,1761124247,1761126494
3808,5,1761124250,1761130773
4124,1,1761124782,1761128636
2116,2,1761125055,1761128100
1307,3,1761126011,1761130536
4692,4,1761126785,1761133822
4884,2,1761126906,1761132590
2341,4,1761128187,1761132292
3264,4,1761130148,1761135443
1497,4,1761130474,1761136045
4017,2,1761130509,1761135023
1417,4,1761133761,1761140346
4081,4,1761133841,1761138757
2305,5,1761136059,1761142440
3945,4,1761137528,1761142167
2371,1,1761138189,1761141796
3377,3,1761139652,1761144888
3842,1,1761139654,1761146551
4351,3,1761140120,1761146685
4124,2,1761141136,1761143450
1308,5,1761141558,1761144570
3056,4,1761142597,1761145261
1068,2,1761143054,1761148341
2114,1,1761143656,1761147685
2264,5,1761143908,1761148998
3321,5,1761144207,1761150209
2696,2,1761145608,1761151858
1805,3,1761145722,1761148203
1178,5,1761146672,1761151613
2441,3,1761146921,1761149022
2699,3,1761147128,1761151065
2285,2,1761147861,1761149924
2477,4,1761148315,1761155343
2067,1,1761148750,1761152217
1423,1,1761154171,1761156109
2934,3,1761154261,1761157358
1691,3,1761154975,1761160966
3282,4,1761155392,1761159950
3230,5,1761155570,1761160497
2026,4,1761157718,1761160777
4909,2,1761157724,1761160962
2471,5,1761157996,1761163062
1057,4,1761159368,1761163960
2980,2,1761159573,1761161467
1700,1,1761159625,1761165375
2798,3,1761160792,1761166282
2556,5,1761162067,1761169023
4701,2,1761162309,1761164624
2654,4,1761163835,1761166065
2745,1,1761165509,1761171989
2145,1,1761165519,1761171944
1880,4,1761167317,1761169724
2879,5,1761167547,1761170725
2114,4,1761167730,1761171915
1419,1,1761168918,1761171061
3433,4,1761169244,1761175211
3981,1,1761169718,1761174336
1249,5,1761170027,1761174099
2867,5,1761170665,1761177431
1817,2,1761171954,1761174638
3430,5,1761172801,1761178032
4916,3,1761174550,1761178357
2247,5,1761175251,1761180116
2767,2,1761175839,1761182995
2232,1,1761176737,1761179655
4812,3,1761177109,1761180738
2886,2,1761178032,1761184578
2944,3,1761179725,1761182572
4895,3,1761179830,1761182674
3230,2,1761180480,1761187418
4604,4,1761183768,1761189431
2504,1,1761184513,1761187761
2232,3,1761184797,1761191626
1825,3,1761184988,1761191302
1738,1,1761185338,1761191273
4786,5,1761188081,1761190694
2849,1,1761190836,1761194663
4842,3,1761193513,1761198527
1644,4,1761194496,1761201620
1663,1,1761194529,1761200469
4871,1,1761195644,1761202176
1670,2,1761195681,1761201834
2819,5,1761196400,1761202267
4851,2,1761197155,1761202079
4256,5,1761197174,1761202796
3026,4,1761197652,1761204148
3474,2,1761198288,1761204381
3822,4,1761198439,1761202674
1854,1,1761200161,1761203801
1383,1,1761200181,1761203365
2949,5,1761201861,1761206923
2339,1,1761202577,1761208211
4261,3,1761203849,1761209505
1854,4,1761204171,1761206951
1706,3,1761204969,1761210854
3036,1,1761205224,1761208954
2102,4,1761205230,1761212125
2241,5,1761205316,1761210407
2269,3,1761206315,1761211620
2837,5,1761207736,1761212938
3395,3,1761210561,1761215748
2371,1,1761215112,1761217925
3112,5,1761218787,1761225566
2461,3,1761218875,1761222888
2439,1,1761218974,1761221034
3549,4,1761220203,1761226921
2187,3,1761221018,1761227886
3736,1,1761221913,1761227045
3867,4,1761223097,1761227345
2855,1,1761223844,1761225942
1425,3,1761224893,1761230768
1694,5,1761225055,1761230437
1719,1,1761225199,1761232140
3261,5,1761225965,1761231560
1387,5,1761226022,1761231620
2241,2,1761226042,1761229331
1581,2,1761227084,1761230835
4614,1,1761228138,1761230800
4416,5,1761228921,1761230724
2983,3,1761228970,1761232682
4847,2,1761229396,1761235004
2187,1,1761230490,1761237294
4731,3,1761233258,1761239553
3919,2,1761233385,1761239486
1416,1,1761233903,1761239928
4911,3,1761235111,1761240640
2833,1,1761235626,1761238869
3910,2,1761236814,1761243770
1734,1,1761237315,1761239908
1548,4,1761238893,1761242931
4834,1,1761239682,1761242296
2637,4,1761240151,1761244301
4244,2,1761240295,1761243340
4811,4,1761241445,1761248158
1166,2,1761241520,1761244409
3339,2,1761241720,1761244684
4582,4,1761242777,1761244837
1684,1,1761243035,1761245623
1172,2,1761244427,1761247333
3670,5,1761244685,1761248314
3282,4,1761244704,1761248205
4113,2,1761244872,1761248213
2733,5,1761245224,1761250865
2029,3,1761248190,1761251984
4753,4,1761249215,1761252593
2232,3,1761249426,1761253479
3836,2,1761250156,1761254643
2525,1,1761250716,1761252907
1602,5,1761251729,1761254853
2948,2,1761252210,1761254502
3385,2,1761252435,1761254728
2944,5,1761252988,1761257410
2706,5,1761253202,1761255192
3171,2,1761253673,1761257649
1071,3,1761253790,1761255875
3844,1,1761254300,1761256963
3166,4,1761254323,1761258264
2119,1,1761254683,1761259742
2114,5,1761254818,1761258073
3621,2,1761255740,1761258913
1823,4,1761255856,1761260750
4324,5,1761257922,1761263923
4871,2,1761258480,1761265401
4490,4,1761258828,1761265201
2102,3,1761260034,1761263392
3474,5,1761260464,1761266371
3218,2,1761262248,1761264283
4778,3,1761263516,1761269065
1308,2,1761263649,1761269857
3112,3,1761264587,1761269291
4752,1,1761265441,1761268096
4410,5,1761266159,1761271508
2710,3,1761266918,1761269573
1428,4,1761270157,1761275659
4224,3,1761270360,1761275084
1319,1,1761272184,1761275390
4074,4,1761272634,1761279744
2371,1,1761272848,1761277525
3591,3,1761273036,1761277526
2395,1,1761273514,1761277052
2706,1,1761273730,1761279145
2189,3,1761273921,1761280870
3792,3,1761274884,1761277326
3493,1,1761275002,1761279187
4752,2,1761276411,1761278486
4619,5,1761276526,1761281904
3832,3,1761277121,1761281430
3280,2,1761277213,1761282827
4917,5,1761279604,1761285611
3296,2,1761280123,1761282774
1237,1,1761281235,1761287609
4735,2,1761282472,1761286696
3470,4,1761282909,1761289211
4300,5,1761283175,1761289599
3519,3,1761284285,1761289917
4309,4,1761285726,1761289177
1545,5,1761289134,1761295613
2108,4,1761289333,1761294042
3100,5,1761290706,1761293736
1934,5,1761291136,1761293191
3721,3,1761292633,1761299615
3844,3,1761293493,1761298226
3466,3,1761294562,1761298610
1163,5,1761295143,1761302134
1773,1,1761295872,1761299636
4362,4,1761295890,1761299653
4710,5,1761296268,1761298486
1170,4,1761296960,1761303260
2389,3,1761297862,1761302560
3805,2,1761298163,1761305110
2944,4,1761299499,1761305982
2944,3,1761300587,1761305118
4521,1,1761301457,1761306394
1087,3,1761301920,1761304050
4462,1,1761302554,1761305890
4652,5,1761303225,1761306176
4509,2,1761305096,1761308359
4645,2,1761305731,1761309667
2495,1,1761306479,1761309377
2477,3,1761306833,1761309178
3208,4,1761307075,1761311232
4274,5,1761308295,1761314518
1815,2,1761308711,1761312631
2653,1,1761309199,1761316386
2694,4,1761309464,1761313019
2241,3,1761309845,1761313989
2452,3,1761311190,1761314089
1557,2,1761312552,1761314923
1094,5,1761312719,1761319902
4916,5,1761315475,1761319006
2975,5,1761315573,1761322667
2683,2,1761316211,1761320667
4253,2,1761317577,1761322328
4385,4,1761317928,1761321579
1563,4,1761319150,1761323967
1401,4,1761322293,1761329410
3599,3,1761323226,1761329744
3433,2,1761324257,1761326906
1805,5,1761324329,1761329728
4684,2,1761325168,1761331288
2050,1,1761325287,1761330745
1344,1,1761325428,1761331145
1805,4,1761326189,1761329111
4897,2,1761326826,1761329755
1700,3,1761328068,1761335137
3972,4,1761328202,1761334374
1350,5,1761328307,1761335465
2983,3,1761328604,1761330965
3079,4,1761328752,1761335710
1305,2,1761329928,1761336076
2114,4,1761330851,1761334338
1005,3,1761330881,1761335012
4842,4,1761331231,1761337648
3544,4,1761331546,1761337011
2157,1,1761331986,1761334942
2113,5,1761332086,1761335100
3919,3,1761332943,1761339847
4972,1,1761334060,1761340714
2706,2,1761334492,1761338091
4466,3,1761334833,1761336726
3588,5,1761335677,1761340697
1541,3,1761335732,1761340039
3602,5,1761335765,1761342916
2179,5,1761336106,1761338226
4006,3,1761336167,1761342403
1928,2,1761336906,1761343233
2808,1,1761336979,1761342316
3905,2,1761337224,1761340547
4718,4,1761338420,1761341559
1049,2,1761341526,1761343924
1431,3,1761342714,1761345388
4817,3,1761342908,1761344802
4768,4,1761343711,1761350567
3717,1,1761348113,1761352643
4304,3,1761348243,1761351610
4441,4,1761348719,1761354378
3097,1,1761348792,1761355365
3430,3,1761350434,1761354494
3106,1,1761351580,1761358533
1496,5,1761351858,1761357416
2126,4,1761352184,1761358457
2297,5,1761353195,1761355216
2158,1,1761353386,1761360454
3367,4,1761353563,1761360165
1121,4,1761354183,1761356209
4094,4,1761354451,1761357214
4916,2,1761354946,1761358930
4748,1,1761355031,1761359018
4202,4,1761356287,1761363229
2714,4,1761357844,1761361241
4124,3,1761358021,1761360361
4178,1,1761360653,1761366400
3983,3,1761364736,1761366867
4006,3,1761364992,1761368658
3996,4,1761366465,1761369930
4425,5,1761367040,1761369819
4081,3,1761367120,1761373167
2092,5,1761367742,1761371532
4410,3,1761368234,1761370235
2014,2,1761368328,1761375039
3938,3,1761369907,1761373192
2834,4,1761371058,1761375095
4394,2,1761371110,1761376258
4364,3,1761371239,1761378200
1036,3,1761371270,1761375609
1443,4,1761372359,1761374444
3023,3,1761372774,1761378040
3725,3,1761373471,1761377398
2093,4,1761375435,1761380620
1597,3,1761375931,1761380309
4697,2,1761381738,1761387561
2200,1,1761383248,1761389995
4951,1,1761383371,1761389691
4442,3,1761386874,1761391213
2986,2,1761387735,1761392803
1563,4,1761388266,1761393317
1087,2,1761389166,1761392432
4256,5,1761389220,1761391825
2114,3,1761390515,1761394905
1545,2,1761390521,1761395210
3554,5,1761390998,1761394276
4367,1,1761392176,1761396475
3635,3,1761392272,1761396449
1772,4,1761392870,1761398698
3834,4,1761394107,1761400051
4975,3,1761395503,1761400930
4895,2,1761395659,1761401124
2456,4,1761395771,1761401308
2109,2,1761395933,1761402238
4968,1,1761396125,1761403253
3283,5,1761396381,1761400785
1644,5,1761396820,1761402716
4836,3,1761399294,1761401271
1661,3,1761400485,1761403723
1878,2,1761400565,1761403749
1671,5,1761402443,1761407713
2126,3,1761402623,1761406281
2943,3,1761402639,1761405362
3716,3,1761403108,1761404939
3911,2,1761403508,1761410113
2986,5,1761403619,1761410413
1770,5,1761405410,1761410245
4009,1,1761405547,1761410379
1055,1,1761405888,1761412536
2711,4,1761406163,1761412500
1564,2,1761406565,1761413401
1752,1,1761406988,1761412817
4248,4,1761407107,1761409673
3780,2,1761407931,1761411555
1005,1,1761408497,1761412126
3403,1,1761408540,1761414306
4387,4,1761408601,1761410415
4856,2,1761410590,1761417552
4226,1,1761411567,1761418510
3571,5,1761411588,1761414537
3599,1,1761412080,1761419124
4066,1,1761413368,1761418022
1420,5,1761414659,1761418452
2341,4,1761415613,1761418400
3472,4,1761419904,1761422599
4274,3,1761420767,1761425362
3617,1,1761421370,1761428355
4818,3,1761422075,1761427681
2037,3,1761422307,1761424992
4748,3,1761422975,1761427553
3104,1,1761423253,1761425385
1382,1,1761423513,1761428187
4167,1,1761424409,1761430888
2693,2,1761424421,1761428886
4494,2,1761425529,1761431742
4701,2,1761426730,1761430410
1869,5,1761427381,1761434356
3400,2,1761428203,1761430536
2434,5,1761431708,1761437688
3301,4,1761432329,1761434774
2837,4,1761434361,1761436503
1575,1,1761434939,1761441197
2658,4,1761435046,1761437120
3845,2,1761435057,1761439129
3585,3,1761436418,1761439490
2689,5,1761436744,1761439434
4280,4,1761437631,1761444134
3563,1,1761440278,1761446591
1649,3,1761441536,1761446033
1654,3,1761442197,1761447712
1325,4,1761442486,1761445103
4009,2,1761444045,1761449727
2704,3,1761444258,1761450178
3472,5,1761444590,1761448525
4211,4,1761444769,1761447126
2834,2,1761445241,1761447493
2859,4,1761447410,1761451244
4856,3,1761447871,1761451169
4895,4,1761448515,1761452885
4846,2,1761449140,1761455846
2428,2,1761449173,1761453125
1102,1,1761450154,1761454206
2269,2,1761450895,1761454701
2157,1,1761452120,1761457576
1513,1,1761452301,1761458741
1768,3,1761452409,1761455969
1577,5,1761452487,1761456960
4416,4,1761452569,1761458063
2943,1,1761453068,1761456488
1067,4,1761453364,1761455872
1582,1,1761453900,1761458119
4387,4,1761454821,1761459455
2654,1,1761454930,1761459659
2089,1,1761455232,1761460237
3230,2,1761455631,1761461557
1672,3,1761456547,1761459298
2793,2,1761456682,1761461215
2494,4,1761457673,1761464487
3186,1,1761458255,1761461886
3236,3,1761459148,1761461202
1013,5,1761459742,1761466876
1933,2,1761460304,1761462932
2859,1,1761460376,1761466489
2473,2,1761460531,1761467445
3194,2,1761460579,1761465353
2232,4,1761461192,1761465222
2131,4,1761461239,1761465608
4617,1,1761461688,1761466353
2109,3,1761462317,1761464692
3829,3,1761462627,1761464486
3805,1,1761463686,1761467405
3660,3,1761464357,1761471071
1170,1,1761464684,1761470455
1428,5,1761465205,1761468971
3542,2,1761465986,1761472364
1855,2,1761466090,1761468845
2454,2,1761466218,1761468300
3404,1,1761466967,1761468975
4673,4,1761467187,1761470241
4869,1,1761467220,1761470438
3254,5,1761467916,1761472919
2576,1,1761468076,1761473031
1508,2,1761468408,1761474885
1459,3,1761468721,1761471051
3938,2,1761468799,1761474480
2944,2,1761469833,1761475200
4773,1,1761470135,1761473296
4758,1,1761470380,1761472952
2949,4,1761471014,1761474731
1145,5,1761471172,1761474802
3149,4,1761472337,1761474595
3194,5,1761473898,1761476280
4518,1,1761474409,1761478077
3150,1,1761474442,1761479447
2706,3,1761475549,1761481466
4099,5,1761476075,1761480923
1074,4,1761476499,1761479198
4240,1,1761476780,1761481970
4009,3,1761477786,1761480735
2863,3,1761478402,1761483606
4517,5,1761478478,1761480691
2047,3,1761478621,1761481391
2628,5,1761478698,1761483755
3004,5,1761478765,1761484439
1212,3,1761479079,1761485041
3168,2,1761479504,1761481726
3472,3,1761480428,1761483237
4202,3,1761481108,1761485863
1178,1,1761481401,1761483266
2903,5,1761481470,1761486259
3410,4,1761481652,1761488802
2285,4,1761482590,1761488886
2327,4,1761483636,1761489766
3094,2,1761487252,1761490826
3218,1,1761487904,1761492297
3416,2,1761488450,1761492834
1554,3,1761488803,1761491169
1388,4,1761489156,1761492720
3848,3,1761489521,1761493914
3582,3,1761489728,1761493832
1803,2,1761490996,1761495052
3845,1,1761491603,1761495293
2995,3,1761493052,1761495620
4267,5,1761494173,1761500050
2303,1,1761494349,1761500764
4896,2,1761496116,1761499740
2336,3,1761497135,1761501353
1130,2,1761498152,1761504524
1633,5,1761498387,1761501413
1308,2,1761499420,1761504885
3941,1,1761500774,1761504118
4631,5,1761501134,1761505557
2562,4,1761501313,1761504766
2157,3,1761501354,1761507924
2497,4,1761503131,1761508808
4749,3,1761503372,1761506891
3169,2,1761503492,1761505669
2148,1,1761503638,1761506351
4595,4,1761503726,1761508854
1464,3,1761504046,1761507867
3328,3,1761504495,1761506540
2985,2,1761505238,1761507838
4283,4,1761505830,1761512924
2487,5,1761505993,1761509340
2749,3,1761506354,1761508723
1222,1,1761506741,1761509152
2422,2,1761506812,1761511106
3005,3,1761507559,1761513781
2529,2,1761508026,1761512363
1734,4,1761508984,1761513167
3910,5,1761509399,1761513921
2494,2,1761510023,1761515873
1661,4,1761511150,1761517706
4871,5,1761512435,1761518643
4144,1,1761513111,1761518018
3708,2,1761514435,1761518704
2853,3,1761515373,1761517379
3176,2,1761515609,1761517457
4967,4,1761516623,1761521097
1249,3,1761517639,1761524426
2706,5,1761518184,1761525062
3450,3,1761518560,1761522073
4495,4,1761520428,1761524843
2562,5,1761521086,1761526076
2948,1,1761522335,1761525449
3307,3,1761523026,1761526353
3805,1,1761523101,1761528737
2341,2,1761524345,1761528971
3684,2,1761526275,1761532416
2320,1,1761527310,1761531140
4491,5,1761527563,1761533867
3025,2,1761527627,1761532325
1202,4,1761527647,1761530289
3805,4,1761528140,1761531859
1707,1,1761528854,1761531061
3275,4,1761531525,1761534908
3112,5,1761532273,1761534450
4680,2,1761533250,1761536786
4142,3,1761534112,1761541240
3472,2,1761534349,1761540859
3919,2,1761535086,1761540650
2402,2,1761535181,1761538003
1070,3,1761535429,1761541249
4163,1,1761535573,1761540950
4967,4,1761536020,1761542028
4577,1,1761536202,1761539893
4599,5,1761538106,1761543826
1548,2,1761538479,1761543959
4560,5,1761538635,1761540979
3112,1,1761539149,1761542413
2983,1,1761539239,1761542278
3094,4,1761539330,1761545563
1055,3,1761540962,1761543438
4451,5,1761541132,1761548027
1385,2,1761541991,1761547727
2837,2,1761542402,1761544210
3375,1,1761542931,1761545470
1316,3,1761543047,1761547199
1949,2,1761543748,1761547113
4481,5,1761544834,1761548223
1707,5,1761545511,1761548845
1513,3,1761547497,1761549937
3805,3,1761547695,1761553074
1338,5,1761547917,1761553234
1548,3,1761548109,1761552126
2136,5,1761548892,1761553511
2804,4,1761548917,1761553363
4124,3,1761550568,1761553290
3333,1,1761552304,1761554679
3917,4,1761552734,1761558232
3568,3,1761552773,1761558953
2041,2,1761553202,1761555925
3282,4,1761553345,1761556732
1874,3,1761553723,1761556891
4418,4,1761553781,1761557334
4006,1,1761554518,1761558601
4696,4,1761554520,1761560504
3275,4,1761556164,1761559846
2637,5,1761556527,1761562289
4609,5,1761557889,1761560040
4533,5,1761558101,1761561575
1798,5,1761558299,1761562636
2986,5,1761558629,1761564717
1823,3,1761558709,1761563535
1066,3,1761559235,1761562443
4736,4,1761561022,1761567518
4723,2,1761561471,1761563930
3433,2,1761561758,1761568674
1019,3,1761562298,1761568233
3094,4,1761563931,1761567309
1766,5,1761564185,1761569967
1595,4,1761564231,1761570735
1339,3,1761565299,1761567367
4302,5,1761565845,1761570992
2359,5,1761566868,1761572329
4506,1,1761567768,1761570860
3968,5,1761567899,1761573752
1600,4,1761568814,1761575842
4407,5,1761570269,1761573746
4244,1,1761570315,1761576610
4621,4,1761570459,1761573705
3953,4,1761571350,1761578269
1914,5,1761572728,1761579478
2858,3,1761573763,1761575968
1805,5,1761574474,1761581123
4666,4,1761574704,1761578126
3400,1,1761576795,1761581414
4710,4,1761577590,1761584650
4035,2,1761578623,1761581114
2114,2,1761579195,1761582899
2877,5,1761579320,1761583062
2463,5,1761579749,1761586033
4064,2,1761581422,1761586757
1086,4,1761581466,1761584732
2412,4,1761581797,1761587657
4956,1,1761582390,1761586993
1248,1,1761583243,1761586252
3005,3,1761583674,1761589611
4647,2,1761585024,1761589931
3097,1,1761585253,1761592022
2875,1,1761585957,1761588777
2247,3,1761586050,1761592919
1147,4,1761586741,1761589444
1074,2,1761586827,1761589681
1869,4,1761587126,1761591967
4135,1,1761587584,1761592131
1663,4,1761588183,1761593409
3554,1,1761588958,1761595700
2671,2,1761589448,1761591744
2102,3,1761589833,1761596800
4491,5,1761590323,1761593133
4811,1,1761590636,1761597383
3230,2,1761592227,1761595178
3001,5,1761592751,1761599000
2224,2,1761593512,1761596048
4232,5,1761594003,1761598231
3089,5,1761596958,1761603577
4562,3,1761597036,1761602088
3024,4,1761597271,1761601001
4009,1,1761598089,1761602572
4711,5,1761598718,1761604818
1220,3,1761599340,1761605633
2285,1,1761599556,1761603496
1502,3,1761601117,1761605989
3280,1,1761601695,1761607664
4932,5,1761602467,1761605267
4394,3,1761604211,1761607468
3117,2,1761604350,1761606336
4451,4,1761604913,1761611735
3275,5,1761605092,1761607537
3641,1,1761605395,1761608056
4201,5,1761607462,1761610376
4739,1,1761607800,1761610174
3193,5,1761608080,1761613303
4639,2,1761609703,1761615802
3877,4,1761610436,1761612630
3717,4,1761610599,1761614661
1154,5,1761611403,1761615367
3408,3,1761612559,1761617723
4118,5,1761612835,1761616185
3406,5,1761613249,1761618445
1100,1,1761613465,1761620458
4639,3,1761613696,1761617860
1176,4,1761614348,1761621393
2878,2,1761615276,1761619512
3094,4,1761615487,1761619292
2654,2,1761615999,1761621855
2502,5,1761616707,1761620041
4814,3,1761617649,1761621687
1577,3,1761618024,1761625017
2019,5,1761618591,1761624939
3694,2,1761619740,1761622498
4491,1,1761620022,1761623366
2214,5,1761620260,1761623166
3206,4,1761620573,1761626327
4036,1,1761621949,1761626582
2307,1,1761622499,1761625413
4752,2,1761623140,1761629086
1406,5,1761623630,1761625600
2498,4,1761624666,1761628589
1727,3,1761624946,1761628494
3710,3,1761624998,1761630934
2093,1,1761627278,1761631843
1184,1,1761628659,1761633479
3793,2,1761628770,1761633222
1557,1,1761628979,1761634687
4675,1,1761629070,1761631294
4070,5,1761629260,1761632253
3253,3,1761630376,1761633244
4774,1,1761632015,1761634679
3040,3,1761632057,1761637592
1513,2,1761632298,1761636821
1956,5,1761633184,1761636083
1312,5,1761633487,1761639389
4242,4,1761635036,1761641203
3306,2,1761635649,1761640116
1091,2,1761635955,1761638809
2838,5,1761636910,1761642015
1600,3,1761637400,1761642309
4834,3,1761637401,1761644170
3674,5,1761637955,1761644923
1591,4,1761638006,1761641667
2715,1,1761638442,1761644344
4400,3,1761640138,1761643836
1421,4,1761640217,1761643345
4562,2,1761640768,1761644376
1495,5,1761641200,1761644557
2811,2,1761642083,1761645041
4445,2,1761643051,1761647175
3936,2,1761643430,1761647602
2170,2,1761643699,1761647355
3969,2,1761643904,1761647721
3749,4,1761644558,1761650884
3905,2,1761644836,1761650653
4661,2,1761645023,1761649526
3244,2,1761645060,1761650280
4003,4,1761645611,1761647667
1705,3,1761646822,1761650954
1684,3,1761647436,1761654169
3246,2,1761648543,1761650636
1999,5,1761648719,1761651770
3282,3,1761649519,1761652755
2300,1,1761650309,1761654405
2359,2,1761651616,1761656196
3506,1,1761652098,1761654497
4637,3,1761652898,1761658663
3385,4,1761654668,1761657928
1809,5,1761655272,1761660667
2752,1,1761655482,1761660301
2356,1,1761656307,1761660274
2591,3,1761656319,1761659225
4211,5,1761656923,1761660185
2997,3,1761659160,1761665200
2521,5,1761659606,1761662778
1307,4,1761660264,1761666382
1644,1,1761661218,1761666907
4326,3,1761661842,1761666341
2757,5,1761662386,1761669265
3805,3,1761663534,1761667406
2110,3,1761663586,1761667648
1949,2,1761664700,1761671076
4099,5,1761665605,1761668169
3824,3,1761666166,1761672556
1524,5,1761666313,1761672899
4068,4,1761666902,1761671913
2628,5,1761667455,1761673033
4342,5,1761669588,1761676149
3080,5,1761669923,1761673217
4684,3,1761670106,1761673492
3546,3,1761670435,1761675850
1714,3,1761670907,1761674103
3716,4,1761673191,1761679857
1358,3,1761673455,1761678763
2669,2,1761675414,1761680512
3730,2,1761675773,1761678628
3322,1,1761676490,1761683457
4256,4,1761678002,1761680717
3894,1,1761678994,1761681425
1933,3,1761680301,1761683672
1145,3,1761681181,1761688374
2986,4,1761681619,1761684031
4094,4,1761683846,1761685998
2986,4,1761684148,1761690721
2116,2,1761684234,1761689228
2969,5,1761684809,1761687033
3542,3,1761685622,1761689073
4571,3,1761685624,1761691486
1738,2,1761685722,1761691707
4400,4,1761686842,1761688689
1770,2,1761687394,1761693961
4749,2,1761687492,1761690566
2825,4,1761690207,1761694200
3710,4,1761691723,1761697272
1707,1,1761692596,1761698311
3141,2,1761693029,1761696256
4244,1,1761693773,1761697100
4582,5,1761693877,1761695827
2379,5,1761696245,1761702956
3573,5,1761696538,1761701712
2380,3,1761696573,1761698527
1122,5,1761696898,1761699709
2114,3,1761698166,1761700438
3329,5,1761698537,1761705377
4394,4,1761698559,1761703733
2384,1,1761699263,1761703345
4604,2,1761700103,1761704268
1535,4,1761700771,1761707830
4562,4,1761703054,1761707833
4494,4,1761703058,1761705165
1145,2,1761703689,1761706400
3205,1,1761703718,1761707517
2050,3,1761704464,1761711277
4818,4,1761706950,1761711444
2811,5,1761707834,1761709888
4124,2,1761707925,1761710730
3905,2,1761708338,1761713479
1103,5,1761710275,1761717078
4161,4,1761712808,1761715492
3934,3,1761714002,1761718897
3702,1,1761714371,1761716833
2214,5,1761714794,1761720606
4916,2,1761714936,1761721367
3607,3,1761717024,1761723472
2733,4,1761718157,1761722460
3005,3,1761721762,1761727715
4260,4,1761721979,1761725839
2439,5,1761722626,1761728637
4312,1,1761725240,1761728556
4001,3,1761725578,1761728372
1654,2,1761725868,1761730360
1809,4,1761726033,1761729171
3682,2,1761726712,1761731884
2837,1,1761726773,1761731896
4856,4,1761726867,1761733798
2189,3,1761727340,1761731697
4042,5,1761727772,1761729858
2975,2,1761727886,1761733759
3822,5,1761728745,1761732474
4652,1,1761729551,1761735408
4554,2,1761729749,1761736650
3750,5,1761729896,1761733826
3230,2,1761730580,1761735859
3329,3,1761730955,1761734822
3091,2,1761731565,1761733651
2551,1,1761731643,1761736478
2980,5,1761732059,1761734306
3963,4,1761732255,1761738020
2983,2,1761735117,1761739222
2401,2,1761736135,1761738413
1845,3,1761736348,1761739102
3414,2,1761736381,1761738507
2214,1,1761736468,1761739748
1074,4,1761738188,1761743404
3526,3,1761739241,1761741075
4683,3,1761739375,1761746011
1150,3,1761739481,1761742967
1548,5,1761739532,1761742760
4274,1,1761740095,1761744326
1431,1,1761740358,1761745325
4973,5,1761740530,1761746649
2439,1,1761740728,1761746118
1738,3,1761741487,1761743419
2356,1,1761742181,1761749076
2269,4,1761742459,1761747712
1647,4,1761742598,1761748269
3819,5,1761742616,1761744462
1513,5,1761743689,1761750711
4691,4,1761744023,1761750691
4770,3,1761745506,1761749001
2392,2,1761747226,1761749262
3585,2,1761747644,1761753420
2265,2,1761748154,1761750237
4422,1,1761748776,1761754598
1166,4,1761749429,1761753195
1214,5,1761749450,1761753687
3859,4,1761749879,1761752107
4432,2,1761750308,1761757233
4710,3,1761750668,1761755323
2228,5,1761751183,1761757040
4754,2,1761752403,1761757760
3750,3,1761752699,1761755094
3575,3,1761752852,1761758993
2846,4,1761753083,1761760168
2480,1,1761754166,1761758199
2854,4,1761754414,1761758013
2191,3,1761754887,1761762023
4911,3,1761754945,1761760329
2944,4,1761755482,1761759353
3873,3,1761756282,1761759736
3904,3,1761756934,1761760614
4211,1,1761757864,1761764322
4520,3,1761758474,1761764943
2371,4,1761758527,1761762041
1496,2,1761761122,1761765396
2834,5,1761761167,1761767402
1307,5,1761761518,1761766108
3196,3,1761762761,1761765968
4462,4,1761762768,1761765987
2007,3,1761764102,1761770504
2486,2,1761764307,1761767258
4791,1,1761764400,1761767593
4124,2,1761764427,1761768633
2848,5,1761766696,1761770722
2269,2,1761766746,1761770874
3928,2,1761768217,1761773836
4956,5,1761768436,1761771481
4667,4,1761768782,1761771019
4264,3,1761769637,1761773291
1101,2,1761769912,1761772259
1707,2,1761770204,1761772769
2434,5,1761774098,1761779135
3071,1,1761774442,1761776394
3772,4,1761774931,1761776877
2249,5,1761774946,1761777377
4256,2,1761775240,1761779030
1607,2,1761775651,1761777621
3821,2,1761777620,1761784794
4718,1,1761778776,1761784473
3129,1,1761779795,1761783496
4104,1,1761780050,1761786776
2041,2,1761780213,1761785987
3608,1,1761780235,1761783007
3097,3,1761780597,1761784537
3925,4,1761781327,1761786598
2907,2,1761781703,1761788592
2898,3,1761782039,1761786081
3148,1,1761782131,1761786654
4106,5,1761782717,1761787901
2889,3,1761783225,1761786048
1714,4,1761783310,1761788842
2733,1,1761783419,1761786891
3549,4,1761783609,1761786850
1880,1,1761785793,1761792115
2167,3,1761786528,1761789327
2836,5,1761787362,1761789868
4280,4,1761787504,1761789428
1845,4,1761788319,1761790590
1896,2,1761790513,1761794287
3608,4,1761790989,1761793711
2891,2,1761793636,1761799854
4335,1,1761793857,1761797637
4410,1,1761795537,1761798732
4749,2,1761795852,1761802079
4932,5,1761796923,1761801248
2170,4,1761798502,1761802352
3694,2,1761798589,1761802331
1005,5,1761801564,1761805243
3094,1,1761804572,1761808273
2441,3,1761806811,1761813800
1873,3,1761806830,1761808827
4587,4,1761807084,1761810698
4006,4,1761808479,1761812335
2683,5,1761810226,1761813783
1466,1,1761810510,1761813257
4617,5,1761811150,1761817539
4577,5,1761811386,1761815187
4681,4,1761812240,1761817702
2685,2,1761812991,1761817643
3318,5,1761814559,1761818737
4478,1,1761814781,1761817509
4363,2,1761816850,1761819538
4953,5,1761820223,1761827307
3717,2,1761820608,1761827510
3816,1,1761821795,1761828673
1939,1,1761823069,1761829449
2902,3,1761823643,1761827810
2877,1,1761824019,1761828572
3472,3,1761825255,1761831568
1846,4,1761826138,1761830456
2155,2,1761827493,1761830461
3686,2,1761829549,1761833778
1772,2,1761830335,1761836176
1566,1,1761830591,1761833300
1058,5,1761830880,1761835863
1668,5,1761830924,1761835629
3548,2,1761830997,1761835427
4009,2,1761831348,1761837563
3832,3,1761832371,1761838965
3728,2,1761832658,1761837243
2834,1,1761833277,1761835863
2551,5,1761833572,1761840247
3089,2,1761834897,1761838030
1548,5,1761834972,1761840830
1147,3,1761835637,1761837969
3040,1,1761835723,1761842758
1019,3,1761836620,1761841117
2494,1,1761837046,1761842332
1306,3,1761837594,1761841197
1208,3,1761838018,1761841339
1703,4,1761838616,1761841333
1887,1,1761838871,1761843360
1845,4,1761841052,1761847275
4697,1,1761841187,1761844237
2511,5,1761842390,1761845055
2217,1,1761842509,1761847540
3005,5,1761842805,1761845744
4455,4,1761842937,1761846030
2986,1,1761843901,1761848960
4991,4,1761844080,1761847325
3795,5,1761844337,1761847263
4062,2,1761844490,1761849034
2429,5,1761845818,1761848281
1513,4,1761845830,1761849894
2379,2,1761846117,1761849241
2131,2,1761846206,1761848880
4895,2,1761846406,1761849542
4490,4,1761847649,1761853054
2848,3,1761847847,1761853429
3542,1,1761850803,1761855752
1493,1,1761850890,1761856540
4792,3,1761851253,1761853342
2848,1,1761852504,1761856442
2955,3,1761852700,1761856721
3040,2,1761853593,1761856574
3713,4,1761854100,1761860540
4667,5,1761855546,1761862165
2985,1,1761855996,1761859647
1086,3,1761856130,1761858426
4775,4,1761856874,1761859114
3053,5,1761857131,1761862052
1347,5,1761857934,1761860210
4367,1,1761858707,1761863273
2986,1,1761860025,1761862592
3117,3,1761860171,1761863099
2326,1,1761860307,1761866501
4294,4,1761860352,1761862832
3112,3,1761861767,1761865879
4639,4,1761862473,1761867307
1303,2,1761862556,1761867873
4478,3,1761863856,1761868305
1094,5,1761864031,1761868154
1641,1,1761864379,1761870719
1915,5,1761866315,1761872142
2485,4,1761866633,1761871843
2519,2,1761867459,1761873460
4285,4,1761867616,1761871636
4493,3,1761867853,1761872390
2497,4,1761868475,1761875361
4323,2,1761868846,1761870958
3519,3,1761869820,1761873199
3603,1,1761870806,1761872644
2526,5,1761870973,1761876456
3953,3,1761871246,1761874069
1338,1,1761871789,1761875628
1513,4,1761872581,1761875879
4061,4,1761872681,1761877388
1845,1,1761873685,1761877533
1201,3,1761873911,1761880249
1328,2,1761874550,1761878657
4761,4,1761874739,1761880976
2308,3,1761875885,1761880248
4758,5,1761876082,1761881504
1311,1,1761876232,1761882854
4723,3,1761876275,1761882439
2073,2,1761879353,1761883601
4493,4,1761879904,1761885540
2654,2,1761881580,1761886254
1252,3,1761881865,1761884967
4292,4,1761881973,1761885051
4191,2,1761882976,1761889164
2504,2,1761883453,1761890515
1925,1,1761884265,1761887292
3005,2,1761884561,1761890955
3972,3,1761884787,1761887769
3077,2,1761884882,1761887204
2167,1,1761885817,1761892030
4586,1,1761885915,1761890612
4244,2,1761887374,1761894412
3792,5,1761887773,1761892659
1136,4,1761888013,1761894281
4609,3,1761888120,1761890046
1071,1,1761889517,1761893327
3760,5,1761892492,1761897461
3282,2,1761893399,1761897867
2952,1,1761893403,1761897656
3749,4,1761893613,1761900301
4932,5,1761893797,1761898694
3090,2,1761894526,1761901498
1349,5,1761894827,1761901663
2434,4,1761895345,1761898337
2774,3,1761896747,1761901496
4630,4,1761897236,1761901997
1213,5,1761897440,1761899945
3237,2,1761898177,1761901745
1707,3,1761899781,1761904186
2148,1,1761901573,1761906683
4838,2,1761901994,1761908210
3805,3,1761902799,1761907606
1462,1,1761903339,1761905233
2205,1,1761903626,1761906262
4373,4,1761904243,1761908316
3519,5,1761904892,1761908986
2251,5,1761905212,1761911298
1553,2,1761905382,1761911437
3737,3,1761905761,1761908445
1306,5,1761906199,1761911054
3151,1,1761906782,1761913835
4332,3,1761906887,1761912356
2241,1,1761907689,1761911340
4956,5,1761908483,1761910500
1899,3,1761908913,1761915477
2200,4,1761909693,1761916753
3842,4,1761911026,1761918052
1638,5,1761911693,1761918047
4215,3,1761912382,1761914456
2609,1,1761914427,1761919805
2826,3,1761915169,1761919365
4406,5,1761916434,1761918338
2690,1,1761916574,1761920434
4309,2,1761916840,1761918911
2944,5,1761917516,1761921780
2066,2,1761918304,1761921332
4560,1,1761918692,1761922880
3940,4,1761919186,1761921651
2480,3,1761920499,1761925151
1365,5,1761920872,1761923083
2070,5,1761921397,1761927315
3003,2,1761922029,1761927630
4987,4,1761923634,1761929366
3715,4,1761924739,1761930970
2434,4,1761924787,1761926776
1880,1,1761924957,1761931685
4446,4,1761925314,1761932476
2551,2,1761925357,1761928490
3624,4,1761926594,1761933326
1406,4,1761927600,1761930917
3506,3,1761928149,1761931848
3923,4,1761929170,1761931692
2153,3,1761931202,1761933229
1462,1,1761931498,1761937693
3660,5,1761932042,1761934514
3707,2,1761932374,1761938361
1847,1,1761933421,1761936143
2997,2,1761933716,1761940837
1644,3,1761934004,1761937669
4335,4,1761935840,1761941889
3462,3,1761935983,1761939636
4308,3,1761936222,1761939218
1700,5,1761938966,1761943745
2983,3,1761939301,1761943270
3081,5,1761939742,1761945451
1460,4,1761940050,1761946625
1390,2,1761940598,1761945386
2073,3,1761941081,1761946072
3085,3,1761941136,1761943831
4774,3,1761941583,1761946015
2384,1,1761941639,1761946898
1939,1,1761943751,1761949086
4704,2,1761944583,1761946788
2983,4,1761945071,1761948160
3557,5,1761946667,1761948662
4256,1,1761946738,1761951086
2116,1,1761946744,1761949133
2934,2,1761947123,1761949185
2676,2,1761947450,1761950502
1134,4,1761947548,1761953698
3175,2,1761948463,1761954060
2402,4,1761949139,1761951561
4603,1,1761949473,1761956643
2148,4,1761949871,1761955705
1710,3,1761952563,1761958571
2531,3,1761952652,1761957806
1684,5,1761953528,1761956454
1463,3,1761953737,1761958261
2854,5,1761954927,1761958433
3213,3,1761955303,1761962275
4509,2,1761955553,1761959237
4970,1,1761956051,1761958215
1621,4,1761957759,1761960508
2336,1,1761957791,1761960343
4503,3,1761958355,1761963168
3910,1,1761958973,1761961421
2943,3,1761960170,1761964184
2478,2,1761960458,1761965688
1677,4,1761961110,1761964359
1607,2,1761961475,1761965732
3472,2,1761962377,1761968090
3817,3,1761962486,1761968501
2131,4,1761962844,1761968650
4956,3,1761964057,1761968719
4085,2,1761964448,1761967898
2913,2,1761965175,1761970069
3580,5,1761965301,1761970350
3003,2,1761965616,1761972369
1800,1,1761967500,1761972770
2874,2,1761968046,1761972976
2523,4,1761968992,1761976120
1360,1,1761969158,1761975126
4400,5,1761970845,1761975370
4750,4,1761971570,1761976442
2249,1,1761971602,1761978004
1670,1,1761971662,1761976286
3112,2,1761973518,1761977128
3218,2,1761974463,1761979915
4309,1,1761975542,1761982577
2669,4,1761976191,1761978430
3350,1,1761976328,1761982709
3742,5,1761976333,1761978978
4950,1,1761977082,1761979820
4335,5,1761977242,1761981136
1766,5,1761977455,1761982914
3805,2,1761977814,1761982510
3282,2,1761978426,1761980289
4211,1,1761978488,1761983625
1055,1,1761979241,1761986294
4240,4,1761979557,1761985323
4280,3,1761979617,1761985627
4051,2,1761979981,1761982996
1549,4,1761982268,1761987989
4750,3,1761984061,1761985953
3803,4,1761984087,1761990274
3292,2,1761984165,1761987589
2917,1,1761985095,1761991592
4394,2,1761988772,1761994303
4249,4,1761989991,1761993167
3008,1,1761990888,1761997226
2116,5,1761991136,1761994288
3253,4,1761992762,1761998288
4968,2,1761992978,1761998175
3817,1,1761994030,1761996325
1595,3,1761994503,1761999210
4562,3,1761994829,1762001403
1803,1,1761995817,1762002742
2659,3,1761996117,1761999500
3282,5,1761996887,1762001762
4582,2,1761997756,1762004341
3682,5,1762000231,1762006754
3366,3,1762001322,1762006505
2401,1,1762001674,1762007838
3938,5,1762003582,1762008256
2985,5,1762004125,1762006773
4749,1,1762004264,1762006217
1591,2,1762004474,1762011355
3490,5,1762005501,1762009517
1973,5,1762006420,1762010374
4317,4,1762006987,1762011542
2494,5,1762007053,1762013561
4932,5,1762007993,1762011684
4577,2,1762008311,1762014501
1939,5,1762011014,1762014071
1768,4,1762011648,1762015308
3094,4,1762012232,1762015602
3163,1,1762012930,1762017260
1851,3,1762013540,1762016035
3230,4,1762013638,1762016716
3520,5,1762014938,1762017924
4493,3,1762016437,1762019494
3450,5,1762017076,1762020434
3148,5,1762017124,1762021547
1610,4,1762017126,1762019680
1103,4,1762018615,1762023069
1356,4,1762018889,1762025184
1223,3,1762019160,1762023519
3599,1,1762019645,1762021481
1248,2,1762021052,1762024809
3462,3,1762021109,1762025927
1633,4,1762021655,1762023611
4920,5,1762021725,1762025482
4780,3,1762022023,1762026041
3607,5,1762022070,1762027067
1548,5,1762022300,1762028102
3476,1,1762023424,1762028349
2986,3,1762023815,1762028239
1195,2,1762025950,1762029798
3318,1,1762026208,1762031675
4009,4,1762026888,1762033014
4211,3,1762027172,1762031283
2303,4,1762028600,1762032127
2494,3,1762031278,1762033140
2654,4,1762031469,1762037163
3072,2,1762031479,1762037253
3899,3,1762031746,1762037998
4394,2,1762032203,1762036366
4739,1,1762032651,1762035031
1284,3,1762033474,1762037189
4576,5,1762035192,1762039003
3079,1,1762035221,1762041761
2811,5,1762035887,1762040707
1284,1,1762036972,1762040762
2058,3,1762037901,1762042269
4864,3,1762038235,1762041085
3630,5,1762039168,1762044221
2114,2,1762040656,1762047513
4225,1,1762042144,1762048758
1805,5,1762042166,1762045184
4493,3,1762042475,1762049095
2332,1,1762042511,1762045517
1112,1,1762043053,1762047297
1854,1,1762043234,1762049201
2749,1,1762043744,1762045736
4329,3,1762043883,1762047038
2983,5,1762044131,1762051156
4400,5,1762044510,1762049361
1091,2,1762045573,1762052582
1991,1,1762046337,1762048731
2955,1,1762046495,1762053373
4073,2,1762046603,1762052592
4471,4,1762046690,1762049702
3679,3,1762047754,1762053192
3433,4,1762049266,1762054256
3535,1,1762049295,1762051806
3580,3,1762049346,1762054419
2935,5,1762050876,1762053874
3318,5,1762051310,1762055432
1924,4,1762051452,1762057622
4429,2,1762052919,1762057851
3804,4,1762055307,1762057239
2453,4,1762055519,1762060182
2339,4,1762056538,1762059590
2826,3,1762056659,1762063699
4310,4,1762057014,1762063618
4904,4,1762058408,1762064430
2256,5,1762058421,1762065555
3963,1,1762058861,1762062729
2438,5,1762059718,1762061550
3250,1,1762059829,1762066706
2589,2,1762059980,1762063910
1184,2,1762060285,1762066585
1384,5,1762061821,1762065203
3214,5,1762061870,1762066342
1820,2,1762062060,1762068014
4410,3,1762062729,1762067561
2869,1,1762063178,1762067386
4009,5,1762063286,1762069239
3400,4,1762064254,1762069486
2300,2,1762064552,1762069367
3526,4,1762065708,1762071545
1644,5,1762066152,1762072964
2994,3,1762066954,1762072265
2439,2,1762068010,1762074304
4068,2,1762068051,1762071364
1390,3,1762068742,1762072037
3248,1,1762069205,1762072662
1581,2,1762070496,1762073233
2836,2,1762070916,1762076564
2012,3,1762072554,1762079080
4228,3,1762073257,1762080418
3817,3,1762073281,1762075768
2170,2,1762073325,1762078952
1464,5,1762073405,1762075716
3514,3,1762074666,1762081008
1145,2,1762075764,1762078537
2030,4,1762077422,1762081034
2506,2,1762077935,1762079750
4280,2,1762078156,1762083662
4576,1,1762079284,1762082512
1308,4,1762079769,1762086566
4329,5,1762079964,1762083694
2067,4,1762081343,1762084759
2989,1,1762083082,1762088778
3822,5,1762083271,1762086706
4577,3,1762083409,1762089878
3897,4,1762083501,1762089406
1772,4,1762084430,1762090857
2200,3,1762084458,1762089587
3375,5,1762085570,1762088262
1896,4,1762086173,1762090413
1654,2,1762086794,1762088959
1232,5,1762088608,1762091237
1654,4,1762089064,1762090998
4693,2,1762089891,1762092468
2190,4,1762090113,1762093506
1058,1,1762090370,1762094296
2745,3,1762090378,1762092752
2858,1,1762090512,1762096138
3220,1,1762092004,1762097217
3743,5,1762094383,1762099227
3301,2,1762095410,1762102503
3625,5,1762096254,1762098757
1580,5,1762096313,1762100245
2944,5,1762096703,1762102820
4897,1,1762097213,1762099644
1091,2,1762098095,1762101983
1901,2,1762099643,1762104093
2564,2,1762099651,1762106026
1840,5,1762099786,1762104087
3599,4,1762100970,1762105374
3677,1,1762101277,1762107583
3230,4,1762101638,1762103891
1179,2,1762101788,1762105079
1691,4,1762102756,1762104911
2773,3,1762103242,1762107587
2983,5,1762104703,1762108312
3452,3,1762105602,1762108033
4473,5,1762105876,1762107844
2688,4,1762106122,1762109675
1714,2,1762107346,1762113370
1147,5,1762107602,1762109448
1310,4,1762107992,1762110211
1557,3,1762108154,1762114570
4557,1,1762108663,1762112819
1663,3,1762110253,1762113544
4884,3,1762110565,1762116174
3446,3,1762111665,1762114332
4400,5,1762112385,1762116673
2189,2,1762112654,1762117683
3334,3,1762112812,1762115409
3681,3,1762114040,1762116475
1439,3,1762114627,1762120998
1950,2,1762115020,1762120332
3090,2,1762115286,1762118793
2321,5,1762117309,1762124424
3582,2,1762118203,1762123744
1600,2,1762118880,1762121752
2148,1,1762119011,1762124554
2654,3,1762120515,1762127455
1903,5,1762122754,1762128308
4774,5,1762123245,1762126135
4576,3,1762123653,1762126307
1407,1,1762124033,1762130749
4711,3,1762126424,1762133202
4151,4,1762126755,1762128571
1439,5,1762126819,1762129185
1385,3,1762128749,1762133160
3506,3,1762129118,1762133140
4749,1,1762129230,1762131058
1015,1,1762131265,1762136844
1771,2,1762131425,1762136741
1621,4,1762131594,1762135738
1391,4,1762131614,1762135529
3442,5,1762132828,1762135279
1295,3,1762133281,1762137884
2047,3,1762134529,1762140894
1700,5,1762136420,1762142279
4952,4,1762136471,1762142970
1600,2,1762136905,1762138814
1548,4,1762138099,1762140570
2657,1,1762138368,1762140663
4916,4,1762138891,1762142860
4466,1,1762139622,1762143561
1819,3,1762139678,1762145432
3984,4,1762142823,1762145809
3899,2,1762143393,1762145455
3801,3,1762143400,1762150296
1561,3,1762144874,1762149121
2773,1,1762145103,1762150702
2681,3,1762145182,1762148178
2551,4,1762145629,1762148968
3009,5,1762145843,1762147914
3230,4,1762146084,1762147898
2696,5,1762146177,1762151883
4218,2,1762146289,1762149576
1284,5,1762147424,1762149334
1915,1,1762149047,1762153000
1091,3,1762149598,1762152902
1817,2,1762150287,1762155709
4051,4,1762151987,1762155149
2523,2,1762152473,1762159127
2361,3,1762153391,1762159858
1440,1,1762153906,1762160699
4406,3,1762154181,1762160046
2987,5,1762155092,1762160116
4170,5,1762155354,1762157815
4533,1,1762156374,1762160896
3176,5,1762157806,1762164188
2209,1,1762158385,1762163219
1698,2,1762159142,1762161335
3910,1,1762159353,1762162609
3140,3,1762160316,1762163766
2943,4,1762160753,1762162954
2986,5,1762161414,1762166282
1689,1,1762162877,1762167003
2799,2,1762163845,1762170539
1827,4,1762164567,1762168605
3079,4,1762166109,1762173056
3660,1,1762166263,1762169331
1541,4,1762166489,1762170226
4988,3,1762166790,1762170396
1310,5,1762166933,1762169867
2288,5,1762167188,1762170328
4173,4,1762167511,1762169448
4491,3,1762168242,1762172701
4622,2,1762168442,1762170859
3538,3,1762168658,1762173847
4489,4,1762172691,1762174932
1450,4,1762173546,1762178741
2836,2,1762173659,1762177791
1874,2,1762173863,1762178026
3290,3,1762174496,1762178407
3523,4,1762174645,1762179392
2394,4,1762174955,1762179713
1807,3,1762174976,1762178799
4916,4,1762175164,1762179820
1645,3,1762175192,1762177042
4395,4,1762176001,1762178066
3366,1,1762176280,1762181032
2320,1,1762176627,1762181233
3250,1,1762178471,1762182558
4561,1,1762178718,1762182124
1639,5,1762179251,1762181830
3765,2,1762179366,1762182523
3538,5,1762179835,1762186179
3938,2,1762179909,1762181853
3521,5,1762180239,1762186782
1731,1,1762180860,1762185610
4244,2,1762181624,1762183738
3969,5,1762182044,1762187379
3817,2,1762183107,1762185487
1468,1,1762183361,1762187169
3870,3,1762183460,1762189861
2995,2,1762183989,1762189336
4112,4,1762185357,1762190178
3905,3,1762185359,1762191731
4124,5,1762185405,1762189999
3559,4,1762185568,1762192580
4221,3,1762187113,1762191791
3273,5,1762187124,1762189382
2504,2,1762187373,1762192235
1934,1,1762188438,1762191985
2799,4,1762189714,1762194814
3375,3,1762189737,1762192685
1508,3,1762190490,1762197031
1406,1,1762190868,1762192826
2362,5,1762191101,1762196109
2396,1,1762191853,1762197107
4244,4,1762191978,1762196111
1633,1,1762192030,1762198565
3863,4,1762192448,1762199136
4261,5,1762193690,1762197524
4884,1,1762194780,1762197825
3385,1,1762194865,1762199189
1428,3,1762196747,1762203647
3781,2,1762197711,1762200112
4814,5,1762198005,1762203880
2910,5,1762198518,1762202843
2454,5,1762198804,1762202238
3199,3,1762198873,1762203248
2300,4,1762199633,1762201436
3176,3,1762200129,1762202326
1644,2,1762201337,1762206515
2214,1,1762201781,1762204386
2776,1,1762202585,1762205983
2819,1,1762202860,1762205630
4675,1,1762203048,1762204953
1200,4,1762203607,1762210080
2114,2,1762205098,1762207156
3273,3,1762206499,1762212372
3101,3,1762206617,1762212192
2987,1,1762207486,1762214135
3253,5,1762208875,1762214393
4164,5,1762209460,1762214376
1468,1,1762209482,1762216315
3230,4,1762210354,1762215651
4221,1,1762210523,1762215298
2781,2,1762211666,1762216245
2669,1,1762211934,1762217103
2767,2,1762212106,1762214863
2286,2,1762212528,1762214414
2589,5,1762214573,1762216805
4112,1,1762214589,1762219861
4932,2,1762215855,1762219778
2773,5,1762216269,1762221744
1595,2,1762216381,1762219258
4576,1,1762216674,1762223355
2511,1,1762217606,1762220903
4893,2,1762218039,1762221046
4750,2,1762218793,1762223459
2211,5,1762219589,1762226480
1914,4,1762220378,1762225209
4112,5,1762220746,1762226725
3282,1,1762222393,1762225772
1444,3,1762223928,1762227410
4614,3,1762224460,1762226968
4582,4,1762224593,1762228214
1706,4,1762224605,1762229033
1581,5,1762224808,1762228895
4124,2,1762225812,1762229834
2586,1,1762227012,1762230884
2920,4,1762227627,1762231214
1169,1,1762227906,1762230187
1406,1,1762228058,1762234321
1001,3,1762229085,1762232561
3897,5,1762229209,1762233566
3980,4,1762229965,1762234100
4280,4,1762230352,1762236522
2504,3,1762230550,1762236800
2214,5,1762230554,1762232776
2957,2,1762230907,1762236626
4253,5,1762232343,1762236922
2286,5,1762232872,1762239284
2725,2,1762232945,1762239670
1519,2,1762232959,1762238459
4064,2,1762233153,1762239997
3075,2,1762233504,1762236024
2146,2,1762233659,1762237032
1934,5,1762233963,1762240713
1944,2,1762233967,1762237364
4019,2,1762236922,1762239758
2008,4,1762237131,1762240455
1807,2,1762237422,1762244502
2401,4,1762238246,1762240118
1212,5,1762239236,1762243883
1731,5,1762239624,1762241652
3519,1,1762240346,1762247346
4617,3,1762241253,1762246146
1078,3,1762241322,1762248455
3538,5,1762241327,1762245858
3452,5,1762241428,1762245647
4674,1,1762241737,1762247394
2015,4,1762242094,1762247307
2494,5,1762243087,1762249185
3074,2,1762243193,1762247564
1513,5,1762243739,1762248901
3624,2,1762246650,1762250049
2698,3,1762247328,1762250188
2773,1,1762247942,1762254754
1577,3,1762248337,1762252144
3542,4,1762250362,1762254098
2986,2,1762250822,1762254411
3585,3,1762251122,1762253776
1593,1,1762251229,1762256540
3538,1,1762251553,1762257940
2240,3,1762252529,1762257728
3585,2,1762253298,1762255412
4389,3,1762253917,1762260878
3507,2,1762254084,1762260556
2429,3,1762254869,1762259014
4055,2,1762256146,1762259697
4882,1,1762256690,1762258922
2320,3,1762258205,1762262661
2065,3,1762258416,1762262744
2898,3,1762258489,1762265025
1815,1,1762258983,1762262224
3502,1,1762259043,1762264098
3917,3,1762261032,1762264325
1468,1,1762261514,1762266280
3621,5,1762262337,1762266021
3090,4,1762262418,1762267665
3339,2,1762262455,1762264957
1731,2,1762262558,1762267613
4675,1,1762262672,1762268760
4710,2,1762262777,1762268059
3318,1,1762263120,1762265165
2415,2,1762264393,1762270344
4088,5,1762266843,1762270310
2092,4,1762266844,1762273489
4709,2,1762266892,1762270284
2534,4,1762267349,1762272146
4567,1,1762267941,1762273789
1731,3,1762268038,1762271594
2434,4,1762268354,1762270176
3549,5,1762269517,1762276685
2102,3,1762270314,1762272948
1444,4,1762270546,1762275656
3702,4,1762270934,1762277898
4081,5,1762271631,1762274672
4671,5,1762271670,1762276394
1005,5,1762271913,1762276295
4256,4,1762272040,1762278624
2980,2,1762272381,1762279132
4500,2,1762273173,1762275698
2983,3,1762273401,1762275363
3938,2,1762273666,1762280337
1825,1,1762274375,1762281138
4394,3,1762274503,1762281193
4202,3,1762274512,1762281164
3969,2,1762275609,1762280962
4917,5,1762275658,1762279480
4490,5,1762275845,1762281281
2706,1,1762276487,1762281963
3375,3,1762276606,1762280679
4533,2,1762276636,1762283442
2877,4,1762278732,1762281759
3346,1,1762278791,1762282872
4211,2,1762279232,1762286340
1191,2,1762280235,1762286423
3538,3,1762280492,1762286662
2379,3,1762281352,1762286812
3250,3,1762281508,1762287833
1731,5,1762281655,1762287083
3506,2,1762281679,1762287300
2757,4,1762281905,1762284067
2529,1,1762282314,1762287438
1005,4,1762282354,1762284716
1359,2,1762282468,1762289554
3385,5,1762282803,1762287441
2249,2,1762283575,1762290656
2854,4,1762283986,1762289794
3742,5,1762284166,1762286651
4036,3,1762285380,1762291646
3682,4,1762287448,1762291574
1284,3,1762288547,1762290746
4221,5,1762289180,1762294118
3553,1,1762289940,1762293968
3433,1,1762290040,1762296911
2776,1,1762291623,1762296544
2953,1,1762291796,1762294415
2986,3,1762293078,1762295576
4856,1,1762293413,1762296626
4173,1,1762293720,1762299112
3812,3,1762295795,1762300420
2519,5,1762298100,1762303935
3188,3,1762298461,1762300492
2002,2,1762298884,1762302178
3585,4,1762299791,1762302452
3981,1,1762302020,1762305854
2926,5,1762302637,1762306248
2039,4,1762302834,1762308632
3744,4,1762303205,1762310006
1301,2,1762303356,1762309945
3472,3,1762303827,1762308298
2266,1,1762307147,1762314126
1548,5,1762307208,1762309425
3744,5,1762309011,1762315790
2148,4,1762309148,1762314257
3760,5,1762309778,1762315628
4750,4,1762310341,1762314888
1114,4,1762311574,1762316463
4256,5,1762312279,1762318083
2983,1,1762313352,1762317876
2238,5,1762314059,1762319431
4639,5,1762314349,1762317111
3859,4,1762315018,1762322213
2872,1,1762315038,1762318892
1479,5,1762315219,1762321571
1825,4,1762315283,1762320830
2114,3,1762315457,1762320612
1353,4,1762315946,1762322322
1707,4,1762316162,1762323003
4972,1,1762317054,1762323393
1639,1,1762317556,1762322038
4329,1,1762317585,1762323258
1526,1,1762318381,1762324996
2519,1,1762318649,1762323192
2249,4,1762320179,1762324436
2460,2,1762322197,1762329124
4221,5,1762322468,1762325122
4684,2,1762322482,1762325371
3614,3,1762322734,1762327206
4329,4,1762323395,1762325702
3472,2,1762324211,1762330660
3973,3,1762325097,1762328448
2214,2,1762325488,1762329303
3782,5,1762325837,1762328892
2548,1,1762326826,1762330500
3519,2,1762327819,1762331133
1074,3,1762328347,1762335416
1689,4,1762328452,1762331671
3750,5,1762328793,1762331775
2866,4,1762328881,1762334410
1384,3,1762328900,1762330703
3395,1,1762330334,1762333956
1639,4,1762332088,1762335019
1359,3,1762332352,1762336905
4217,3,1762333660,1762338715
1029,4,1762334558,1762336433
1548,5,1762335499,1762341025
1189,1,1762335510,1762339763
1577,4,1762336429,1762343550
4965,5,1762336815,1762343988
2300,5,1762338768,1762344896
2637,5,1762339671,1762343784
3213,4,1762339709,1762342028
4256,5,1762341320,1762346735
3585,4,1762341603,1762343546
3430,2,1762342013,1762346033
3626,4,1762343432,1762345865
3280,4,1762343546,1762349924
4421,5,1762343898,1762347598
4464,2,1762344385,1762351319
1548,2,1762344444,1762350003
4244,3,1762345112,1762350403
1896,3,1762345467,1762350754
2287,3,1762345520,1762349032
4006,1,1762345592,1762349830
3275,5,1762345738,1762352072
2926,2,1762346312,1762351229
1937,3,1762346315,1762350632
1010,5,1762346633,1762349765
4131,5,1762346770,1762349724
1284,1,1762347279,1762353852
3976,1,1762347777,1762354882
1965,1,1762347940,1762351863
1933,4,1762348504,1762352605
4950,3,1762348624,1762353089
3858,5,1762349585,1762356108
2983,2,1762351157,1762354504
3519,4,1762351514,1762353891
2562,3,1762352457,1762358173
3220,3,1762352961,1762359334
4129,5,1762355121,1762359945
2356,5,1762355174,1762360460
2917,1,1762356472,1762360033
1117,5,1762356491,1762363285
2143,5,1762357676,1762363674
4993,1,1762357749,1762361783
2444,1,1762357808,1762363142
1145,1,1762357919,1762362779
2926,2,1762359685,1762363527
2913,3,1762360724,1762364835
1787,5,1762360994,1762363972
2678,3,1762361084,1762365097
4400,4,1762362547,1762366312
3569,4,1762362717,1762368080
2126,5,1762362977,1762369739
1539,4,1762364577,1762367764
4595,2,1762365501,1762368860
1847,4,1762365913,1762368239
4261,3,1762366650,1762370104
4518,5,1762366755,1762369717
3275,5,1762368069,1762371771
1805,3,1762368268,1762374486
4999,3,1762369159,1762375127
1012,2,1762369262,1762374999
3385,4,1762371033,1762377371
3969,3,1762371126,1762374685
3416,2,1762371141,1762373828
3250,2,1762371583,1762374319
1653,5,1762371933,1762376035
2819,3,1762374469,1762377223
1173,3,1762374891,1762380362
4750,4,1762375116,1762380520
1661,1,1762375501,1762377800
2960,1,1762376737,1762381507
2224,3,1762377399,1762384100
4748,5,1762377962,1762381198
3557,1,1762378334,1762381827
4244,3,1762378380,1762382442
3275,1,1762379734,1762384424
3620,5,1762380845,1762382711
2943,1,1762381109,1762383437
2564,2,1762381621,1762385007
1714,2,1762382571,1762387984
1591,3,1762382772,1762389878
1548,5,1762382904,1762386149
1929,2,1762383310,1762389533
2813,3,1762384080,1762388084
3075,5,1762384525,1762389793
1669,2,1762384743,1762389403
3448,4,1762384920,1762389041
3843,2,1762385441,1762388423
3075,1,1762385568,1762389830
3694,2,1762385625,1762392022
1005,1,1762385800,1762389738
3505,1,1762385853,1762390942
4168,4,1762386162,1762388809
1669,4,1762386681,1762388813
3635,2,1762386898,1762390372
2983,4,1762387337,1762390414
4801,1,1762387944,1762391524
3309,4,1762388107,1762394680
3549,3,1762388774,1762394203
1669,4,1762388977,1762394794
2813,5,1762389194,1762391672
1598,3,1762390515,1762397147
1406,2,1762391093,1762393985
4916,2,1762391572,1762397504
1798,5,1762392489,1762396953
1723,4,1762392816,1762398676
1248,3,1762393027,1762398137
1548,5,1762393358,1762398659
4340,4,1762393461,1762400630
1700,5,1762393519,1762396233
4537,3,1762395728,1762399304
4512,1,1762395842,1762400452
3919,2,1762396179,1762402691
3744,2,1762397779,1762403403
1933,2,1762399265,1762403558
3322,5,1762399631,1762405373
4410,5,1762399640,1762405627
3585,3,1762399645,1762404740
1103,4,1762400586,1762404293
4118,2,1762400974,1762407614
2214,4,1762401459,1762406047
4536,4,1762402699,1762409382
2499,1,1762404033,1762409741
2813,4,1762404086,1762407357
3546,5,1762405697,1762407506
2452,3,1762406254,1762408400
1390,1,1762406462,1762409016
2819,2,1762406859,1762410626
2573,1,1762407190,1762410518
3551,5,1762408625,1762410893
3744,1,1762409704,1762415471
2646,3,1762409850,1762413933
3354,4,1762409875,1762416869
1671,2,1762410433,1762417141
4261,1,1762410723,1762416957
4351,1,1762411367,1762418422
1897,1,1762417143,1762421012
2910,4,1762417152,1762423118
1056,5,1762419014,1762421573
1607,5,1762419163,1762424181
4705,4,1762419426,1762425165
2390,5,1762419590,1762425355
3782,1,1762421150,1762423077
4881,1,1762421224,1762425638
1937,1,1762421792,1762424510
1539,5,1762422400,1762424896
2698,4,1762422796,1762429176
3174,2,1762422927,1762426212
3230,5,1762424221,1762429213
2519,3,1762426189,1762431103
2926,5,1762426616,1762430848
3880,2,1762426672,1762430849
1178,2,1762428457,1762431777
2379,5,1762428758,1762435691
4968,4,1762428802,1762435346
2562,5,1762429718,1762435131
2007,1,1762430523,1762435819
4888,2,1762430761,1762435493
2279,4,1762431552,1762435194
4244,2,1762431684,1762438527
2860,5,1762432646,1762437396
4423,3,1762434022,1762440617
2532,2,1762434401,1762439015
3275,4,1762434513,1762440869
3035,5,1762435083,1762441363
4385,5,1762435235,1762441120
1384,2,1762438224,1762443832
3817,3,1762439146,1762442453
2877,2,1762439550,1762444729
4183,5,1762439991,1762445974
2200,1,1762440536,1762443811
3864,2,1762440783,1762446858
3910,3,1762441345,1762444433
3744,1,1762442545,1762448837
4710,2,1762442895,1762447104
1479,2,1762443313,1762447842
1595,1,1762443430,1762445288
3512,2,1762443493,1762446273
4135,4,1762443625,1762446655
4752,1,1762444262,1762448594
3253,4,1762444373,1762446713
1136,1,1762444462,1762449588
2858,5,1762444715,1762449174
1719,5,1762445033,1762450793
1430,5,1762445362,1762448205
3821,4,1762445365,1762447804
1306,5,1762445454,1762449747
2169,1,1762446718,1762449827
3904,2,1762447376,1762452143
2683,4,1762447471,1762449716
4892,3,1762448227,1762451776
4916,1,1762448399,1762452262
1086,5,1762448920,1762453038
2282,5,1762449398,1762452449
2529,5,1762449650,1762454155
4009,5,1762449739,1762452671
4871,2,1762450251,1762455502
1904,2,1762451522,1762454122
1308,5,1762451778,1762457233
4302,4,1762452201,1762459026
3765,3,1762454570,1762459945
2877,4,1762455233,1762460722
3280,1,1762455249,1762457161
4016,3,1762455843,1762460600
2848,5,1762455980,1762461898
2494,4,1762456204,1762458200
2305,3,1762456275,1762461892
2942,4,1762456752,1762463711
4113,4,1762458089,1762464079
3040,5,1762458360,1762463841
3250,3,1762458813,1762461003
1102,5,1762458873,1762461752
3089,3,1762459434,1762463172
4389,3,1762459818,1762463454
3250,1,1762459893,1762465873
3143,4,1762460845,1762464166
2432,3,1762460902,1762465061
1201,5,1762461789,1762467718
1602,2,1762462955,1762469766
3094,1,1762463581,1762468184
1307,5,1762463773,1762470077
3781,2,1762463869,1762469032
3070,2,1762464558,1762467264
1731,3,1762465066,1762467683
3935,2,1762465814,1762471938
2581,5,1762467732,1762472426
2686,1,1762467996,1762474790
4652,1,1762468158,1762472319
4705,5,1762469137,1762474536
1005,1,1762471425,1762478263
2300,1,1762471895,1762477493
3506,1,1762471926,1762476806
4484,5,1762472035,1762475979
4222,5,1762472539,1762479200
1581,2,1762472616,1762476106
2981,1,1762473311,1762479490
3230,5,1762473458,1762479924
1664,1,1762473540,1762479100
1176,3,1762473586,1762478801
4576,2,1762473810,1762479935
1301,2,1762474585,1762478452
1169,4,1762475807,1762482182
4460,1,1762475810,1762480062
3744,1,1762475936,1762478338
2392,2,1762475983,1762477918
2452,4,1762475986,1762482716
4221,3,1762476118,1762482963
1359,3,1762476906,1762484095
1807,5,1762477448,1762484254
3585,3,1762477686,1762484389
3461,1,1762478076,1762480198
2983,4,1762479542,1762485477
1878,3,1762479595,1762484244
2917,1,1762480581,1762486869
1968,1,1762481059,1762483461
4536,2,1762481444,1762488070
2642,1,1762482042,1762486482
4523,2,1762482641,1762486037
4400,2,1762483513,1762490288
2698,5,1762483889,1762489002
2983,4,1762483960,1762487654
2117,2,1762484043,1762487157
3024,3,1762484841,1762491360
1937,2,1762484929,1762489879
1654,1,1762486358,1762490802
4888,5,1762486412,1762493344
2745,3,1762486766,1762490557
4400,3,1762486978,1762490257
4899,2,1762487009,1762493206
4760,1,1762487854,1762491005
1904,1,1762489296,1762491759
1170,1,1762489749,1762496503
3832,2,1762489920,1762493309
3909,3,1762492100,1762495843
2179,1,1762492487,1762497277
4119,2,1762492712,1762498278
3899,5,1762493456,1762497517
4888,5,1762495466,1762498582
4225,2,1762495936,1762500333
2898,2,1762498214,1762501540
4869,5,1762499700,1762504114
1184,4,1762500720,1762504118
1284,3,1762501198,1762506507
1252,4,1762501494,1762504654
4124,1,1762502489,1762507433
2804,5,1762503579,1762506477
1706,4,1762503951,1762511027
4595,1,1762504045,1762511063
2529,1,1762505744,1762511276
3186,2,1762506451,1762512503
3213,2,1762506585,1762512457
3971,4,1762508265,1762514964
2986,1,1762508277,1762512553
2843,3,1762509606,1762514223
4595,2,1762510305,1762512785
3506,4,1762510332,1762513283
1644,4,1762512303,1762517555
1644,5,1762512356,1762517059
4868,4,1762512410,1762516153
1200,3,1762512559,1762515851
1200,1,1762512786,1762516779
2092,2,1762512885,1762519172
2773,4,1762513980,1762519851
4707,2,1762514104,1762518767
2877,1,1762515012,1762518577
4366,3,1762515130,1762517693
1249,4,1762515960,1762518594
4631,2,1762517748,1762522809
1703,5,1762518012,1762523697
3827,2,1762518054,1762523044
1704,1,1762519069,1762524315
1998,5,1762519268,1762525462
4401,4,1762519312,1762523486
2612,4,1762519983,1762523927
4681,1,1762520949,1762524465
3000,2,1762520997,1762524076
2316,1,1762521161,1762523723
2359,2,1762521355,1762525040
1548,1,1762522097,1762524549
3744,2,1762522355,1762525460
3054,5,1762523010,1762525544
2163,3,1762523137,1762528527
1311,3,1762524299,1762529819
4897,5,1762524662,1762527354
2882,5,1762525052,1762531746
1508,1,1762525877,1762529355
2519,3,1762527074,1762531047
2434,1,1762527300,1762531749
4051,2,1762528164,1762535091
3325,1,1762529674,1762536104
4536,2,1762529909,1762536789
4017,3,1762529956,1762534207
3556,3,1762530739,1762536255
3817,2,1762531001,1762535630
1919,5,1762532245,1762535935
1732,3,1762532331,1762537492
1970,4,1762532484,1762539642
4671,2,1762533408,1762538065
3752,5,1762534809,1762539828
4244,4,1762534982,1762541912
4054,1,1762535792,1762539039
3983,1,1762536275,1762541059
3085,1,1762536545,1762541307
3917,1,1762537260,1762539089
1600,2,1762538316,1762544465
4749,5,1762538493,1762542732
4536,4,1762538610,1762543955
1391,3,1762538936,1762540860
2432,4,1762539101,1762544406
4302,3,1762540359,1762543007
1903,5,1762540893,1762546141
2926,4,1762540896,1762544725
4124,4,1762541134,1762548217
2764,5,1762541473,1762545823
4560,1,1762541626,1762544328
2167,5,1762542029,1762549107
1998,3,1762543489,1762548613
4410,3,1762544354,1762550859
1066,3,1762544653,1762551749
3744,1,1762545071,1762549600
3422,3,1762545733,1762552187
2532,1,1762546121,1762548556
3744,3,1762546866,1762550323
1003,5,1762547062,1762553425
2494,5,1762547499,1762552468
2555,4,1762547763,1762549708
3763,5,1762549641,1762552744
1621,4,1762550196,1762556063
4329,5,1762550782,1762555391
4092,1,1762551391,1762556009
1904,2,1762552562,1762556117
2093,4,1762553063,1762559242
1599,3,1762553727,1762558669
4081,5,1762554065,1762556673
4999,5,1762554877,1762557683
3695,3,1762556966,1762560990
4407,3,1762557300,1762560150
4268,3,1762558152,1762560505
3686,5,1762558648,1762563967
2836,4,1762560209,1762563755
2568,3,1762560355,1762565248
2637,1,1762560784,1762562646
2696,4,1762561044,1762566185
4193,2,1762561371,1762565332
3792,2,1762561761,1762568700
3148,5,1762561966,1762566493
3025,2,1762564114,1762568540
4673,4,1762564849,1762570397
4367,2,1762565019,1762568679
4823,5,1762565823,1762570657
3400,5,1762566965,1762572355
1423,5,1762567319,1762571922
1548,1,1762567655,1762573279
1707,4,1762567667,1762569882
1424,5,1762568098,1762572214
1671,5,1762568153,1762573461
4922,1,1762570724,1762577628
3791,2,1762571261,1762575822
3793,5,1762571493,1762576911
3085,4,1762572763,1762579010
1430,2,1762573756,1762578592
4006,2,1762573838,1762577215
2689,1,1762574346,1762578764
4684,4,1762576096,1762577925
4216,5,1762576553,1762578811
3145,4,1762576682,1762583708
3229,1,1762577268,1762582137
4039,2,1762577830,1762579926
1947,5,1762578462,1762580489
3050,2,1762578669,1762585782
1010,4,1762579174,1762582548
4888,3,1762581224,1762585225
3810,1,1762581643,1762584658
2837,4,1762581667,1762585838
1103,3,1762582404,1762586854
1382,2,1762583251,1762587002
3742,5,1762583318,1762590261
1548,2,1762583510,1762589008
1464,5,1762583773,1762588043
2510,1,1762583998,1762587353
2102,2,1762584181,1762587463
2269,1,1762584688,1762588260
2926,1,1762584852,1762590413
4227,5,1762585980,1762592673
2070,5,1762586043,1762589242
3921,5,1762586264,1762592469
1765,3,1762586973,1762590502
3797,5,1762588456,1762595625
3250,4,1762588602,1762592805
1056,1,1762590759,1762595117
3516,2,1762590817,1762593055
2058,5,1762591204,1762596600
2232,2,1762591565,1762593755
4009,4,1762591586,1762593618
2715,2,1762592553,1762598952
4614,1,1762593867,1762596288
3542,5,1762594453,1762599782
1710,4,1762594810,1762598482
2294,4,1762595901,1762597942
2742,3,1762596517,1762601563
2089,4,1762596655,1762600483
3660,1,1762597013,1762599516
2957,5,1762597233,1762601046
1012,2,1762598600,1762605601
4408,2,1762600066,1762605047
4849,3,1762601078,1762606717
2856,2,1762602354,1762608673
3068,5,1762603817,1762607035
3624,5,1762604904,1762611594
3040,3,1762609049,1762613929
2384,3,1762609379,1762612953
2527,4,1762609977,1762616360
3470,3,1762610135,1762614272
2926,1,1762610603,1762616278
3995,4,1762610652,1762616393
4081,3,1762610767,1762613253
3535,3,1762610866,1762614316
3282,2,1762611460,1762617105
2489,3,1762612163,1762615610
3501,3,1762613098,1762617679
2095,2,1762614614,1762620357
3490,2,1762614927,1762621361
2286,2,1762615192,1762620729
3805,3,1762615764,1762622940
2551,1,1762616982,1762620906
3487,2,1762618004,1762622215
4752,5,1762619200,1762623803
3433,1,1762619355,1762625946
4006,3,1762619501,1762623054
1337,3,1762619810,1762622645
4730,4,1762620111,1762623645
2317,4,1762621691,1762626091
4292,4,1762622751,1762628155
2943,3,1762622899,1762628441
3919,2,1762622963,1762628877
2698,4,1762623501,1762629449
1399,1,1762623766,1762626795
1760,3,1762623812,1762630448
2117,1,1762624361,1762631303
3381,4,1762625810,1762631203
2059,5,1762626019,1762631357
2936,2,1762626133,1762633209
4089,4,1762626152,1762631772
4888,3,1762626657,1762633596
1998,2,1762631662,1762635315
1519,4,1762632122,1762634699
2706,4,1762632648,1762636341
2838,1,1762632786,1762639751
1666,5,1762633221,1762637834
2047,4,1762633293,1762636662
4749,1,1762633302,1762638528
2551,3,1762634116,1762640929
2008,1,1762634324,1762637758
1770,1,1762635598,1762639547
2806,2,1762636322,1762640856
2551,5,1762636540,1762640721
3599,4,1762636553,1762643680
4932,2,1762636860,1762642763
4389,1,1762637310,1762643275
3938,4,1762637356,1762643662
2037,5,1762637962,1762640325
4715,3,1762638745,1762643541
1819,1,1762638927,1762645051
2158,3,1762638933,1762645778
1903,1,1762639074,1762646040
2167,1,1762639521,1762646133
4904,1,1762639701,1762642660
1904,4,1762640155,1762644868
1661,2,1762640413,1762642517
3385,3,1762640755,1762643553
3400,1,1762642729,1762647148
4283,5,1762643046,1762649064
2444,5,1762643874,1762650468
4102,3,1762644011,1762646276
3038,4,1762644349,1762649875
1527,4,1762644573,1762648638
3079,5,1762646981,1762650476
1310,5,1762647113,1762650335
4228,4,1762648582,1762654124
4856,5,1762649087,1762652607
2247,2,1762649443,1762653981
1310,5,1762649545,1762653532
3385,1,1762649993,1762651927
2204,5,1762650162,1762653448
2379,3,1762650562,1762656541
1176,1,1762651463,1762653503
4221,2,1762651466,1762653806
3817,3,1762651927,1762658333
1410,4,1762652328,1762656372
1647,5,1762652727,1762657429
4861,5,1762652780,1762655610
1591,5,1762655552,1762657372
4812,5,1762656058,1762660710
4016,5,1762656430,1762658595
4696,3,1762658168,1762663925
1884,2,1762659091,1762666246
1785,1,1762659434,1762661718
4755,2,1762659733,1762666387
2268,5,1762659864,1762665382
1212,3,1762660675,1762666191
1940,3,1762660903,1762665466
2434,3,1762662224,1762665489
4731,3,1762662699,1762668056
1066,1,1762663957,1762665992
4141,4,1762664766,1762669871
1300,1,1762665120,1762668264
2612,3,1762666384,1762672370
4708,2,1762666574,1762669292
2497,3,1762667135,1762674289
2038,3,1762667344,1762671924
2292,3,1762667818,1762673384
3887,1,1762667933,1762669916
4750,5,1762668124,1762673471
4262,3,1762668157,1762674311
1904,3,1762670092,1762672488
1200,4,1762670532,1762673344
1671,4,1762670608,1762674735
4536,5,1762671217,1762676099
4131,3,1762671256,1762678125
4329,4,1762671902,1762676506
2773,1,1762672905,1762675985
4025,1,1762673028,1762675022
4536,3,1762673340,1762679052
4947,1,1762675601,1762679298
1200,1,1762676618,1762681660
1669,3,1762676781,1762683635
2357,2,1762676874,1762681350
4536,2,1762677271,1762679572
4329,1,1762679950,1762682891
3599,2,1762680289,1762687142
2268,4,1762680401,1762687421
4932,2,1762681507,1762684254
1644,5,1762682170,1762688492
1719,3,1762682246,1762685741
3519,5,1762683407,1762689461
2214,4,1762683506,1762689301
1677,4,1762684062,1762690571
2379,3,1762684417,1762690247
4221,4,1762684557,1762687163
4905,3,1762684836,1762691290
1359,2,1762685305,1762690307
3322,2,1762685481,1762691915
1633,2,1762686478,1762691830
1147,5,1762687126,1762690768
2849,5,1762688263,1762693014
2439,3,1762688386,1762694707
2564,2,1762688630,1762694081
2002,2,1762690199,1762693895
1034,2,1762690743,1762697396
4166,4,1762690781,1762696424
2788,4,1762691006,1762697293
2114,2,1762691072,1762693499
3782,1,1762691386,1762696526
3591,2,1762691555,1762697040
1167,4,1762691763,1762695731
4947,3,1762693253,1762696284
4124,3,1762694600,1762696747
1577,5,1762694783,1762700540
3634,2,1762694979,1762698197
2494,1,1762696365,1762700131
2241,3,1762696743,1762703005
1919,5,1762697153,1762699472
3094,4,1762697340,1762703584
4750,2,1762697374,1762699473
3830,1,1762699045,1762705673
1833,4,1762699408,1762705627
1212,4,1762701413,1762704432
3817,5,1762701499,1762707238
4750,5,1762701673,1762707199
1307,3,1762701900,1762708067
1182,1,1762703333,1762705738
2568,2,1762703446,1762709974
3697,5,1762703649,1762710698
2384,3,1762704030,1762710470
2821,2,1762704546,1762709862
2948,4,1762705475,1762707526
4400,1,1762706779,1762713022
2079,4,1762706947,1762712480
2986,4,1762707225,1762711806
4748,4,1762707449,1762712439
3660,4,1762707478,1762711770
2434,3,1762707795,1762714542
4705,4,1762707904,1762714882
2422,2,1762708170,1762711432
3931,4,1762708255,1762710999
2688,2,1762708728,1762711759
2848,1,1762708786,1762713724
2688,4,1762709010,1762711884
4923,2,1762709692,1762716388
1731,2,1762710155,1762712343
1872,2,1762710457,1762715649
1378,2,1762710920,1762717798
2420,5,1762711662,1762716976
2877,2,1762713409,1762715253
2798,1,1762713620,1762715856
2067,1,1762713629,1762718959
4256,5,1762713798,1762718880
4221,4,1762714221,1762717242
2385,2,1762714654,1762721043
2256,5,1762715884,1762722314
4156,4,1762715955,1762719686
2948,5,1762716151,1762722501
1013,5,1762716229,1762718804
2268,1,1762716851,1762720143
1940,5,1762717376,1762719604
4055,2,1762717665,1762724138
2659,1,1762717924,1762723897
4202,2,1762718013,1762725162
2529,3,1762718304,1762721007
4713,2,1762718420,1762722554
2882,5,1762719645,1762723404
3545,5,1762720368,1762727324
3542,5,1762720494,1762723467
2438,1,1762722160,1762724802
3301,4,1762723541,1762726913
1178,4,1762723563,1762725677
4932,3,1762723811,1762729556
1872,1,1762724414,1762728108
3035,5,1762724492,1762728798
2813,2,1762725115,1762727607
4697,4,1762725593,1762731510
1896,5,1762726282,1762728812
2266,4,1762726363,1762732594
1201,3,1762726911,1762731293
2114,3,1762727098,1762729865
2942,2,1762727894,1762734888
1306,2,1762728941,1762732840
2671,2,1762729105,1762733195
4830,2,1762730316,1762732874
1607,3,1762730534,1762733768
3657,2,1762731202,1762738056
3150,4,1762731351,1762737585
2500,4,1762731655,1762735563
3697,5,1762731721,1762738906
3092,1,1762731825,1762737205
2769,1,1762731924,1762734944
2339,2,1762732137,1762735853
4087,4,1762734934,1762740905
1390,4,1762735038,1762738164
2745,3,1762735749,1762738140
2813,5,1762735900,1762740448
3801,5,1762738074,1762742530
4697,5,1762739921,1762742595
1005,3,1762740143,1762745061
1482,4,1762740529,1762745701
3296,4,1762741476,1762747676
4493,3,1762741974,1762749070
3797,2,1762742161,1762748601
3632,5,1762742949,1762748180
3089,1,1762743009,1762745753
1904,4,1762743703,1762745830
1872,2,1762743740,1762747703
2256,4,1762744534,1762750586
1818,1,1762745205,1762750177
3493,5,1762745538,1762748403
2773,2,1762745848,1762748690
4419,1,1762746088,1762752706
1896,4,1762746402,1762748618
4017,4,1762746697,1762752114
3784,1,1762747403,1762750530
2268,2,1762747749,1762751130
1781,5,1762748318,1762752954
2126,3,1762748475,1762752119
1144,2,1762748779,1762752148
1344,4,1762749520,1762753417
3416,1,1762749769,1762752322
2698,2,1762749896,1762752716
2089,2,1762750134,1762753103
4124,2,1762750965,1762755994
3332,4,1762751144,1762753435
2809,3,1762751185,1762758175
2834,4,1762751516,1762758710
4400,5,1762753130,1762756007
3744,1,1762753211,1762758883
1087,4,1762753368,1762757034
2859,5,1762753949,1762758248
4536,4,1762754873,1762758940
2735,5,1762755727,1762762288
4302,2,1762756097,1762761605
1872,2,1762756412,1762758775
2773,1,1762756926,1762763813
4462,1,1762757207,1762759133
4749,4,1762757700,1762763974
1231,4,1762758339,1762764860
1707,5,1762758362,1762764604
2866,2,1762759296,1762765714
2776,1,1762760370,1762765008
1212,2,1762760647,1762762776
1078,5,1762761298,1762764822
3230,3,1762761507,1762764099
1872,3,1762762432,1762767174
1228,3,1762763151,1762768435
2519,3,1762763609,1762769812
4113,4,1762764221,1762770413
1001,5,1762764622,1762770646
3385,5,1762764919,1762770331
3202,2,1762765117,1762771640
3260,5,1762765237,1762771930
3056,1,1762766448,1762770205
1817,5,1762768848,1762772848
4244,5,1762769492,1762774146
4560,4,1762770107,1762774070
3866,4,1762770278,1762777075
3387,2,1762770615,1762772928
1953,2,1762771402,1762776534
2716,5,1762771521,1762774393
1953,5,1762772637,1762779003
1987,1,1762773535,1762780529
1669,4,1762774050,1762776914
1359,3,1762774751,1762776841
4747,3,1762775161,1762778862
4639,3,1762775564,1762779769
3250,3,1762775594,1762778399
1687,1,1762775967,1762778197
3168,1,1762776191,1762779480
1304,5,1762776645,1762778894
1913,4,1762777037,1762782920
3206,2,1762777076,1762780486
4652,1,1762778212,1762782600
4533,1,1762779655,1762785494
2221,1,1762779721,1762782806
3538,3,1762782285,1762785375
1904,3,1762783196,1762790074
4225,1,1762783788,1762790879
1818,3,1762783937,1762786544
1356,4,1762784943,1762791085
3765,5,1762785283,1762788759
1669,3,1762786679,1762791525
4668,3,1762786844,1762792335
1337,5,1762786854,1762792049
2457,4,1762787499,1762792347
1249,3,1762787499,1762794076
3506,3,1762787622,1762791401
2482,1,1762787752,1762791933
1178,4,1762788062,1762790159
4994,5,1762788461,1762790440
4294,4,1762788982,1762792532
3910,3,1762789577,1762796308
1226,4,1762791100,1762793688
1970,1,1762791676,1762795646
4708,2,1762791855,1762797592
3239,4,1762792945,1762799810
2136,3,1762793428,1762796542
1766,5,1762793913,1762799807
4273,4,1762793929,1762796646
2388,3,1762794850,1762797229
3865,4,1762795747,1762801201
1450,4,1762796331,1762799923
4506,5,1762798690,1762801807
1805,1,1762799146,1762802754
4760,4,1762799446,1762802544
1228,4,1762799493,1762803254
1343,4,1762800143,1762806277
1421,4,1762800250,1762803937
3129,5,1762800617,1762804193
3097,4,1762800633,1762803197
3467,5,1762801151,1762806878
2268,5,1762801546,1762806349
1731,1,1762802198,1762804380
1998,1,1762802334,1762808945
1076,5,1762802954,1762806249
4947,5,1762803882,1762807731
3697,5,1762804198,1762809835
4501,4,1762804389,1762806440
4839,4,1762804907,1762810437
4956,4,1762805953,1762812116
4797,3,1762806050,1762810685
2457,2,1762807334,1762812247
1581,3,1762807338,1762811491
4536,1,1762807718,1762811342
4710,5,1762809002,1762812955
2237,2,1762809016,1762814899
2555,2,1762810545,1762816245
4221,1,1762810955,1762813294
1923,3,1762811220,1762816200
2248,4,1762811433,1762816045
2287,3,1762812620,1762819220
1953,5,1762814028,1762815929
2453,4,1762814324,1762820229
4221,5,1762815407,1762819587
4254,4,1762815495,1762819157
1568,2,1762815915,1762822862
3325,3,1762816186,1762820202
3773,1,1762816586,1762818582
1307,2,1762817051,1762821588
1923,3,1762817191,1762824214
3130,3,1762817973,1762820174
2269,3,1762818184,1762821153
1904,3,1762818507,1762823197
1602,5,1762818616,1762825514
2773,3,1762819438,1762822635
2926,5,1762820037,1762824289
3582,2,1762820730,1762827212
2457,3,1762820959,1762826824
2813,2,1762822565,1762828682
3969,5,1762823467,1762825854
2825,5,1762824345,1762828165
1649,3,1762824711,1762829660
4501,4,1762824982,1762830790
2834,4,1762825307,1762829389
1872,4,1762825359,1762828123
4211,1,1762825416,1762828139
4697,2,1762825563,1762831499
1176,5,1762825697,1762831790
2773,1,1762825854,1762827929
3112,5,1762825889,1762830295
2256,2,1762826061,1762832184
3909,4,1762826602,1762829301
4547,4,1762827205,1762834157
1066,2,1762827415,1762834095
3632,2,1762827730,1762830602
1051,5,1762828246,1762831860
4068,5,1762828473,1762831416
2899,5,1762832591,1762838911
2783,2,1762832628,1762837698
4639,2,1762832671,1762835829
2457,2,1762833166,1762836265
4652,4,1762833243,1762840412
4004,4,1762834064,1762836370
2371,2,1762834173,1762839809
2379,3,1762834193,1762837202
1304,2,1762835081,1762839349
2268,1,1762835792,1762841273
1498,2,1762836526,1762839528
3452,2,1762836827,1762839206
3074,1,1762837530,1762843761
3282,5,1762838432,1762841777
2724,1,1762838505,1762842474
2848,3,1762838705,1762841699
1928,4,1762839905,1762844090
2948,1,1762839964,1762843299
1847,2,1762840143,1762842660
2628,4,1762840862,1762847859
1872,2,1762841216,1762847493
2956,4,1762841339,1762846398
1304,3,1762841531,1762843450
3314,5,1762842943,1762848781
4536,4,1762843384,1762845676
2038,1,1762843601,1762848445
3950,1,1762844652,1762850241
2581,5,1762845120,1762848394
4752,2,1762845215,1762851405
3909,2,1762845708,1762851980
3697,3,1762845895,1762848063
4750,3,1762846901,1762851811
3941,1,1762846934,1762854033
2948,4,1762847196,1762851601
4009,3,1762847511,1762850159
2564,4,1762847719,1762853206
4221,4,1762847772,1762853743
4400,3,1762847967,1762853233
4211,5,1762848242,1762853597
2698,5,1762848471,1762853908
3295,5,1762848927,1762854892
2504,4,1762849490,1762853812
4155,1,1762850336,1762855596
1304,2,1762850410,1762853143
2813,5,1762850530,1762857490
2439,4,1762851072,1762855977
2996,4,1762851823,1762857854
1595,1,1762851897,1762857867
4491,3,1762852279,1762858042
3632,5,1762852880,1762856713
3263,3,1762853181,1762855831
3886,5,1762853238,1762859769
2925,3,1762853332,1762857986
1607,2,1762853352,1762858526
3452,3,1762853468,1762855832
1453,2,1762853563,1762860089
3782,4,1762855116,1762859352
2268,4,1762855454,1762857340
1056,4,1762857055,1762861002
1686,2,1762857177,1762862281
3280,2,1762857621,1762864168
1387,4,1762858456,1762861002
3546,2,1762859008,1762862550
4254,1,1762859304,1762861947
2529,4,1762859442,1762863153
2820,3,1762859630,1762862942
3817,2,1762860096,1762865872
1545,3,1762860278,1762864074
3554,3,1762860803,1762867718
4178,5,1762860831,1762863332
3190,1,1762860964,1762865033
1872,4,1762860999,1762864140
4225,5,1762861128,1762865013
4755,5,1762861397,1762866041
4211,5,1762861889,1762865338
4652,1,1762862070,1762865538
2134,1,1762862317,1762867185
3357,2,1762863276,1762866722
1051,4,1762863786,1762867855
3599,2,1762865464,1762871773
1913,4,1762865704,1762871625
2521,5,1762865730,1762867720
3399,2,1762865798,1762870539
1166,3,1762865875,1762870985
4747,2,1762866067,1762870642
1136,5,1762868199,1762871704
2457,3,1762869346,1762874983
1973,1,1762869875,1762874394
1307,4,1762870984,1762876556
1498,3,1762871095,1762877795
2224,5,1762872006,1762875182
2926,1,1762872809,1762876147
4512,4,1762873659,1762878248
2820,3,1762874810,1762877231
1677,5,1762876446,1762879203
4244,3,1762877883,1762880641
2062,5,1762878127,1762884036
1872,1,1762880230,1762882105
3068,5,1762880638,1762886578
3988,1,1762880951,1762885040
3713,3,1762881227,1762885890
4536,5,1762881446,1762885435
1851,3,1762881959,1762884732
3476,1,1762882368,1762889411
3385,5,1762882495,1762886803
4503,4,1762882578,1762887716
4501,1,1762883321,1762888468
4254,4,1762884564,1762886911
1338,4,1762885329,1762891795
4047,1,1762885484,1762891821
2529,1,1762885889,1762892519
2917,2,1762886110,1762890688
3697,1,1762886698,1762893414
4242,1,1762887669,1762892260
1498,1,1762888914,1762895256
3934,3,1762889403,1762891479
2963,3,1762889976,1762894322
4226,1,1762892016,1762898107
4420,3,1762893419,1762898782
3040,3,1762893815,1762896298
1051,5,1762894068,1762896518
2813,3,1762894999,1762899475
1304,4,1762895467,1762902580
3452,2,1762895670,1762898087
3697,4,1762896396,1762899056
4595,5,1762896985,1762900661
4913,4,1762897252,1762902760
4718,5,1762897647,1762902644
1104,5,1762897979,1762901079
4747,5,1762899004,1762903628
4897,1,1762899118,1762904807
1805,2,1762899812,1762906796
4913,2,1762899974,1762903880
1087,5,1762900463,1762904784
2698,4,1762900843,1762904119
1732,5,1762901070,1762902977
1923,5,1762902007,1762907402
4155,4,1762902043,1762906985
4718,2,1762902099,1762908664
2379,2,1762903869,1762909099
2108,1,1762904240,1762911193
1201,2,1762904896,1762908331
1498,3,1762905144,1762908917
4884,5,1762905269,1762907713
1977,1,1762905577,1762911303
3250,2,1762905600,1762912444
3765,2,1762906040,1762912884
2268,5,1762906572,1762908818
4131,1,1762906896,1762912459
3765,2,1762907376,1762912166
1304,3,1762908040,1762912861
4055,1,1762908132,1762912061
1459,5,1762908241,1762915358
2628,1,1762909675,1762914889
1872,3,1762910307,1762914687
4481,5,1762910805,1762914022
2486,5,1762910907,1762914585
4129,4,1762910979,1762914126
3244,1,1762911057,1762917500
1498,4,1762911198,1762913197
4254,2,1762911216,1762913450
4329,1,1762911302,1762915625
3282,5,1762911310,1762914967
2784,3,1762911310,1762917178
1338,3,1762911395,1762913224
3112,4,1762912396,1762915615
1710,4,1762912434,1762917308
3865,2,1762912523,1762916260
1307,3,1762913715,1762916208
4309,5,1762913942,1762917538
1166,3,1762914191,1762917508
4755,2,1762914327,1762920929
2983,2,1762916471,1762921440
3677,3,1762916649,1762922454
3856,1,1762917152,1762921751
3296,2,1762917237,1762923764
1284,2,1762917747,1762921625
2255,1,1762917792,1762924772
4211,2,1762918036,1762924407
3472,3,1762918930,1762922544
4091,3,1762919851,1762924978
3462,3,1762919874,1762926889
4913,5,1762921805,1762924409
4249,1,1762922268,1762927399
1937,2,1762923193,1762925997
3338,5,1762923640,1762927331
2784,1,1762925635,1762930300
2956,5,1762926449,1762930887
2214,4,1762926863,1762930352
4681,5,1762928590,1762934027
1591,2,1762928694,1762935685
2158,4,1762928739,1762932160
1874,4,1762929204,1762932164
4928,3,1762930216,1762933669
1005,1,1762930657,1762934371
4823,1,1762930813,1762936126
2813,1,1762930989,1762934094
2148,5,1762931375,1762938406
3374,5,1762932611,1762939506
1731,2,1762932750,1762939497
4244,2,1762933844,1762936169
4501,1,1762934275,1762936654
1923,1,1762934285,1762940306
4323,3,1762934402,1762937576
2963,1,1762934557,1762940721
2784,2,1762935584,1762938590
2268,4,1762935743,1762941966
1709,1,1762936007,1762940027
2457,3,1762936023,1762942038
2255,1,1762936836,1762942073
2433,2,1762938197,1762944985
2379,4,1762938492,1762942686
4155,3,1762938863,1762944598
1005,1,1762939282,1762942452
4747,2,1762940002,1762942408
4124,4,1762940294,1762942715
1051,4,1762941089,1762945437
1872,3,1762941139,1762945681
4536,4,1762942453,1762946585
3230,2,1762942943,1762945677
3697,1,1762943512,1762950351
4270,2,1762944145,1762946707
4173,3,1762944548,1762950445
4367,5,1762946051,1762951053
3082,5,1762946390,1762952960
3988,4,1762946558,1762952873
4389,5,1762946764,1762950424
2159,4,1762946817,1762948675
3311,3,1762947424,1762949517
4400,3,1762948363,1762953263
1401,2,1762948621,1762955805
4302,5,1762949218,1762955185
3142,2,1762949357,1762953046
4674,1,1762950332,1762954336
4562,1,1762950486,1762952793
3904,4,1762950960,1762952772
4124,1,1762951068,1762953550
3865,2,1762951747,1762955583
4994,5,1762952269,1762958469
4155,5,1762952876,1762957174
3805,2,1762952999,1762959651
3549,1,1762954761,1762958715
4968,4,1762954837,1762957481
4855,2,1762955760,1762961695
1641,3,1762956502,1762958967
2813,3,1762956688,1762962793
1066,2,1762956785,1762961134
3865,4,1762956934,1762961445
1005,2,1762957335,1762959647
4650,3,1762957810,1762960782
1228,3,1762959647,1762966641
3536,2,1762959771,1762962560
3295,5,1762959892,1762961706
3946,1,1762960054,1762962964
3591,4,1762960325,1762967440
4916,1,1762961515,1762963486
2956,5,1762962174,1762966725
2214,1,1762963112,1762965320
3535,5,1762963250,1762969726
2521,5,1762964013,1762966512
2530,3,1762964174,1762967997
2504,5,1762964247,1762966199
1051,1,1762964400,1762970451
1822,1,1762965229,1762968039
3299,3,1762965592,1762968175
1641,2,1762965999,1762970576
4199,5,1762966388,1762968700
1253,5,1762966657,1762969132
3040,3,1762967023,1762973954
4254,5,1762967678,1762972969
1805,4,1762967728,1762972446
1805,3,1762968122,1762970532
3168,1,1762968426,1762975562
4913,2,1762968899,1762974421
2268,4,1762969721,1762973599
1310,2,1762969804,1762974675
1147,3,1762970143,1762973780
1933,5,1762970878,1762977601
4913,2,1762972729,1762974589
1391,1,1762974553,1762980249
1200,3,1762975392,1762980587
1953,3,1762975409,1762979627
1923,4,1762975656,1762979449
3202,5,1762975873,1762978926
3917,2,1762975939,1762983098
4967,5,1762976345,1762979256
2112,4,1762977081,1762981436
1209,2,1762977300,1762984457
4400,3,1762977450,1762981506
3632,2,1762978350,1762982198
1051,2,1762978807,1762984842
2963,2,1762979069,1762982393
2986,2,1762979505,1762982671
2693,1,1762979637,1762985724
1325,4,1762979960,1762985197
4221,3,1762980374,1762986661
1539,2,1762980457,1762986069
2771,4,1762980964,1762984676
1412,5,1762980996,1762986884
2956,4,1762981189,1762983595
2299,1,1762981521,1762984655
2647,2,1762983116,1762985660
3750,1,1762983261,1762987138
3938,1,1762983565,1762988815
4783,1,1762983583,1762988804
1304,4,1762983690,1762986781
1136,4,1762983935,1762989119
1126,4,1762984913,1762987852
2882,2,1762986053,1762990310
1081,3,1762986830,1762990477
3372,5,1762987158,1762989441
1498,2,1762987305,1762991435
2771,1,1762987923,1762990895
1755,3,1762988349,1762993175
3657,3,1762988532,1762992686
4373,3,1762990540,1762994979
3013,3,1762991278,1762995150
1923,5,1762993462,1762998571
1904,3,1762993677,1763000425
1209,5,1762994619,1763001790
1051,3,1762994876,1762998687
3865,4,1762995069,1762997022
4254,2,1762995283,1762998118
4478,4,1762995416,1762999770
1755,1,1762995631,1763000995
1923,3,1762996032,1762999077
4994,2,1762996121,1762998589
4654,3,1762996253,1763000641
1178,1,1762996538,1762998616
2745,3,1762996553,1762998475
4783,4,1762996828,1763001601
4747,1,1762997845,1763001256
4142,3,1762998046,1763002122
1872,1,1762998753,1763005345
1402,2,1763001152,1763004394
1568,2,1763001445,1763004699
1468,4,1763001456,1763008647
4389,1,1763001511,1763007051
3824,2,1763002030,1763004978
1887,3,1763002141,1763008395
3632,5,1763002338,1763004943
1498,4,1763002678,1763009358
4081,1,1763002848,1763006550
3988,1,1763003180,1763009510
3165,1,1763003454,1763008958
1051,1,1763003838,1763007520
4598,1,1763004114,1763009109
3181,4,1763004232,1763006150
1209,1,1763004342,1763009860
1557,2,1763004382,1763009092
2936,1,1763004411,1763009995
1707,3,1763004466,1763007830
4750,3,1763004606,1763006554
2771,5,1763004994,1763010025
1170,4,1763005842,1763008137
4425,3,1763005974,1763012768
1359,4,1763006008,1763008890
3585,1,1763006306,1763009651
1575,4,1763006513,1763013143
2177,4,1763007042,1763011102
4783,2,1763007228,1763012975
1872,3,1763007569,1763012557
2956,2,1763007664,1763013596
2299,5,1763007872,1763010713
4783,1,1763008333,1763014146
3624,1,1763008496,1763012973
1209,1,1763008966,1763013341
4155,4,1763009069,1763011289
1228,3,1763009258,1763016268
4994,5,1763009857,1763014108
4897,2,1763010213,1763017376
1884,1,1763010909,1763017907
1591,2,1763011063,1763017421
2771,3,1763011163,1763014387
1644,5,1763011233,1763016977
4913,3,1763011286,1763016549
4947,5,1763011935,1763015592
3632,1,1763012225,1763017146
2299,1,1763012667,1763019213
1359,2,1763013260,1763018651
4913,1,1763013526,1763016672
4280,4,1763013882,1763019505
2246,1,1763014633,1763018797
4264,4,1763016363,1763021932
1998,2,1763016933,1763020296
3340,4,1763017048,1763023215
4389,1,1763017974,1763020901
2773,1,1763018551,1763022333
2256,1,1763018722,1763020898
3203,2,1763018733,1763024081
4748,2,1763018747,1763024789
2457,3,1763018985,1763024518
4131,1,1763019026,1763023339
1164,5,1763020247,1763022718
4747,1,1763020343,1763025920
2211,1,1763020820,1763027228
2484,4,1763021133,1763025820
1359,3,1763021167,1763024818
2771,1,1763021375,1763027028
4668,2,1763022158,1763028484
4783,4,1763022188,1763025586
2457,1,1763022234,1763024502
3988,4,1763023432,1763029740
1731,1,1763023613,1763028551
2963,1,1763024088,1763028270
1006,1,1763025710,1763029440
2907,2,1763026292,1763032470
2067,1,1763026383,1763029766
2963,3,1763026509,1763032437
3282,3,1763026534,1763032434
2771,4,1763026550,1763030539
4425,1,1763026598,1763032534
4330,4,1763026824,1763032125
3387,2,1763027178,1763031374
1388,2,1763027356,1763031719
2773,2,1763027363,1763031108
4280,5,1763027480,1763033579
2299,4,1763028658,1763032914
2771,1,1763029549,1763036020
4481,4,1763029657,1763034010
2882,1,1763030477,1763033669
1424,3,1763031072,1763035527
4296,5,1763031332,1763033600
3744,3,1763031639,1763036127
1498,1,1763031971,1763035590
4377,3,1763034756,1763040713
4068,1,1763035050,1763037671
1669,2,1763035678,1763042460
1913,2,1763036210,1763038152
4124,2,1763036244,1763042868
2380,2,1763036513,1763039907
2277,3,1763036668,1763039952
1209,2,1763036757,1763039483
1923,2,1763037498,1763040455
2836,4,1763037726,1763044528
2268,4,1763038317,1763042799
2478,1,1763038493,1763044139
3632,2,1763038501,1763040547
4747,3,1763039363,1763045405
2963,2,1763039441,1763043272
2504,4,1763040284,1763046383
2148,2,1763040474,1763044472
4710,1,1763040698,1763045229
3538,1,1763041388,1763045093
3544,4,1763041815,1763043876
1284,2,1763041870,1763044753
4359,2,1763042104,1763047532
4916,2,1763042826,1763049497
4897,3,1763043015,1763046489
1498,2,1763043525,1763050140
1304,4,1763044462,1763050257
2784,3,1763044910,1763047813
2963,5,1763045797,1763051791
4426,1,1763045881,1763052425
1387,3,1763046330,1763049889
2963,2,1763046901,1763049856
4913,1,1763048109,1763054584
2669,3,1763048411,1763054224
2825,4,1763048642,1763050617
2534,2,1763048823,1763055997
1755,3,1763049828,1763054106
2683,1,1763050656,1763056369
1304,5,1763051706,1763055929
3554,3,1763051833,1763054494
3549,5,1763052303,1763055592
4562,3,1763052611,1763054706
4114,1,1763053425,1763060244
1024,1,1763054597,1763058187
1005,1,1763054703,1763058021
3611,4,1763054727,1763060228
1209,1,1763055028,1763062011
1066,4,1763055442,1763062158
1813,3,1763055763,1763058628
1051,4,1763056151,1763062495
4954,4,1763056185,1763060382
2137,3,1763056267,1763062405
4577,3,1763056355,1763058810
4749,2,1763056548,1763063671
4954,4,1763056712,1763058764
1209,4,1763057891,1763061646
4114,5,1763058086,1763062476
3988,2,1763058125,1763063683
2095,3,1763058262,1763063814
3093,1,1763058697,1763065244
1091,1,1763058810,1763063344
1171,1,1763059013,1763065319
1755,5,1763059370,1763062199
3988,4,1763059395,1763064996
1671,3,1763059467,1763062108
4705,2,1763059490,1763065929
4114,3,1763059796,1763064656
2268,4,1763060028,1763065296
3472,5,1763060583,1763065465
4450,4,1763061555,1763066173
4236,2,1763062359,1763067366
4783,4,1763062712,1763068758
3781,1,1763063048,1763068124
1826,4,1763063296,1763068508
4141,3,1763063577,1763070440
4621,3,1763064449,1763070403
1209,4,1763064455,1763066877
4913,4,1763064725,1763069527
1923,3,1763065122,1763070165
4155,1,1763065276,1763071268
1498,5,1763065873,1763069266
4450,3,1763066487,1763073297
4410,1,1763066773,1763070436
3632,1,1763067789,1763069826
2189,3,1763067861,1763071515
4576,4,1763068018,1763070786
2137,5,1763068068,1763074108
1682,5,1763068394,1763070486
2320,4,1763068820,1763072700
3697,2,1763069093,1763073472
3953,3,1763069466,1763075530
3988,2,1763069856,1763072512
3611,2,1763071234,1763077990
4225,2,1763071795,1763074522
1099,2,1763072344,1763079239
2942,2,1763072453,1763078082
2112,1,1763072476,1763078674
4225,1,1763072497,1763074913
4250,4,1763072709,1763076515
1209,1,1763072745,1763078710
4114,2,1763073206,1763077738
1923,2,1763073240,1763077872
1301,5,1763073301,1763076157
1513,3,1763073354,1763078563
2402,2,1763073491,1763080186
4250,3,1763073562,1763078878
3988,5,1763074601,1763079462
2137,5,1763075065,1763078502
3246,3,1763075092,1763079755
1984,5,1763075824,1763079942
2182,1,1763076143,1763082935
1106,4,1763076851,1763083237
1171,1,1763077194,1763082955
4221,4,1763077215,1763079220
3378,1,1763077379,1763081529
1201,4,1763077466,1763079318
4283,1,1763077605,1763081055
4450,2,1763077623,1763084302
2756,2,1763077785,1763080650
4947,4,1763077920,1763080795
2771,2,1763078159,1763081409
4450,4,1763078741,1763080951
4536,2,1763078835,1763080853
1209,1,1763079438,1763082171
4888,1,1763079633,1763082713
1781,4,1763079640,1763084944
1706,3,1763079700,1763083462
3782,3,1763080093,1763083224
2182,1,1763080131,1763085145
4947,4,1763080259,1763082359
3988,2,1763080560,1763087275
3765,2,1763081146,1763085928
4450,1,1763081277,1763087250
2137,1,1763081601,1763088685
3988,4,1763082842,1763089613
4232,2,1763082937,1763088561
1366,1,1763083325,1763088029
2137,5,1763083403,1763085663
3611,1,1763084030,1763090539
3888,2,1763084126,1763089971
4868,5,1763084534,1763089866
3780,1,1763084617,1763088257
2926,4,1763084964,1763090351
4851,5,1763085095,1763088060
1766,2,1763085300,1763087272
2486,2,1763085446,1763092260
1005,1,1763086050,1763088927
4450,3,1763086956,1763093637
4450,4,1763087004,1763090040
4548,5,1763087037,1763091598
1022,1,1763087216,1763090483
4749,2,1763087436,1763091847
1171,1,1763088403,1763092692
1171,5,1763088426,1763090230
1686,4,1763088729,1763092668
1923,1,1763089067,1763091457
1670,2,1763089113,1763094933
4254,2,1763089320,1763096417
4501,3,1763089643,1763093601
4705,3,1763090133,1763096538
3506,5,1763090248,1763092447
4705,5,1763090744,1763092981
2137,5,1763092458,1763095073
1448,1,1763092960,1763095849
1307,4,1763093080,1763099374
2137,3,1763093675,1763098051
3693,5,1763093936,1763096251
2784,1,1763094192,1763100015
3611,4,1763094490,1763101379
2187,1,1763094581,1763100992
3910,5,1763095006,1763097931
3632,3,1763095566,1763100421
1669,4,1763095887,1763097846
3199,3,1763095984,1763099085
4450,5,1763096007,1763098722
3542,2,1763096319,1763102418
3611,3,1763096594,1763101826
4450,3,1763096733,1763098681
1284,5,1763097386,1763103629
4450,5,1763097588,1763102207
3351,3,1763097722,1763104900
3865,1,1763097930,1763103440
3988,1,1763098025,1763103255
4932,1,1763098468,1763103768
4954,5,1763098540,1763102518
3782,3,1763098971,1763105988
3598,2,1763099122,1763104384
3546,1,1763099311,1763105992
2975,3,1763099691,1763102491
1051,5,1763099858,1763101690
2452,2,1763100051,1763105209
2771,3,1763100517,1763102361
2156,4,1763100597,1763105633
3611,4,1763101191,1763105399
3744,4,1763101994,1763104847
2264,1,1763102314,1763104657
1984,1,1763102553,1763109304
1171,1,1763102704,1763107410
1923,3,1763103386,1763106782
2771,3,1763103714,1763106954
4954,1,1763103934,1763108549
3797,4,1763104844,1763111232
1171,2,1763105111,1763109883
1772,2,1763105274,1763111523
1081,4,1763105410,1763110062
1700,2,1763105878,1763110234
2256,1,1763106102,1763112663
1024,5,1763106250,1763110262
3632,3,1763106793,1763109114
2089,5,1763106999,1763110244
2137,1,1763107086,1763109316
3986,1,1763107142,1763110227
4250,2,1763108057,1763110240
4114,2,1763108906,1763110863
2975,4,1763108956,1763114778
2686,1,1763109304,1763112113
2137,2,1763109389,1763113501
3104,2,1763109421,1763115139
2269,3,1763109447,1763115954
1208,3,1763109650,1763111649
1024,4,1763109678,1763113378
2574,3,1763109770,1763115728
1815,1,1763109780,1763115888
4954,2,1763109825,1763111718
4114,2,1763110616,1763112899
4562,4,1763110684,1763115635
4114,5,1763110796,1763114804
3538,3,1763111135,1763114935
3431,5,1763111135,1763115746
2070,2,1763111407,1763118213
3697,3,1763111446,1763117607
4087,3,1763111450,1763114334
1024,4,1763111853,1763115661
3611,2,1763112398,1763116274
1307,4,1763112676,1763119824
2137,3,1763113117,1763117736
3611,3,1763113544,1763118305
2137,3,1763113666,1763119218
2771,3,1763113804,1763118957
3782,2,1763114675,1763117260
2457,5,1763114775,1763117066
4795,2,1763114855,1763119834
3510,3,1763115170,1763122186
4250,2,1763115534,1763119723
3817,2,1763115739,1763118431
1209,1,1763115862,1763121142
4783,4,1763116176,1763120696
1731,4,1763117075,1763120464
4852,3,1763117171,1763119201
3988,5,1763117444,1763122305
4155,5,1763117940,1763119959
1081,3,1763117951,1763122901
1025,4,1763118459,1763124951
2137,2,1763118492,1763124414
1171,3,1763118716,1763122847
4450,4,1763118810,1763122026
2457,5,1763119286,1763123332
2975,3,1763119879,1763126918
2137,4,1763119889,1763122672
1813,1,1763120134,1763125686
4114,4,1763120300,1763123351
1024,5,1763120424,1763123143
3988,4,1763120656,1763127211
4155,1,1763120656,1763126373
1813,5,1763121304,1763126957
4404,3,1763121367,1763123378
1209,3,1763121559,1763127924
2811,5,1763121654,1763127536
3858,3,1763121930,1763124405
2299,3,1763122440,1763127179
4708,1,1763122871,1763128128
2521,5,1763122904,1763129526
4650,2,1763123472,1763129433
1771,1,1763124028,1763127147
4619,2,1763124372,1763129839
4783,4,1763124456,1763131431
1904,4,1763124802,1763129084
4838,3,1763125326,1763132209
4432,2,1763125526,1763128503
1171,4,1763125554,1763131036
2299,1,1763125590,1763129136
4450,2,1763125830,1763127767
2137,3,1763126708,1763130368
4309,5,1763127207,1763129144
4250,2,1763127270,1763133086
1532,1,1763127376,1763129808
1081,1,1763127861,1763132863
3632,1,1763128155,1763133763
4450,1,1763129675,1763134019
4114,4,1763129801,1763132432
2268,2,1763130751,1763134425
1213,1,1763130763,1763137795
2609,3,1763131583,1763134953
1171,1,1763131925,1763136062
2182,3,1763132532,1763134583
2182,3,1763132812,1763136340
4250,2,1763132950,1763135737
2771,3,1763132972,1763138798
1024,3,1763132998,1763139718
4400,2,1763133151,1763139056
1209,3,1763133252,1763137511
4450,2,1763133494,1763137680
1171,5,1763134080,1763137803
1300,3,1763134108,1763138849
1024,4,1763134181,1763139409
4450,5,1763134537,1763140542
4968,1,1763134547,1763138292
2232,2,1763135557,1763142063
4954,1,1763135621,1763137495
3611,2,1763135944,1763141799
3024,2,1763135953,1763140118
4954,3,1763137065,1763142837
2182,1,1763137811,1763140692
3585,3,1763137954,1763143116
4954,5,1763138232,1763145428
2214,3,1763138837,1763140777
4577,3,1763139021,1763145387
4913,4,1763139061,1763142490
4114,4,1763139664,1763146674
4576,4,1763140299,1763144726
4954,1,1763140527,1763143243
1081,1,1763140774,1763142940
2182,1,1763141402,1763145656
1904,5,1763141411,1763147361
4954,1,1763142352,1763146047
1695,2,1763142415,1763144410
4947,3,1763142829,1763144703
4225,4,1763142838,1763149800
1984,3,1763143058,1763149156
4114,5,1763143762,1763148089
4994,2,1763144020,1763147891
1024,3,1763144252,1763150898
1171,3,1763144567,1763150014
4033,5,1763144627,1763150756
3440,1,1763145138,1763149834
3533,4,1763145506,1763150360
3097,3,1763145921,1763150880
2523,1,1763146096,1763148245
3080,3,1763146135,1763151737
1738,1,1763146136,1763148751
1024,1,1763146346,1763152764
3744,2,1763146482,1763151711
1629,2,1763147054,1763152503
3865,5,1763147274,1763149923
1731,5,1763147562,1763150145
3077,2,1763147697,1763153295
2137,3,1763147981,1763153926
1209,1,1763148302,1763153415
1532,1,1763148529,1763153350
1953,2,1763148669,1763154348
4954,5,1763148699,1763154628
1532,3,1763149277,1763155704
4954,5,1763149293,1763155821
1772,5,1763149511,1763156185
4221,2,1763149588,1763156071
2182,4,1763150372,1763152495
1755,4,1763150500,1763155950
1813,5,1763150572,1763153914
4783,5,1763150582,1763154402
1984,2,1763150814,1763156046
1498,5,1763150829,1763154646
3611,3,1763151355,1763153668
1702,3,1763151386,1763157250
1813,3,1763151948,1763156772
1024,2,1763152008,1763159128
1731,1,1763152334,1763158149
1934,5,1763152418,1763158779
2974,1,1763152802,1763155097
4006,4,1763153034,1763158653
4250,4,1763153187,1763156668
4308,4,1763153525,1763155364
1166,3,1763153646,1763159669
4170,2,1763153684,1763157530
4954,2,1763153954,1763157186
4913,1,1763154534,1763160816
3238,3,1763155912,1763157769
1005,2,1763156135,1763158431
1798,4,1763156329,1763158196
2182,3,1763156368,1763158668
1024,2,1763156545,1763159895
2809,1,1763156957,1763161584
1386,5,1763157734,1763161985
1200,3,1763157817,1763164320
3611,3,1763157918,1763160115
4114,3,1763158398,1763161008
2502,5,1763158429,1763162142
2434,4,1763158434,1763163711
3632,2,1763158776,1763161989
3744,2,1763159168,1763161636
3654,1,1763160298,1763166788
4114,2,1763160553,1763162668
3865,2,1763160718,1763164025
2698,2,1763160722,1763163800
4114,1,1763161373,1763167157
4954,3,1763161870,1763163742
2268,4,1763161913,1763169034
4118,2,1763162104,1763168093
2174,5,1763162722,1763165538
1430,4,1763162794,1763165635
1171,2,1763162871,1763169465
1304,4,1763163297,1763168505
4783,1,1763163345,1763170248
3745,4,1763163516,1763168544
3865,4,1763163801,1763166033
2986,1,1763163809,1763170693
1984,1,1763164018,1763169372
2320,2,1763164088,1763167404
2126,3,1763164447,1763170654
1024,5,1763164523,1763169035
3385,3,1763164523,1763166972
4913,4,1763164678,1763168473
2963,1,1763164701,1763167799
3611,4,1763165296,1763168851
2926,1,1763165454,1763169309
