user_id,update_type,timestamp,dob,sex,full_name,street_address,city,state,zip
3047,new,1700006400.0,08/01/1997,M,Kim Tấn Lê,57 Lê Làng,Bà Rịa - Vũng Tàu,VN,169999
2088,new,1700006400.0,26/11/1986,M,Quang Hoàng,055 Jane Đường,Cần Thơ,VN,101692
3777,new,1700006400.0,24/02/1977,F,Nhiên Lê,91 John Dãy,Khánh Hòa,VN,502065
3804,new,1700006400.0,20/03/2002,M,Quý ông Minh Hoàng,670 Mai Hẻm,Bắc Ninh,VN,663751
4018,new,1700092800.0,24/09/2001,M,Lâm Bùi,8 Jane Ngõ,Hải Dương,VN,715840
2236,new,1700092800.0,01/03/1995,M,Duyên Đặng,81 Bùi Làng,Khánh Hòa,VN,382543
1594,new,1700092800.0,24/12/1991,M,Lan Vũ,787 Jane Dãy,Đồng Nai,VN,647214
4674,new,1700092800.0,13/02/2003,M,Ngọc Nguyễn,0 John Dãy,Hồ Chí Minh,VN,512023
2752,new,1700092800.0,02/07/1982,F,Chị Nhật Hoàng,587 Jane Làng,Bình Dương,VN,697475
4792,new,1700092800.0,15/04/2001,F,Kim Tấn Hoàng,89 Jane Dãy,Bình Dương,VN,594025
1724,new,1700092800.0,25/02/1986,M,Bà Ngọc Hoàng,64 Jane Ngõ,Cần Thơ,VN,295441
3270,new,1700092800.0,24/07/1980,F,Trung Phạm,0 Lê Số,Cần Thơ,VN,433504
2020,new,1700092800.0,05/02/1998,F,Lâm Phạm,4 Jane Ngõ,Bà Rịa - Vũng Tàu,VN,119824
1125,new,1700179200.0,01/09/2007,F,Lan Trần,835 Mai Tổ,Bà Rịa - Vũng Tàu,VN,629890
1536,new,1700179200.0,10/04/1995,F,Bà Hương Bùi,9 John Hẻm,Cần Thơ,VN,172176
3113,new,1700179200.0,28/06/2003,M,Chị Dương Bùi,1 Jane Hẻm,Bình Dương,VN,901929
2961,new,1700179200.0,18/05/1998,M,Lâm Mai,188 John Tổ,Đồng Nai,VN,238939
3915,new,1700179200.0,31/10/2001,M,Xuân Phạm,0 John Khu,Lâm Đồng,VN,549777
1272,new,1700179200.0,26/11/2003,F,Chị Mai Lê,284 Jane Ngõ,Thừa Thiên Huế,VN,554629
2705,new,1700179200.0,05/05/1987,M,Hương Bùi,478 John Dãy,Thừa Thiên Huế,VN,617007
1095,new,1700179200.0,22/10/2001,F,Khoa Phạm,40 Jane Số,Hải Phòng,VN,265934
1394,new,1700265600.0,13/08/2003,M,Bà Bảo Lê,79 John Dãy,Khánh Hòa,VN,629783
1159,new,1700265600.0,21/03/1996,F,Hà Quang Đặng,401 Đặng Đường,Hà Nội,VN,297362
4040,new,1700265600.0,19/11/1988,M,Minh Nguyễn,72 Jane Đường,Hà Nội,VN,178156
1967,new,1700265600.0,24/11/1987,M,Bà Phương Phạm,9 John Hẻm,Lâm Đồng,VN,495949
4278,new,1700265600.0,23/04/1998,F,Tùng Hoàng,1 Lê Số,Đồng Nai,VN,511322
4915,new,1700265600.0,07/07/1975,M,Cô Thành Bùi,033 John Ngõ,Khánh Hòa,VN,811909
4257,new,1700352000.0,30/08/1981,M,Quý ông Hoàng Đặng,05 John Khu,Thừa Thiên Huế,VN,198163
3990,new,1700352000.0,31/03/1967,F,Cô Vi Lê,6 John Ngõ,Khánh Hòa,VN,435623
4152,new,1700352000.0,12/12/1980,M,Trọng Phạm,0 Jane Ngõ,Cần Thơ,VN,591113
4122,new,1700352000.0,08/02/1966,M,Trung Hoàng,844 Mai Số,Cần Thơ,VN,362114
2682,new,1700438400.0,13/03/2001,F,Kim Mai Phạm,1 Phạm Dãy,Đà Nẵng,VN,511517
4937,new,1700438400.0,20/04/1998,M,An Trần,78 Dương Ngõ,Lâm Đồng,VN,852979
3572,new,1700438400.0,30/04/2007,M,Trung Lê,84 Vũ Làng,Thừa Thiên Huế,VN,336203
4015,new,1700438400.0,08/06/2002,F,An Nguyễn,08 Phạm Làng,Đà Nẵng,VN,512503
2888,new,1700438400.0,27/05/1996,F,Phúc Hoàng,20 Trần Ngõ,Bà Rịa - Vũng Tàu,VN,767482
2449,new,1700438400.0,10/04/1985,M,Khoa Bùi,574 Dương Ngõ,Lâm Đồng,VN,550352
4470,new,1700438400.0,22/01/1995,M,An Tấn Hoàng,797 Vũ Khu,Bắc Ninh,VN,683712
1572,new,1700438400.0,07/12/2000,F,Hưng Mai Dương,2 John Làng,Đồng Nai,VN,322016
3409,new,1700438400.0,08/06/1972,M,Quý cô Vân Mai,54 Vũ Số,Lâm Đồng,VN,381340
4865,new,1700524800.0,06/06/2003,M,Chị Ngọc Đặng,3 Jane Ngõ,Bình Dương,VN,149629
3579,new,1700524800.0,29/12/2004,M,Cô Bảo Phạm,5 Jane Khu,Đồng Nai,VN,273786
2686,new,1700524800.0,27/04/1989,F,Quý cô Bảo Bùi,492 Dương Số,Đà Nẵng,VN,998032
1855,new,1700524800.0,12/05/1996,F,Minh Mai,22 Jane Dãy,Khánh Hòa,VN,347422
3699,new,1700524800.0,08/02/1980,M,Bà Nhật Trần,89 Bùi Hẻm,Đồng Nai,VN,860905
1165,new,1700611200.0,23/09/1993,M,Huy Mai Bảo Mai,60 Phạm Ngõ,Bà Rịa - Vũng Tàu,VN,863081
4937,update,1700611200.0,20/04/1998,M,Linh Nguyễn,78 Dương Ngõ,Lâm Đồng,VN,852979
1603,new,1700697600.0,02/10/1997,M,Quý cô Ánh Bùi,1 Phạm Dãy,Bắc Ninh,VN,373974
4587,new,1700697600.0,19/01/2000,M,An Dương,6 John Tổ,Hải Phòng,VN,599778
1470,new,1700697600.0,22/08/1971,F,Ông Nam Phạm,56 John Ngõ,Lâm Đồng,VN,950269
1878,new,1700697600.0,14/04/2007,M,Thảo Trần,862 Dương Số,Đà Nẵng,VN,814909
1650,new,1700697600.0,23/05/2007,F,Châu Hữu Vũ,74 Mai Hẻm,Bình Dương,VN,446095
1586,new,1700697600.0,12/06/2003,M,Lâm Đặng,364 Nguyễn Làng,Bà Rịa - Vũng Tàu,VN,141960
4147,new,1700697600.0,17/07/1988,M,Anh Trọng Lê,84 Lê Tổ,Cần Thơ,VN,418801
3577,new,1700697600.0,26/06/1997,M,Ánh Bùi,8 Bùi Khu,Khánh Hòa,VN,483947
4732,new,1700697600.0,13/02/2002,M,Linh Hoàng,69 Trần Đường,Hà Nội,VN,764192
2660,new,1700697600.0,04/04/2002,M,Anh Tùng Nguyễn,5 John Khu,Khánh Hòa,VN,284151
4920,new,1700784000.0,08/07/1992,M,Chị Chi Đặng,5 John Khu,Hồ Chí Minh,VN,712876
3630,new,1700784000.0,15/02/2000,F,Phúc Hoàng Dương,505 John Đường,Hải Phòng,VN,749292
1142,new,1700784000.0,15/10/2006,F,Minh Lê,049 Mai Khu,Bình Dương,VN,897640
2708,new,1700784000.0,13/05/1969,M,Hạnh Đặng,660 Hoàng Đường,Quảng Ninh,VN,965610
2003,new,1700870400.0,20/08/2004,F,Chị Duyên Trần,240 Jane Tổ,Hồ Chí Minh,VN,214916
2522,new,1700870400.0,22/01/1996,F,Anh Trọng Đặng,219 John Hẻm,Bắc Ninh,VN,693196
3144,new,1700870400.0,14/08/1980,F,Hạnh Nguyễn,4 Lê Ngõ,Nghệ An,VN,906751
3223,new,1700956800.0,25/06/2000,F,Khoa Đặng,03 John Số,Bắc Ninh,VN,758622
1207,new,1700956800.0,01/03/1993,M,Thảo Nguyễn,7 John Ngõ,Khánh Hòa,VN,310656
2736,new,1700956800.0,01/10/1990,M,Chị Lan Vũ,065 Jane Khu,Cần Thơ,VN,842287
3184,new,1701043200.0,02/01/1998,F,Bà Ngọc Đặng,770 Bùi Khu,Lâm Đồng,VN,350609
3499,new,1701043200.0,04/09/2005,F,Hà Trí Mai,28 John Làng,Hà Nội,VN,402348
3257,new,1701043200.0,28/03/2006,F,Cô Hà Bùi,49 Lê Làng,Lâm Đồng,VN,318156
4627,new,1701043200.0,17/05/1996,M,Hải Hoàng Phạm,37 Phạm Ngõ,Khánh Hòa,VN,350932
3219,new,1701043200.0,04/04/2007,F,Hà Vũ,4 Jane Làng,Quảng Ninh,VN,467687
4484,new,1701043200.0,19/12/1996,M,Hương Vũ,44 Jane Hẻm,Quảng Ninh,VN,826161
2966,new,1701043200.0,03/11/1985,M,Lâm Hoàng,430 Mai Hẻm,Bình Dương,VN,610030
4555,new,1701129600.0,27/11/2002,M,Quý cô Hải Mai,219 Jane Tổ,Bắc Ninh,VN,231368
4568,new,1701129600.0,11/02/1985,M,Bác Quang Phạm,1 Jane Hẻm,Bình Dương,VN,359128
3561,new,1701129600.0,24/08/2004,F,Nhật Lê,214 John Đường,Cần Thơ,VN,489232
1215,new,1701129600.0,25/04/2007,M,Lan Mai,617 Hoàng Số,Đà Nẵng,VN,626442
1952,new,1701129600.0,30/08/2006,F,Chị Chi Hoàng,436 Trần Hẻm,Thừa Thiên Huế,VN,118657
4086,new,1701129600.0,23/01/2005,M,Vũ Bùi,229 Bùi Ngõ,Hồ Chí Minh,VN,875381
2048,new,1701129600.0,27/07/1998,M,Bảo Mai Phạm,4 John Hẻm,Đồng Nai,VN,605669
1877,new,1701216000.0,29/04/1992,M,Bảo Bảo Dương,55 Jane Tổ,Hải Dương,VN,141965
2968,new,1701216000.0,29/04/1991,M,Hải Thế Phạm,107 John Làng,Quảng Ninh,VN,954464
4284,new,1701216000.0,01/02/2007,F,Quang Nguyễn,7 Lê Tổ,Hồ Chí Minh,VN,790897
3898,new,1701302400.0,17/07/1999,M,Hưng Thị Bùi,651 Jane Dãy,Bình Dương,VN,855738
1696,new,1701302400.0,19/01/1983,M,Hải Bảo Phạm,802 Dương Ngõ,Đồng Nai,VN,224382
1951,new,1701302400.0,31/08/1990,F,Cô Thảo Hoàng,2 John Ngõ,Nghệ An,VN,591118
4610,new,1701302400.0,23/11/2001,F,Anh Vũ Lê,419 Lê Làng,Bình Dương,VN,298201
1141,new,1701302400.0,25/10/1998,F,Nhật Trí Mai,5 Đặng Ngõ,Hồ Chí Minh,VN,502328
2415,new,1701388800.0,03/09/2004,F,Quý cô Hồng Mai,67 Dương Khu,Quảng Ninh,VN,469555
2325,new,1701388800.0,17/10/1988,F,Chi Phạm,20 Trần Đường,Đồng Nai,VN,999631
2576,new,1701388800.0,10/11/1996,F,Bà Ngọc Đặng,20 Jane Tổ,Hà Nội,VN,311998
2719,new,1701388800.0,25/04/1972,M,Cô Thảo Trần,9 Jane Tổ,Bà Rịa - Vũng Tàu,VN,992954
3195,new,1701388800.0,22/11/2001,F,Thành Nguyễn,94 John Đường,Bắc Ninh,VN,194903
4820,new,1701475200.0,06/04/2005,F,Hải Văn Vũ,7 Nguyễn Tổ,Đà Nẵng,VN,349962
3226,new,1701475200.0,23/05/2000,F,Bà Lâm Trần,507 Trần Làng,Hải Phòng,VN,981269
2739,new,1701561600.0,16/02/2006,F,Chị Hồng Đặng,454 Lê Ngõ,Hồ Chí Minh,VN,738968
3740,new,1701561600.0,04/12/1997,M,Anh Tùng Vũ,925 Dương Tổ,Bà Rịa - Vũng Tàu,VN,877265
2490,new,1701561600.0,05/09/1992,M,Mai Hoàng,858 John Khu,Quảng Ninh,VN,871940
2582,new,1701561600.0,07/12/1974,F,Chi Bùi,960 Dương Tổ,Bà Rịa - Vũng Tàu,VN,186075
2787,new,1701561600.0,27/08/2005,M,Quý cô Lan Dương,39 John Dãy,Khánh Hòa,VN,947924
4980,new,1701561600.0,01/01/1994,M,Mai Hoàng,20 Jane Hẻm,Quảng Ninh,VN,517286
4688,new,1701561600.0,31/07/2003,F,Quý cô Phương Phạm,296 John Ngõ,Quảng Ninh,VN,576560
1139,new,1701561600.0,30/04/1988,M,Hạnh Vũ,60 Jane Làng,Khánh Hòa,VN,760632
1471,new,1701561600.0,10/07/2001,F,Bà Vân Hoàng,1 John Khu,Nghệ An,VN,657011
1225,new,1701648000.0,03/01/1985,F,Chị Hồng Trần,502 Dương Số,Cần Thơ,VN,484998
2908,new,1701648000.0,29/11/2001,F,Tú Trí Vũ,8 Dương Dãy,Hồ Chí Minh,VN,677245
1126,new,1701648000.0,05/02/1982,F,Thành Thế Hoàng,7 John Dãy,Nghệ An,VN,316844
1537,new,1701648000.0,22/08/1999,F,Hà Hoàng,5 Trần Làng,Hà Nội,VN,292749
2626,new,1701648000.0,04/04/2007,M,Bác Nam Vũ,03 Lê Dãy,Lâm Đồng,VN,832153
4788,new,1701648000.0,04/10/2003,F,Chị Hạnh Hoàng,36 Bùi Khu,Hà Nội,VN,574942
3010,new,1701648000.0,29/10/1995,F,Chị Ngọc Hoàng,1 Jane Khu,Bình Dương,VN,526528
3893,new,1701734400.0,12/10/1985,M,Chị Hải Nguyễn,095 Mai Làng,Hải Phòng,VN,938845
1030,new,1701734400.0,06/07/1997,F,Nhật Mai Bảo Trần,770 Jane Dãy,Bình Dương,VN,691907
4485,new,1701734400.0,23/05/1975,M,Nhật Nguyễn,068 Vũ Số,Hà Nội,VN,971055
2304,new,1701734400.0,13/08/2007,F,Linh Nguyễn,588 Lê Dãy,Khánh Hòa,VN,412918
3026,new,1701734400.0,08/06/2003,F,Hạnh Dương,15 Dương Số,Khánh Hòa,VN,208399
3707,new,1701734400.0,17/10/2002,M,Thảo Đặng,0 Trần Dãy,Bình Dương,VN,536011
1111,new,1701734400.0,01/02/1998,F,Bảo Bùi,057 Dương Khu,Nghệ An,VN,409705
4945,new,1701820800.0,13/08/1986,F,Phương Vũ,97 John Tổ,Bà Rịa - Vũng Tàu,VN,390776
1520,new,1701820800.0,06/11/2007,F,Trọng Trần,91 John Số,Thừa Thiên Huế,VN,261242
4164,new,1701820800.0,14/07/2002,M,Minh Lê,535 Bùi Hẻm,Bà Rịa - Vũng Tàu,VN,307309
3701,new,1701820800.0,17/12/1976,M,Quang Hoàng,185 John Tổ,Cần Thơ,VN,761597
3486,new,1701820800.0,29/12/2000,M,Nhật Hữu Trần,853 Jane Khu,Bắc Ninh,VN,223517
4605,new,1701820800.0,12/01/2001,F,Bảo Hữu Mai,891 Mai Dãy,Cần Thơ,VN,517626
1260,new,1701820800.0,30/12/2004,M,Quý cô Chi Đặng,2 John Làng,Bắc Ninh,VN,692796
1298,new,1701907200.0,18/09/2007,M,Thành Đức Dương,629 Jane Làng,Thừa Thiên Huế,VN,432056
1585,new,1701907200.0,16/06/2004,M,Tú Nguyễn,276 Phạm Hẻm,Quảng Ninh,VN,152688
3615,new,1701907200.0,30/07/1983,M,Tùng Nguyễn,3 Đặng Khu,Hải Phòng,VN,674932
1232,new,1701907200.0,19/10/2003,M,Quý cô Mai Phạm,47 John Tổ,Hải Dương,VN,935377
4579,new,1701907200.0,03/03/1989,F,Cô Phương Bùi,8 Trần Khu,Nghệ An,VN,352466
2307,new,1701993600.0,16/09/1993,F,Cô Bảo Bùi,8 Bùi Đường,Hà Nội,VN,857961
4483,new,1701993600.0,23/08/1980,M,Ông Dũng Bùi,30 Trần Ngõ,Cần Thơ,VN,675180
3830,new,1701993600.0,09/07/2007,M,Khoa Đức Nguyễn,01 Trần Khu,Hải Dương,VN,359026
2927,new,1701993600.0,05/03/2002,F,Kim Văn Mai,268 Phạm Đường,Đồng Nai,VN,143338
4804,new,1701993600.0,04/03/1998,M,Thành Phạm,64 Jane Số,Bà Rịa - Vũng Tàu,VN,725824
3666,new,1702080000.0,26/05/2004,M,Huy Bảo Trần,43 John Làng,Cần Thơ,VN,813815
3795,new,1702080000.0,02/06/1990,F,Ánh Trần,77 John Đường,Đà Nẵng,VN,797941
1416,new,1702080000.0,23/07/1997,M,Cô Ánh Lê,46 Trần Dãy,Bình Dương,VN,149041
4174,new,1702080000.0,03/08/2002,F,Ánh Bùi,3 Vũ Ngõ,Hồ Chí Minh,VN,433666
3349,new,1702080000.0,16/06/1984,M,Chị An Vũ,878 John Đường,Cần Thơ,VN,610618
1373,new,1702080000.0,23/09/2007,M,Cô Lâm Nguyễn,010 Bùi Đường,Bà Rịa - Vũng Tàu,VN,304420
1015,new,1702080000.0,12/04/1988,F,Vi Lê,67 Trần Làng,Quảng Ninh,VN,704157
4726,new,1702080000.0,27/06/2002,M,Quý cô Hải Nguyễn,7 Đặng Số,Cần Thơ,VN,479768
2291,new,1702080000.0,24/02/1995,F,Vũ Trần,2 Lê Làng,Hồ Chí Minh,VN,460563
2831,new,1702080000.0,18/02/1966,F,Phương Phú Dương,00 Vũ Khu,Đà Nẵng,VN,805255
4098,new,1702080000.0,27/02/1997,M,Thành Phú Phạm,508 Bùi Tổ,Đồng Nai,VN,785172
4736,new,1702166400.0,29/01/2002,M,Vân Bùi,4 Lê Làng,Bình Dương,VN,622619
3500,new,1702166400.0,28/06/1996,F,Hương Phạm,9 Jane Dãy,Quảng Ninh,VN,348651
1053,new,1702166400.0,30/05/1980,F,Huy Nguyễn,4 Dương Dãy,Bà Rịa - Vũng Tàu,VN,961221
4763,new,1702166400.0,24/08/2005,M,Quang Hải Đặng,290 John Dãy,Nghệ An,VN,396308
2395,new,1702166400.0,16/10/1994,M,Hưng Mai,00 Jane Số,Hà Nội,VN,809037
4548,new,1702252800.0,26/12/1984,F,Phương Mai,327 Hoàng Đường,Nghệ An,VN,542471
1329,new,1702252800.0,21/09/1996,M,Nhật Xuân Trần,0 John Làng,Bắc Ninh,VN,150880
1437,new,1702339200.0,23/11/1977,F,Thành Hoàng,4 John Ngõ,Cần Thơ,VN,939621
1021,new,1702339200.0,26/07/1975,M,Quý ông Trung Vũ,721 Vũ Làng,Lâm Đồng,VN,756957
2861,new,1702339200.0,21/11/1997,F,Vân Dương,8 Dương Khu,Bắc Ninh,VN,728350
3109,new,1702339200.0,19/03/2000,F,Quý ông Nhiên Nguyễn,284 Jane Ngõ,Nghệ An,VN,932468
1725,new,1702339200.0,01/07/2007,F,Cô Mai Dương,51 Hoàng Đường,Bắc Ninh,VN,408836
4810,new,1702339200.0,09/03/1990,F,Ông Tú Vũ,6 John Tổ,Thừa Thiên Huế,VN,710786
4837,new,1702339200.0,18/03/2005,F,Cô Mai Bùi,09 Jane Hẻm,Bà Rịa - Vũng Tàu,VN,515907
4959,new,1702425600.0,21/10/1996,F,Minh Trí Đặng,06 John Tổ,Bình Dương,VN,491659
4171,new,1702425600.0,01/06/1986,M,Bà Thảo Bùi,96 John Tổ,Đà Nẵng,VN,662701
3447,new,1702425600.0,23/06/1997,F,Chị Khoa Lê,0 John Tổ,Quảng Ninh,VN,435897
3889,new,1702425600.0,12/12/1976,F,Lâm Mai Bùi,23 Phạm Đường,Quảng Ninh,VN,108418
2508,new,1702425600.0,17/09/1978,M,Tú Xuân Mai,2 Dương Làng,Cần Thơ,VN,265807
3956,new,1702425600.0,04/04/1999,F,Châu Hải Nguyễn,01 Đặng Hẻm,Đồng Nai,VN,798758
4952,new,1702425600.0,14/06/1999,F,Phương Hữu Trần,5 John Ngõ,Đà Nẵng,VN,303565
1699,new,1702512000.0,18/10/1997,F,Minh Trí Mai,609 Trần Hẻm,Hải Dương,VN,845774
3428,new,1702512000.0,07/12/1999,F,Tùng Mai Đặng,0 John Ngõ,Quảng Ninh,VN,278665
3324,new,1702512000.0,27/04/2006,F,Ngọc Bùi,1 Jane Ngõ,Cần Thơ,VN,471168
3998,new,1702512000.0,23/10/1967,M,Dũng Văn Nguyễn,48 Hoàng Hẻm,Hà Nội,VN,130826
1613,new,1702512000.0,20/04/2004,M,Khoa Đức Bùi,436 Nguyễn Hẻm,Thừa Thiên Huế,VN,704461
2165,new,1702598400.0,31/08/1996,F,Minh Vũ,968 John Hẻm,Hải Dương,VN,724185
3100,new,1702598400.0,02/04/2000,M,Mai Phạm,62 John Ngõ,Bắc Ninh,VN,939732
2072,new,1702598400.0,02/08/2002,M,Nhiên Mai Bảo Hoàng,9 Nguyễn Làng,Hà Nội,VN,986986
2563,new,1702598400.0,11/12/1997,F,Bà Dương Hoàng,649 Bùi Ngõ,Thừa Thiên Huế,VN,308921
3982,new,1702598400.0,06/03/1985,F,An Lê,9 Jane Làng,Cần Thơ,VN,983646
2033,new,1702598400.0,30/12/1994,F,An Dương,284 Lê Đường,Quảng Ninh,VN,919544
2255,new,1702684800.0,24/10/2005,F,Quý cô An Lê,1 Jane Hẻm,Nghệ An,VN,572114
2141,new,1702684800.0,21/02/1991,F,Chi Bùi,4 Jane Ngõ,Bà Rịa - Vũng Tàu,VN,227886
4471,new,1702684800.0,13/12/2001,F,Khoa Đức Vũ,571 Jane Tổ,Thừa Thiên Huế,VN,589456
2833,new,1702684800.0,16/06/1981,M,Quý cô Nhật Hoàng,995 Mai Khu,Bình Dương,VN,249472
2043,new,1702684800.0,19/01/1988,M,Kim Hữu Lê,879 Mai Làng,Bà Rịa - Vũng Tàu,VN,539619
4704,new,1702684800.0,01/07/1983,F,Nhật Dương,616 Dương Làng,Hồ Chí Minh,VN,317181
3486,update,1702684800.0,29/12/2000,M,Hưng Trần,853 Jane Khu,Bắc Ninh,VN,223517
2358,new,1702684800.0,26/07/2006,F,Ông Hưng Vũ,350 Trần Làng,Hồ Chí Minh,VN,128222
2484,new,1702771200.0,10/12/2005,F,Minh Nguyễn,6 Đặng Ngõ,Bà Rịa - Vũng Tàu,VN,624598
3701,update,1702771200.0,17/12/1976,M,Nam Văn Dương,185 John Tổ,Cần Thơ,VN,761597
2796,new,1702771200.0,22/01/2000,M,Chị Nhật Mai,3 Jane Tổ,Hải Phòng,VN,782976
1922,new,1702771200.0,25/04/2001,M,Thành Dương,66 Phạm Ngõ,Khánh Hòa,VN,774180
2817,new,1702771200.0,07/07/1986,M,Tùng Đặng,593 Phạm Hẻm,Đà Nẵng,VN,119285
3992,new,1702857600.0,18/10/1995,F,Hà Xuân Trần,67 John Ngõ,Hà Nội,VN,693509
2931,new,1702857600.0,10/07/1995,M,Huy Đức Đặng,8 Jane Dãy,Lâm Đồng,VN,974457
3581,new,1702857600.0,20/04/1983,F,Nhật Trí Lê,7 Jane Khu,Lâm Đồng,VN,500018
4214,new,1702857600.0,05/07/1990,M,Hương Trần,582 Jane Đường,Bắc Ninh,VN,838885
3916,new,1702944000.0,14/09/1997,F,Chị Phương Dương,5 Jane Khu,Hải Phòng,VN,660715
1952,update,1702944000.0,30/08/2006,F,Chị Chi Hoàng,97 Jane Số,Hải Phòng,VN,422138
4218,new,1702944000.0,15/12/1996,M,Cô Hải Hoàng,9 Hoàng Tổ,Đà Nẵng,VN,802679
2307,update,1702944000.0,16/09/1993,F,Cô Bảo Bùi,4 John Tổ,Hồ Chí Minh,VN,233959
1730,new,1702944000.0,22/02/1973,M,Ngọc Mai,5 Jane Số,Đồng Nai,VN,994247
1486,new,1703030400.0,03/08/1997,F,Quý ông Khoa Lê,8 John Làng,Bình Dương,VN,562413
1834,new,1703030400.0,22/01/1987,F,Lan Trần,352 Jane Làng,Hà Nội,VN,594858
2231,new,1703030400.0,04/04/1983,F,Kim Hoàng,85 John Tổ,Hải Dương,VN,190337
4546,new,1703030400.0,16/01/1996,M,Quý ông Tú Bùi,3 Đặng Hẻm,Hà Nội,VN,394252
1435,new,1703116800.0,29/06/1998,F,Mai Bùi,5 John Hẻm,Hải Dương,VN,824819
2335,new,1703116800.0,26/05/1998,F,Bà Bảo Lê,2 Bùi Đường,Đồng Nai,VN,235925
4687,new,1703116800.0,17/05/1984,M,Bác Quang Dương,7 Jane Đường,Hồ Chí Minh,VN,643071
3125,new,1703116800.0,13/10/1979,M,Chị Hải Nguyễn,7 John Ngõ,Lâm Đồng,VN,201217
2778,new,1703116800.0,27/05/1988,M,Nhật Phạm,18 Dương Làng,Hồ Chí Minh,VN,737476
4314,new,1703203200.0,23/05/1996,F,Dương Lê,583 Trần Khu,Đồng Nai,VN,962262
2707,new,1703203200.0,03/10/1987,F,Hồng Dương,0 Nguyễn Làng,Nghệ An,VN,440073
2695,new,1703203200.0,11/06/1986,M,Trọng Mai,938 Bùi Số,Bắc Ninh,VN,338609
3618,new,1703289600.0,19/06/1973,F,Vân Phạm,368 John Khu,Nghệ An,VN,115896
4363,new,1703289600.0,22/09/2007,F,Bảo Bùi,05 Jane Làng,Bình Dương,VN,256806
4360,new,1703289600.0,27/11/2001,F,Ngọc Hoàng,41 Phạm Ngõ,Hải Phòng,VN,182751
3703,new,1703289600.0,29/03/1999,M,Bảo Bùi,2 Vũ Tổ,Hải Dương,VN,308073
2085,new,1703289600.0,02/09/1991,M,Quý cô Lâm Hoàng,89 John Số,Thừa Thiên Huế,VN,517704
3734,new,1703289600.0,07/07/2002,F,Chị Khoa Dương,9 Trần Số,Bà Rịa - Vũng Tàu,VN,875365
2921,new,1703289600.0,27/06/2003,M,Minh Quang Vũ,729 John Đường,Hải Phòng,VN,262929
1374,new,1703289600.0,08/12/1974,M,Huy Phú Vũ,51 John Số,Hải Dương,VN,608350
1348,new,1703376000.0,24/09/1972,F,Bảo Thị Mai,47 Jane Ngõ,Nghệ An,VN,142473
2344,new,1703376000.0,15/03/1986,F,Hà Trần,31 Vũ Tổ,Bắc Ninh,VN,531075
2293,new,1703376000.0,30/06/1988,F,Quý cô Yến Nguyễn,722 John Hẻm,Đồng Nai,VN,623059
1188,new,1703376000.0,10/11/1988,M,Dương Mai,5 Jane Tổ,Thừa Thiên Huế,VN,761357
2450,new,1703376000.0,09/05/2001,M,Quý ông Dũng Lê,658 Nguyễn Tổ,Đồng Nai,VN,508335
4951,new,1703376000.0,28/02/1995,M,Ánh Dương,028 Đặng Dãy,Hồ Chí Minh,VN,597812
1840,new,1703376000.0,05/11/1999,F,Phúc Phú Vũ,96 John Ngõ,Hải Phòng,VN,518597
4272,new,1703462400.0,20/08/1966,M,Quý ông Bảo Hoàng,99 Jane Hẻm,Nghệ An,VN,243364
2566,new,1703462400.0,30/09/1982,M,Bảo Trần,2 Jane Hẻm,Hồ Chí Minh,VN,738094
4343,new,1703462400.0,09/08/2003,F,Cô Bảo Hoàng,068 Bùi Số,Hồ Chí Minh,VN,837204
2028,new,1703462400.0,28/05/1995,M,Bảo Dương,087 Hoàng Dãy,Bà Rịa - Vũng Tàu,VN,352082
1264,new,1703462400.0,23/11/2006,F,Kim Trần,3 John Đường,Hồ Chí Minh,VN,807205
1183,new,1703462400.0,09/05/1989,M,Ông Trọng Trần,218 Bùi Khu,Bắc Ninh,VN,597173
4892,new,1703462400.0,26/02/1993,F,Bà Kim Trần,41 Phạm Số,Hà Nội,VN,115802
2580,new,1703548800.0,21/06/2001,M,Mai Dương,220 John Hẻm,Quảng Ninh,VN,963264
3705,new,1703548800.0,08/09/2007,M,Anh Trọng Trần,79 Hoàng Tổ,Hà Nội,VN,275840
3539,new,1703548800.0,07/07/1996,M,Tú Hoàng,4 Dương Khu,Bình Dương,VN,944873
2227,new,1703548800.0,22/08/1998,M,Ông Hưng Nguyễn,3 Jane Dãy,Thừa Thiên Huế,VN,854587
2195,new,1703548800.0,30/12/1983,M,Bác Khoa Trần,70 Jane Ngõ,Hồ Chí Minh,VN,780064
3475,new,1703548800.0,17/08/1995,F,Hoàng Lê,372 Trần Số,Bình Dương,VN,805508
1587,new,1703635200.0,02/10/1988,M,Cô Ngọc Lê,1 John Ngõ,Bắc Ninh,VN,512788
3525,new,1703635200.0,05/04/1988,F,Bà An Bùi,9 John Dãy,Lâm Đồng,VN,449174
4996,new,1703635200.0,01/01/1999,M,Anh Hoàng Lê,0 Đặng Làng,Bà Rịa - Vũng Tàu,VN,857348
2600,new,1703635200.0,02/11/1999,F,Châu Vũ,6 John Tổ,Hải Phòng,VN,975276
4197,new,1703635200.0,29/01/2001,F,An Trần,66 John Dãy,Bắc Ninh,VN,419551
4369,new,1703635200.0,17/11/1974,F,Hồng Trần,9 Jane Làng,Hải Dương,VN,770498
2633,new,1703635200.0,12/04/1995,M,Ngọc Vũ,2 Phạm Dãy,Quảng Ninh,VN,950590
1334,new,1703635200.0,04/07/1965,F,Quý cô Ngọc Bùi,4 John Đường,Bắc Ninh,VN,811170
1837,new,1703721600.0,07/06/2003,M,Quý cô Hải Nguyễn,967 Hoàng Ngõ,Bình Dương,VN,722006
4080,new,1703721600.0,17/08/2000,F,Ông Vũ Dương,17 John Tổ,Lâm Đồng,VN,625309
3423,new,1703721600.0,08/02/1996,F,Linh Nguyễn,1 Hoàng Hẻm,Bắc Ninh,VN,451214
3241,new,1703721600.0,23/08/1987,M,Anh Khoa Vũ,15 Lê Ngõ,Đồng Nai,VN,629559
1747,new,1703721600.0,05/04/1995,F,Bảo Lê,513 Jane Làng,Hải Phòng,VN,171676
4437,new,1703721600.0,24/09/1975,M,Hạnh Lê,4 Trần Đường,Hồ Chí Minh,VN,451384
3119,new,1703808000.0,09/11/2005,M,Hưng Bùi,85 Mai Làng,Bắc Ninh,VN,403925
3014,new,1703808000.0,05/03/1987,F,Thảo Dương,69 Trần Khu,Khánh Hòa,VN,537284
1656,new,1703894400.0,10/10/1998,M,Hoàng Phạm,130 John Đường,Quảng Ninh,VN,201488
2645,new,1703894400.0,23/02/1981,M,Tú Đức Mai,3 John Ngõ,Cần Thơ,VN,247827
1812,new,1703894400.0,10/01/1985,F,Quý cô Lâm Hoàng,88 John Đường,Bình Dương,VN,480060
3140,new,1703894400.0,11/08/2005,M,Huy Hoàng Đặng,6 Dương Tổ,Khánh Hòa,VN,831675
3386,new,1703894400.0,29/09/2004,M,Vũ Bùi,6 Dương Hẻm,Bà Rịa - Vũng Tàu,VN,581733
1551,new,1703894400.0,16/09/2007,M,Bà An Phạm,08 John Khu,Bình Dương,VN,873436
4012,new,1703980800.0,26/11/2006,F,Kim Lê,8 Jane Số,Đồng Nai,VN,621188
1460,new,1703980800.0,15/12/2007,M,Nhiên Bảo Dương,479 Dương Tổ,Hải Dương,VN,350010
3036,new,1703980800.0,31/01/2001,F,Bảo Hoàng Vũ,169 Dương Làng,Bà Rịa - Vũng Tàu,VN,915424
1786,new,1703980800.0,08/08/1983,F,Tú Lê,86 Bùi Ngõ,Nghệ An,VN,719312
2343,new,1703980800.0,15/10/2007,M,Lâm Phú Bùi,257 Đặng Đường,Hải Dương,VN,949946
1540,new,1703980800.0,04/05/1985,M,Xuân Phạm,3 Jane Làng,Khánh Hòa,VN,276151
4116,new,1704067200.0,02/04/2005,F,Thành Phạm,2 Jane Đường,Bà Rịa - Vũng Tàu,VN,255509
1552,new,1704067200.0,01/04/1989,F,Quý cô Bảo Phạm,6 Lê Khu,Nghệ An,VN,666966
2337,new,1704067200.0,25/05/2004,F,Anh Hoàng Phạm,313 Phạm Số,Hồ Chí Minh,VN,329437
4403,new,1704067200.0,06/04/2005,M,Vũ Xuân Mai,4 Jane Đường,Nghệ An,VN,671129
1778,new,1704067200.0,22/10/1981,M,Lan Nguyễn,91 Nguyễn Hẻm,Hà Nội,VN,768568
2964,new,1704153600.0,30/04/1997,F,Cô Hương Dương,3 Jane Ngõ,Nghệ An,VN,421087
2262,new,1704153600.0,06/10/1996,F,Hà Hoàng Lê,438 Bùi Hẻm,Hồ Chí Minh,VN,274768
3235,new,1704153600.0,26/05/1972,F,Hưng Nguyễn,211 Vũ Tổ,Nghệ An,VN,783275
3732,new,1704240000.0,28/01/1999,F,Khoa Mai,140 John Làng,Quảng Ninh,VN,254007
1936,new,1704240000.0,24/02/1984,F,Quý cô Ngọc Lê,084 Bùi Đường,Hải Phòng,VN,505515
1165,update,1704240000.0,23/09/1993,M,Huy Mai Bảo Mai,113 Vũ Làng,Huế,VN,915912
1479,new,1704240000.0,19/11/1998,F,Bà Ngọc Đặng,123 Jane Ngõ,Nghệ An,VN,878441
3241,update,1704326400.0,23/08/1987,M,Tú Hoàng,15 Lê Ngõ,Đồng Nai,VN,629559
4433,new,1704326400.0,13/01/2000,F,Bác Minh Phạm,988 Dương Ngõ,Hải Phòng,VN,661145
2967,new,1704412800.0,03/08/1998,M,Nhật Quang Bùi,128 Phạm Số,Bình Dương,VN,109272
1463,new,1704412800.0,15/05/2002,M,Bà Kim Phạm,48 Phạm Số,Khánh Hòa,VN,666085
3133,new,1704412800.0,02/04/1974,M,Ông Dũng Mai,179 Phạm Làng,Bình Dương,VN,262055
1285,new,1704412800.0,12/02/2000,M,Kim Mai Bảo Trần,608 Jane Ngõ,Đồng Nai,VN,106035
2544,new,1704412800.0,13/02/1997,M,Ánh Phạm,8 John Đường,Quảng Ninh,VN,134973
1627,new,1704412800.0,05/07/1998,M,Nhật Xuân Hoàng,2 John Đường,Bình Dương,VN,224786
4083,new,1704412800.0,26/11/1980,M,An Quang Lê,34 Jane Hẻm,Hải Phòng,VN,142552
2619,new,1704499200.0,09/03/1995,F,Quý cô Hồng Dương,319 Jane Dãy,Bà Rịa - Vũng Tàu,VN,914081
2260,new,1704499200.0,09/12/2007,F,Bảo Tấn Đặng,2 John Tổ,Hải Phòng,VN,163772
4046,new,1704499200.0,26/03/1994,M,Bà Mai Bùi,0 John Hẻm,Hồ Chí Minh,VN,485413
1796,new,1704499200.0,12/05/1999,F,Nhật Tấn Lê,291 Dương Ngõ,Hải Phòng,VN,447575
2617,new,1704499200.0,30/03/1965,M,Phúc Quang Mai,14 Jane Khu,Hải Phòng,VN,706437
2019,new,1704585600.0,22/08/1971,F,Xuân Hoàng,984 Vũ Tổ,Đà Nẵng,VN,667744
1085,new,1704585600.0,27/08/1991,F,Thành Hoàng Lê,51 Mai Tổ,Đồng Nai,VN,661257
1551,update,1704585600.0,16/09/2007,M,Bà An Phạm,3 Jane Khu,Cần Thơ,VN,323117
4833,new,1704585600.0,01/12/1992,M,Kim Hoàng Đặng,535 Hoàng Tổ,Đồng Nai,VN,399658
2076,new,1704585600.0,05/07/1967,M,Bảo Đặng,885 Vũ Tổ,Đồng Nai,VN,472486
1181,new,1704585600.0,21/03/2003,F,Hạnh Mai Bảo Vũ,1 Jane Hẻm,Bình Dương,VN,681437
4443,new,1704585600.0,28/09/2000,M,Chị Hạnh Dương,4 John Làng,Lâm Đồng,VN,883660
4735,new,1704672000.0,30/01/1995,F,Quang Nguyễn,12 Lê Ngõ,Bà Rịa - Vũng Tàu,VN,809213
4662,new,1704672000.0,27/06/1980,M,Khoa Tấn Hoàng,30 Mai Ngõ,Đà Nẵng,VN,240172
3726,new,1704672000.0,11/10/1988,F,Cô Nhật Bùi,338 Jane Hẻm,Đà Nẵng,VN,299071
1980,new,1704672000.0,09/11/1995,M,Phúc Lê,920 Jane Dãy,Đồng Nai,VN,210915
4121,new,1704672000.0,22/07/2006,M,Bà Hải Dương,910 Jane Làng,Hải Dương,VN,904067
2019,update,1704758400.0,22/08/1971,F,Xuân Hoàng,51 Hoàng Dãy,Hà Nội,VN,106773
4010,new,1704758400.0,22/07/2006,F,Quang Hoàng,948 John Hẻm,Hồ Chí Minh,VN,647645
2646,new,1704758400.0,11/06/1988,M,Bà Ánh Trần,852 Dương Làng,Hồ Chí Minh,VN,881665
1555,new,1704758400.0,09/02/1991,F,Khoa Đức Vũ,73 Nguyễn Làng,Bà Rịa - Vũng Tàu,VN,568724
4944,new,1704758400.0,13/04/2001,M,Cô Thảo Trần,478 Jane Khu,Hải Dương,VN,392778
4637,new,1704758400.0,02/12/2007,M,Anh Nam Hoàng,5 Jane Tổ,Đà Nẵng,VN,110274
1836,new,1704844800.0,30/09/1966,F,Hà Vũ,642 Lê Tổ,Hà Nội,VN,160309
2411,new,1704844800.0,01/04/1983,M,Anh Trung Trần,84 John Ngõ,Đà Nẵng,VN,984627
1049,new,1704844800.0,13/03/2002,M,Bảo Mai,35 Mai Hẻm,Bình Dương,VN,374021
2425,new,1704844800.0,21/09/2002,M,Nam Hoàng,35 John Làng,Hà Nội,VN,288544
3347,new,1704844800.0,08/02/1986,M,Ánh Lê,142 Jane Số,Lâm Đồng,VN,440837
3309,new,1704844800.0,28/01/1991,F,Chị Linh Nguyễn,1 Jane Khu,Bà Rịa - Vũng Tàu,VN,517270
2810,new,1704931200.0,19/08/1966,F,Hoàng Thị Bùi,298 Đặng Khu,Quảng Ninh,VN,131280
1996,new,1704931200.0,09/07/2001,F,Quý ông Dũng Phạm,4 Jane Số,Đà Nẵng,VN,705628
1776,new,1704931200.0,10/08/2001,M,Nam Bùi,60 Nguyễn Đường,Bắc Ninh,VN,734324
4874,new,1704931200.0,04/03/1999,M,Bảo Trí Bùi,621 Bùi Đường,Hà Nội,VN,257898
3942,new,1705017600.0,18/10/2004,M,Hoàng Xuân Mai,68 Mai Tổ,Hồ Chí Minh,VN,414813
2638,new,1705017600.0,29/03/2005,M,Nhật Hữu Dương,248 Jane Dãy,Hà Nội,VN,841278
1730,update,1705017600.0,22/02/1973,M,Ngọc Mai,29 Jane Tổ,Hải Phòng,VN,420560
1564,new,1705017600.0,03/01/1979,F,Bác Tùng Mai,5 Jane Dãy,Cần Thơ,VN,108273
1490,new,1705017600.0,16/07/1996,F,Hương Trần,5 John Số,Hồ Chí Minh,VN,678107
4214,update,1705017600.0,05/07/1990,M,Minh Dương,582 Jane Đường,Bắc Ninh,VN,838885
2476,new,1705104000.0,03/06/2000,F,Chị Xuân Đặng,0 Dương Số,Cần Thơ,VN,892522
4282,new,1705104000.0,01/01/1972,F,Hạnh Vũ,57 Jane Làng,Lâm Đồng,VN,837032
4584,new,1705104000.0,31/10/1987,F,Mai Mai,44 John Khu,Quảng Ninh,VN,436058
3711,new,1705190400.0,06/12/1998,M,An Lê,05 John Đường,Hồ Chí Minh,VN,568977
2465,new,1705190400.0,04/07/2002,M,Dũng Đức Vũ,3 Nguyễn Làng,Hồ Chí Minh,VN,795360
2450,update,1705190400.0,09/05/2001,M,Trung Thế Nguyễn,658 Nguyễn Tổ,Đồng Nai,VN,508335
4067,new,1705190400.0,10/05/2001,F,Nam Thế Dương,1 John Đường,Quảng Ninh,VN,556840
1767,new,1705190400.0,18/07/1989,F,An Xuân Hoàng,07 Bùi Đường,Hải Dương,VN,423885
4076,new,1705190400.0,17/08/1986,F,Bà Ngọc Đặng,7 John Tổ,Lâm Đồng,VN,441785
4348,new,1705190400.0,22/05/1995,F,Tùng Lê,3 Nguyễn Ngõ,Lâm Đồng,VN,349916
1223,new,1705190400.0,03/06/1979,F,Yến Hoàng,773 Lê Ngõ,Bà Rịa - Vũng Tàu,VN,626515
3187,new,1705190400.0,28/03/1982,F,Khoa Hải Hoàng,6 John Ngõ,Cần Thơ,VN,355856
4431,new,1705190400.0,31/08/1991,M,Ngọc Nguyễn,52 Trần Đường,Hải Dương,VN,628887
3649,new,1705276800.0,09/08/2002,F,Kim Hải Vũ,96 Jane Ngõ,Đồng Nai,VN,230500
2572,new,1705276800.0,08/09/1984,M,Kim Bùi,39 Jane Hẻm,Quảng Ninh,VN,878511
3680,new,1705276800.0,10/02/1991,F,Nhật Phạm,654 John Đường,Nghệ An,VN,204073
2409,new,1705276800.0,18/11/1993,M,Bà Yến Vũ,6 John Hẻm,Hồ Chí Minh,VN,678913
1309,new,1705276800.0,05/07/1985,M,Bảo Mai,997 John Làng,Hải Phòng,VN,804505
2712,new,1705276800.0,13/10/1983,F,Khoa Phú Mai,4 Bùi Ngõ,Hồ Chí Minh,VN,691115
2316,new,1705276800.0,15/10/1983,M,Hoàng Mai,549 John Dãy,Nghệ An,VN,820140
2192,new,1705276800.0,04/04/1995,M,Khoa Hữu Nguyễn,4 John Khu,Khánh Hòa,VN,879551
1266,new,1705276800.0,09/04/1980,F,Ngọc Bùi,660 John Làng,Cần Thơ,VN,729888
3031,new,1705363200.0,17/07/1997,F,Chị Bảo Dương,27 Phạm Ngõ,Lâm Đồng,VN,272677
3153,new,1705363200.0,07/11/1996,F,Hà Phú Phạm,229 Bùi Tổ,Thừa Thiên Huế,VN,915184
2597,new,1705449600.0,15/02/1978,F,Nhật Lê,882 John Tổ,Bình Dương,VN,741232
2271,new,1705449600.0,26/06/1993,M,Bác Quang Đặng,36 Nguyễn Tổ,Đà Nẵng,VN,504869
4914,new,1705449600.0,19/12/1968,M,Lâm Mai,9 Jane Đường,Quảng Ninh,VN,116232
1862,new,1705449600.0,26/08/1992,M,Thành Dương,1 Dương Đường,Lâm Đồng,VN,806518
1361,new,1705449600.0,08/05/2000,F,Bà Khoa Đặng,0 Trần Hẻm,Thừa Thiên Huế,VN,463135
4247,new,1705536000.0,05/05/1986,M,Tùng Quang Phạm,605 Hoàng Đường,Lâm Đồng,VN,593181
4618,new,1705622400.0,14/02/1997,M,Hạnh Hoàng,38 Vũ Đường,Đà Nẵng,VN,644047
4559,new,1705622400.0,17/04/2007,M,Hà Mai,488 Lê Khu,Quảng Ninh,VN,736827
2481,new,1705622400.0,09/07/2006,M,Quang Nguyễn,10 John Khu,Bắc Ninh,VN,689738
3016,new,1705622400.0,09/07/1979,M,Ông Trung Bùi,1 John Dãy,Nghệ An,VN,790911
1702,new,1705622400.0,19/04/2001,M,Bảo Quang Vũ,9 Bùi Ngõ,Cần Thơ,VN,103258
4940,new,1705708800.0,31/08/2004,F,Hải Đức Đặng,31 Trần Đường,Thừa Thiên Huế,VN,232805
2744,new,1705708800.0,31/08/1979,M,Quý cô Chi Trần,4 Đặng Tổ,Bình Dương,VN,252931
4278,update,1705708800.0,23/04/1998,F,Tùng Hoàng,792 Bùi Làng,Vinh,VN,213820
1231,new,1705708800.0,03/05/1996,M,Bảo Bảo Lê,27 John Làng,Nghệ An,VN,628714
1632,new,1705708800.0,04/10/2001,F,Ông Nhiên Nguyễn,2 John Dãy,Hà Nội,VN,175935
4813,new,1705708800.0,21/09/1968,F,Quý ông Quang Vũ,60 John Đường,Đà Nẵng,VN,421635
4759,new,1705708800.0,14/07/1993,M,Thành Phú Lê,9 John Tổ,Hà Nội,VN,845661
3967,new,1705708800.0,08/11/1998,M,Phúc Nguyễn,74 Hoàng Đường,Hà Nội,VN,414043
2876,new,1705708800.0,07/07/1998,M,Phúc Dương,69 John Ngõ,Thừa Thiên Huế,VN,983981
4356,new,1705795200.0,23/02/2002,F,Ông Vũ Nguyễn,381 Lê Ngõ,Thừa Thiên Huế,VN,828429
3078,new,1705795200.0,07/10/2005,M,Vi Phạm,6 Jane Đường,Bà Rịa - Vũng Tàu,VN,233482
3335,new,1705795200.0,29/08/1996,F,Bà Yến Trần,7 John Số,Hà Nội,VN,241439
3710,new,1705795200.0,01/11/2004,F,Quang Trí Đặng,60 Mai Dãy,Lâm Đồng,VN,856336
1647,new,1705881600.0,22/01/2002,F,Nhật Mai Mai,0 Lê Số,Lâm Đồng,VN,882108
4093,new,1705881600.0,08/08/1980,M,Anh Nam Lê,61 Đặng Số,Đồng Nai,VN,731689
4413,new,1705881600.0,14/05/1987,M,Xuân Lê,8 John Hẻm,Nghệ An,VN,662509
2758,new,1705881600.0,07/09/1996,F,Thành Phú Đặng,334 Trần Hẻm,Hải Dương,VN,946517
3715,new,1705881600.0,08/03/2002,M,Chị Bảo Đặng,039 John Số,Bình Dương,VN,946948
2225,new,1705881600.0,21/06/2004,M,Bà Linh Đặng,988 Jane Đường,Quảng Ninh,VN,491095
2097,new,1705881600.0,02/03/1999,M,Bà Thành Vũ,483 Jane Đường,Bắc Ninh,VN,109223
1704,new,1705881600.0,11/07/1999,M,Quý ông Nam Phạm,356 Jane Dãy,Thừa Thiên Huế,VN,817305
2935,new,1705881600.0,23/08/1994,M,Bà Khoa Vũ,5 Lê Ngõ,Lâm Đồng,VN,595509
4926,new,1705968000.0,11/01/1986,F,An Mai,65 Trần Làng,Bắc Ninh,VN,163040
4496,new,1705968000.0,02/01/1997,F,Khoa Bùi,875 Hoàng Làng,Hải Dương,VN,228123
1227,new,1705968000.0,19/01/1976,M,Lâm Văn Vũ,326 Phạm Khu,Khánh Hòa,VN,619956
1211,new,1706054400.0,22/04/1986,M,Chi Mai,6 Phạm Đường,Bắc Ninh,VN,910609
4129,new,1706054400.0,01/01/2001,M,Hoàng Vũ,972 Hoàng Dãy,Khánh Hòa,VN,966479
2386,new,1706140800.0,02/09/2006,M,Hà Nguyễn,3 Vũ Tổ,Quảng Ninh,VN,989360
2361,new,1706140800.0,02/09/1996,M,Hạnh Mai,0 Jane Ngõ,Hải Phòng,VN,855727
3494,new,1706227200.0,09/01/2000,M,Bà Kim Trần,005 Jane Làng,Hải Dương,VN,364672
4514,new,1706227200.0,01/02/1985,F,Trung Đức Vũ,82 John Hẻm,Bình Dương,VN,768860
4333,new,1706227200.0,04/09/1987,F,Nam Đức Bùi,77 Lê Hẻm,Đồng Nai,VN,481121
2420,new,1706227200.0,20/01/1988,M,Quý cô Thảo Vũ,224 Vũ Tổ,Thừa Thiên Huế,VN,562466
2799,new,1706313600.0,03/02/1996,M,Hạnh Bùi,5 Jane Hẻm,Thừa Thiên Huế,VN,718791
1960,new,1706313600.0,23/08/1999,M,Huy Hải Phạm,849 Jane Số,Hà Nội,VN,846053
4313,new,1706313600.0,03/06/1998,M,Nhật Đức Lê,91 John Ngõ,Lâm Đồng,VN,850294
3143,new,1706313600.0,05/07/2007,M,Quý cô Hương Đặng,742 Nguyễn Dãy,Bắc Ninh,VN,951533
4134,new,1706400000.0,20/04/1974,M,Huy Hữu Phạm,624 Jane Tổ,Hải Phòng,VN,457169
4220,new,1706400000.0,03/05/1997,F,Hà Nguyễn,84 Dương Khu,Bắc Ninh,VN,945609
3949,new,1706400000.0,19/08/1998,M,Tùng Đức Dương,24 Jane Đường,Hà Nội,VN,875860
4195,new,1706400000.0,26/03/1993,F,Chị Linh Phạm,655 Jane Hẻm,Hải Phòng,VN,872166
4322,new,1706400000.0,26/05/1998,F,Thảo Mai,4 John Dãy,Cần Thơ,VN,388017
2537,new,1706400000.0,26/11/1969,M,Phúc Phạm,7 Bùi Đường,Lâm Đồng,VN,287523
2507,new,1706486400.0,15/08/1965,F,Vân Phạm,7 Jane Khu,Quảng Ninh,VN,671630
1349,new,1706486400.0,25/04/2002,M,Dương Đặng,230 Vũ Khu,Quảng Ninh,VN,563419
1667,new,1706486400.0,15/04/1993,M,Cô Vi Lê,8 Jane Đường,Bình Dương,VN,752437
1309,update,1706486400.0,05/07/1985,M,Bảo Mai,03 Jane Đường,Hà Nội,VN,746747
4330,new,1706486400.0,21/05/2002,F,Chị Bảo Phạm,8 Lê Khu,Hồ Chí Minh,VN,768602
1120,new,1706572800.0,27/12/1997,M,Cô Nhật Trần,36 Hoàng Tổ,Đồng Nai,VN,723102
2517,new,1706572800.0,25/08/1973,F,Dũng Tấn Dương,6 Trần Khu,Khánh Hòa,VN,744480
1626,new,1706659200.0,22/11/2006,M,Quý cô Xuân Hoàng,08 Lê Tổ,Bắc Ninh,VN,411966
1334,update,1706659200.0,04/07/1965,F,An Phú Trần,4 John Đường,Bắc Ninh,VN,811170
2805,new,1706659200.0,01/12/2003,F,Cô Linh Trần,3 Dương Hẻm,Lâm Đồng,VN,536246
1361,update,1706659200.0,08/05/2000,F,Bà Khoa Đặng,5 Jane Số,Hồ Chí Minh,VN,395524
1931,new,1706659200.0,19/04/2002,M,Ánh Bùi,308 John Ngõ,Hải Phòng,VN,510924
3463,new,1706659200.0,27/11/1999,F,Bà Nhật Đặng,630 Hoàng Số,Thừa Thiên Huế,VN,843084
1976,new,1706745600.0,01/04/2000,F,Phúc Đặng,5 John Làng,Hà Nội,VN,468028
3376,new,1706745600.0,03/06/1995,M,Thành Lê,26 Jane Khu,Hồ Chí Minh,VN,341414
3372,new,1706745600.0,13/06/2004,F,Cô Lâm Đặng,944 John Ngõ,Thừa Thiên Huế,VN,869119
3156,new,1706745600.0,22/07/1996,M,Quý cô Khoa Dương,6 Jane Tổ,Hải Dương,VN,453474
3602,new,1706745600.0,29/10/2004,M,Hải Mai Vũ,950 Trần Dãy,Đà Nẵng,VN,546210
1474,new,1706745600.0,05/10/1993,F,Bảo Phạm,512 Jane Tổ,Đà Nẵng,VN,169175
2495,new,1706745600.0,05/03/1984,M,Nhiên Đức Đặng,44 John Dãy,Cần Thơ,VN,494553
1876,new,1706832000.0,11/06/2004,M,Vũ Dương,47 Hoàng Làng,Quảng Ninh,VN,661044
4772,new,1706832000.0,15/04/1981,F,Trung Trần,60 Nguyễn Ngõ,Hà Nội,VN,162959
3815,new,1706832000.0,20/10/2004,M,Bảo Lê,32 John Dãy,Lâm Đồng,VN,287142
1837,update,1706832000.0,07/06/2003,M,Nam Dương,967 Hoàng Ngõ,Bình Dương,VN,722006
4664,new,1706918400.0,03/08/2003,M,Quý ông Vũ Vũ,80 Hoàng Khu,Lâm Đồng,VN,587000
4408,new,1706918400.0,16/06/2003,M,Tùng Trí Đặng,42 John Ngõ,Đà Nẵng,VN,819204
4738,new,1706918400.0,09/08/1996,M,Ông Anh Phạm,6 Hoàng Khu,Cần Thơ,VN,256085
2474,new,1706918400.0,24/02/1989,M,Vân Bùi,6 John Làng,Hải Phòng,VN,817841
1721,new,1706918400.0,25/12/1996,F,Quý ông Quang Phạm,092 Jane Dãy,Bình Dương,VN,380285
1570,new,1707004800.0,19/10/2004,F,Phương Nguyễn,8 John Dãy,Lâm Đồng,VN,240711
2657,new,1707004800.0,27/04/1999,F,Hà Tấn Lê,3 Jane Ngõ,Quảng Ninh,VN,728107
3636,new,1707004800.0,30/03/2006,M,Bác Phúc Trần,924 Trần Làng,Hà Nội,VN,264218
4003,new,1707004800.0,09/05/2003,F,Hồng Lê,3 John Đường,Hồ Chí Minh,VN,347028
1898,new,1707004800.0,14/10/1998,F,Dũng Mai Bảo Nguyễn,39 Mai Khu,Hồ Chí Minh,VN,186859
4612,new,1707004800.0,13/11/2000,F,Trọng Đức Bùi,85 Jane Ngõ,Quảng Ninh,VN,120742
3073,new,1707091200.0,27/07/1988,M,Vũ Mai Phạm,9 Phạm Số,Hải Dương,VN,453294
1566,new,1707091200.0,16/11/1999,M,Bà Mai Đặng,3 Nguyễn Làng,Khánh Hòa,VN,675330
3623,new,1707091200.0,19/08/2001,M,Bác Nam Nguyễn,33 Nguyễn Khu,Đồng Nai,VN,802225
3714,new,1707091200.0,07/06/1965,F,Kim Bùi,346 Bùi Làng,Hải Phòng,VN,264445
3659,new,1707091200.0,15/04/1996,M,Quý cô Duyên Bùi,4 John Khu,Hồ Chí Minh,VN,312630
3154,new,1707091200.0,08/09/1983,M,Chị Hương Mai,60 Jane Khu,Hồ Chí Minh,VN,255587
3451,new,1707091200.0,26/03/1984,F,Mai Nguyễn,343 Lê Ngõ,Thừa Thiên Huế,VN,828600
1906,new,1707091200.0,27/02/1992,F,Bác Trung Hoàng,162 John Ngõ,Cần Thơ,VN,751746
4559,update,1707177600.0,17/04/2007,M,Hạnh Tấn Mai,488 Lê Khu,Quảng Ninh,VN,736827
2435,new,1707177600.0,11/09/1973,M,Vân Hoàng,22 John Dãy,Quảng Ninh,VN,168292
3587,new,1707177600.0,26/01/2005,F,Ngọc Vũ,58 John Đường,Hải Phòng,VN,187431
1716,new,1707177600.0,20/01/1985,M,Hoàng Trí Đặng,7 John Số,Bắc Ninh,VN,295784
2602,new,1707177600.0,23/05/2005,F,Khoa Hoàng Trần,5 Mai Đường,Quảng Ninh,VN,446203
4441,new,1707177600.0,11/09/2005,M,Phương Lê,407 John Làng,Cần Thơ,VN,876254
1865,new,1707264000.0,12/09/1971,F,Dũng Lê,34 Phạm Đường,Hải Phòng,VN,149768
4594,new,1707264000.0,29/03/2005,M,Chị Hạnh Hoàng,47 Phạm Làng,Bắc Ninh,VN,663389
3256,new,1707264000.0,04/06/2005,M,Bà Dương Hoàng,7 Jane Tổ,Quảng Ninh,VN,139489
1289,new,1707264000.0,24/11/1971,F,Bảo Phú Trần,0 Đặng Hẻm,Đồng Nai,VN,215156
2455,new,1707264000.0,18/03/1989,M,Nhiên Xuân Bùi,421 John Khu,Khánh Hòa,VN,215391
3775,new,1707264000.0,03/01/1987,F,Thành Xuân Đặng,7 Mai Dãy,Bình Dương,VN,753811
1487,new,1707264000.0,05/08/1989,M,Phương Văn Phạm,934 Phạm Khu,Quảng Ninh,VN,670946
3761,new,1707264000.0,11/07/2002,M,Duyên Mai,245 John Tổ,Quảng Ninh,VN,630714
2190,new,1707264000.0,08/01/2000,M,Cô Vi Lê,070 Vũ Khu,Cần Thơ,VN,364514
1708,new,1707350400.0,14/04/1971,F,Quang Tấn Nguyễn,7 John Làng,Thừa Thiên Huế,VN,484418
2473,new,1707350400.0,24/04/2000,F,Thành Mai,2 Bùi Ngõ,Bà Rịa - Vũng Tàu,VN,267037
2684,new,1707350400.0,16/09/1983,M,Duyên Bùi,4 Nguyễn Làng,Đồng Nai,VN,870460
2925,new,1707436800.0,01/06/1990,M,Hoàng Trần,706 Đặng Làng,Bình Dương,VN,903038
1477,new,1707436800.0,27/02/1965,M,Ông Khoa Lê,615 Jane Số,Hà Nội,VN,389105
3858,new,1707436800.0,25/10/1996,F,Quý cô Kim Nguyễn,3 Nguyễn Đường,Hải Dương,VN,906826
2622,new,1707436800.0,22/03/2001,F,Nhật Mai,8 Trần Hẻm,Hải Phòng,VN,420529
4900,new,1707436800.0,17/12/2005,F,Khoa Mai Bảo Bùi,572 John Khu,Hải Phòng,VN,972355
3960,new,1707523200.0,20/08/1998,M,Vũ Thế Dương,754 Dương Đường,Bình Dương,VN,129185
3070,new,1707609600.0,13/05/1997,M,Trọng Thị Dương,065 John Ngõ,Hồ Chí Minh,VN,601349
1945,new,1707609600.0,13/07/2005,M,Quý cô An Vũ,7 Dương Tổ,Đà Nẵng,VN,787681
1107,new,1707609600.0,17/08/1997,F,Bà Bảo Lê,6 Vũ Ngõ,Bình Dương,VN,141728
1288,new,1707609600.0,02/05/2003,F,Bà Xuân Nguyễn,859 John Hẻm,Lâm Đồng,VN,544435
1725,update,1707609600.0,01/07/2007,F,Khoa Mai Bảo Hoàng,51 Hoàng Đường,Bắc Ninh,VN,408836
1858,new,1707609600.0,22/01/1998,M,Cô Dương Đặng,973 Đặng Số,Khánh Hòa,VN,226868
3086,new,1707609600.0,21/08/2004,M,Quang Văn Lê,8 John Hẻm,Khánh Hòa,VN,803714
4565,new,1707609600.0,13/03/1988,M,Tùng Mai,720 Jane Dãy,Đồng Nai,VN,136573
1715,new,1707609600.0,25/11/1985,F,Bảo Phú Đặng,589 Dương Tổ,Đà Nẵng,VN,358633
2561,new,1707696000.0,23/12/2005,M,Nhiên Văn Đặng,31 John Dãy,Khánh Hòa,VN,710639
4323,new,1707696000.0,13/10/2006,M,Cô Nhật Mai,89 John Số,Lâm Đồng,VN,257801
1090,new,1707696000.0,06/03/1992,F,Nhật Hoàng,6 Jane Làng,Bình Dương,VN,568317
3840,new,1707696000.0,10/06/1984,F,Anh Minh Đặng,2 Jane Khu,Bà Rịa - Vũng Tàu,VN,992390
3136,new,1707696000.0,01/06/1969,F,Quý cô Hà Đặng,60 John Số,Quảng Ninh,VN,522661
2040,new,1707782400.0,11/09/2003,M,Nhật Văn Hoàng,42 Vũ Ngõ,Đồng Nai,VN,248645
4743,new,1707782400.0,10/07/2004,M,Bà Phương Hoàng,87 John Số,Lâm Đồng,VN,337554
1866,new,1707782400.0,19/07/2002,M,Bác Minh Lê,0 John Dãy,Hà Nội,VN,693936
3912,new,1707782400.0,13/01/1998,M,Lâm Vũ,03 Jane Dãy,Quảng Ninh,VN,869291
1821,new,1707782400.0,15/11/1966,F,Quý cô Ngọc Đặng,8 Nguyễn Hẻm,Hải Phòng,VN,925498
4492,new,1707782400.0,05/09/2002,F,Hồng Phạm,52 Vũ Khu,Cần Thơ,VN,345284
4215,new,1707782400.0,14/10/1996,M,Quý cô Nhật Nguyễn,1 John Tổ,Đà Nẵng,VN,741095
3645,new,1707782400.0,02/07/1997,F,Chị Hạnh Trần,652 Phạm Dãy,Hải Dương,VN,138554
4192,new,1707868800.0,07/10/1999,M,An Tấn Phạm,4 Mai Đường,Lâm Đồng,VN,359126
2928,new,1707868800.0,21/12/1993,M,Chị Yến Phạm,1 Phạm Dãy,Bà Rịa - Vũng Tàu,VN,303402
4779,new,1707868800.0,03/01/1983,M,Bảo Trí Vũ,26 Phạm Tổ,Bà Rịa - Vũng Tàu,VN,579150
4951,update,1707868800.0,28/02/1995,M,Ánh Dương,97 John Số,Đà Nẵng,VN,383847
3692,new,1707868800.0,26/07/1996,M,Bà Thảo Dương,44 Jane Làng,Hồ Chí Minh,VN,919086
2378,new,1707868800.0,28/02/2002,M,Trung Phú Dương,298 Dương Hẻm,Nghệ An,VN,346427
4801,new,1707868800.0,14/12/1996,M,Chi Phạm,37 Mai Làng,Nghệ An,VN,215187
3137,new,1707868800.0,05/01/1995,F,Anh Tấn Bùi,5 Dương Dãy,Quảng Ninh,VN,675931
3853,new,1707955200.0,24/01/1968,M,Bác Nhiên Bùi,34 Jane Khu,Hải Phòng,VN,884167
3678,new,1707955200.0,11/11/1980,M,Minh Hữu Lê,379 Vũ Dãy,Hải Phòng,VN,227070
2205,new,1707955200.0,30/03/2001,F,Bác Vũ Bùi,5 Mai Số,Bắc Ninh,VN,722427
1386,new,1708041600.0,15/12/1997,M,Thành Vũ,550 Hoàng Tổ,Khánh Hòa,VN,419218
1243,new,1708041600.0,25/07/1967,M,An Quang Phạm,4 Trần Ngõ,Bà Rịa - Vũng Tàu,VN,373411
4209,new,1708041600.0,25/11/1998,F,Chị Dương Đặng,3 Vũ Tổ,Bình Dương,VN,527233
4444,new,1708041600.0,10/02/1985,F,Quý ông Anh Nguyễn,105 Dương Đường,Hà Nội,VN,696631
2118,new,1708041600.0,25/08/1971,M,Duyên Trần,4 Jane Hẻm,Quảng Ninh,VN,319133
4815,new,1708041600.0,26/03/1978,M,Bà Hồng Trần,9 Vũ Đường,Hồ Chí Minh,VN,477609
4946,new,1708128000.0,28/11/1985,M,Ông Bảo Nguyễn,248 Đặng Làng,Bắc Ninh,VN,188314
1744,new,1708128000.0,05/12/1981,M,Hồng Dương,75 Jane Tổ,Cần Thơ,VN,985859
4331,new,1708128000.0,15/03/1977,F,Linh Phạm,177 Mai Đường,Bình Dương,VN,385781
3776,new,1708128000.0,10/07/1983,M,Hạnh Mai Đặng,19 Bùi Ngõ,Hà Nội,VN,604839
1918,new,1708128000.0,18/02/1989,F,Hà Bùi,246 Hoàng Đường,Quảng Ninh,VN,553882
2163,new,1708128000.0,25/10/2005,M,Nam Hoàng,1 Nguyễn Dãy,Nghệ An,VN,339597
4840,new,1708128000.0,22/03/1980,F,Chị Dương Hoàng,86 Jane Hẻm,Cần Thơ,VN,430131
1365,new,1708128000.0,29/12/1999,M,An Trí Lê,64 Mai Tổ,Thừa Thiên Huế,VN,708971
1838,new,1708128000.0,27/04/2004,F,Nam Tấn Trần,1 Đặng Hẻm,Đà Nẵng,VN,514220
3659,update,1708128000.0,15/04/1996,M,Huy Nguyễn,4 John Khu,Hồ Chí Minh,VN,312630
1109,new,1708214400.0,16/12/1983,M,Hương Hoàng,96 Bùi Hẻm,Hà Nội,VN,917309
2462,new,1708214400.0,16/01/1999,F,Bà Thành Nguyễn,032 Bùi Ngõ,Hồ Chí Minh,VN,931254
1580,new,1708214400.0,28/10/2002,M,Bảo Nguyễn,4 Dương Khu,Hồ Chí Minh,VN,708685
3913,new,1708214400.0,23/05/1981,M,Chị Lâm Mai,945 John Khu,Hồ Chí Minh,VN,542085
3106,new,1708214400.0,12/11/2007,M,Nhật Thị Phạm,219 Jane Tổ,Khánh Hòa,VN,518215
3708,new,1708214400.0,16/07/1998,M,Anh Văn Nguyễn,7 Trần Khu,Nghệ An,VN,886890
3201,new,1708214400.0,15/12/1990,F,Hải Văn Phạm,7 Hoàng Ngõ,Đà Nẵng,VN,380192
3709,new,1708214400.0,30/03/1991,M,Hà Hoàng Đặng,1 Dương Ngõ,Lâm Đồng,VN,423594
2207,new,1708300800.0,06/03/1985,M,Quý ông Trung Bùi,59 Hoàng Dãy,Cần Thơ,VN,747913
4936,new,1708300800.0,25/07/1991,F,Cô Nhật Trần,95 Dương Tổ,Đồng Nai,VN,562207
2666,new,1708387200.0,05/02/1997,M,Vân Vũ,5 Bùi Ngõ,Thừa Thiên Huế,VN,438060
2691,new,1708387200.0,28/01/2005,F,Chị Nhật Lê,4 Đặng Ngõ,Nghệ An,VN,543237
1119,new,1708387200.0,22/08/2003,F,Hạnh Văn Trần,2 Jane Số,Hà Nội,VN,642058
3128,new,1708387200.0,09/04/1970,F,Mai Đặng,26 John Đường,Đồng Nai,VN,529873
3814,new,1708387200.0,04/09/2005,M,Phương Lê,1 Hoàng Hẻm,Quảng Ninh,VN,856881
2046,new,1708387200.0,04/10/1980,M,Tú Lê,542 John Hẻm,Hồ Chí Minh,VN,587056
2144,new,1708387200.0,07/01/1984,F,Tùng Phú Phạm,16 Jane Số,Khánh Hòa,VN,665021
2424,new,1708473600.0,21/02/1973,F,Trung Thế Đặng,5 Jane Dãy,Khánh Hòa,VN,141487
1283,new,1708473600.0,10/04/2001,M,Trung Nguyễn,0 Vũ Dãy,Cần Thơ,VN,750889
4886,new,1708473600.0,21/01/1998,M,Kim Mai Đặng,342 Đặng Hẻm,Đà Nẵng,VN,747869
1769,new,1708473600.0,09/11/1988,M,Nhiên Hoàng,166 John Khu,Nghệ An,VN,940541
1330,new,1708473600.0,12/12/2006,M,Anh Huy Đặng,1 Jane Dãy,Bà Rịa - Vũng Tàu,VN,113373
2451,new,1708473600.0,29/08/2003,F,Quý cô Kim Vũ,37 Vũ Số,Hải Phòng,VN,232942
4091,new,1708560000.0,11/03/2006,F,Nhật Tấn Nguyễn,2 Jane Dãy,Hải Dương,VN,616900
2053,new,1708560000.0,07/12/1998,F,Thành Mai Bảo Mai,1 John Ngõ,Đồng Nai,VN,847735
1009,new,1708560000.0,31/01/1989,M,Ánh Trần,55 Nguyễn Làng,Hà Nội,VN,542018
3974,new,1708560000.0,20/03/1978,M,Nhật Thị Trần,4 John Làng,Quảng Ninh,VN,592254
3488,new,1708560000.0,31/01/1972,F,An Đặng,85 John Làng,Nghệ An,VN,108307
4100,new,1708646400.0,25/12/1999,M,Trọng Mai Bảo Phạm,054 John Đường,Hồ Chí Minh,VN,545387
1235,new,1708646400.0,10/08/1991,F,Mai Trần,89 John Dãy,Lâm Đồng,VN,439626
2875,new,1708646400.0,25/10/1983,M,Cô Nhật Mai,34 Dương Tổ,Bà Rịa - Vũng Tàu,VN,563456
3511,new,1708646400.0,13/12/1997,F,Hưng Thế Bùi,9 John Đường,Đồng Nai,VN,495698
4770,new,1708646400.0,11/04/1997,F,Nam Dương,14 Jane Khu,Bắc Ninh,VN,382065
3647,new,1708646400.0,19/06/2004,M,Bà Bảo Đặng,8 Trần Tổ,Đồng Nai,VN,707756
3255,new,1708732800.0,27/03/1986,M,Huy Đặng,489 Jane Làng,Hải Phòng,VN,677465
2344,update,1708732800.0,15/03/1986,F,Nhiên Mai,31 Vũ Tổ,Bắc Ninh,VN,531075
3911,new,1708732800.0,03/03/2000,M,Ánh Phạm,09 Jane Ngõ,Bình Dương,VN,535164
4238,new,1708732800.0,14/02/1989,M,Phương Bùi,546 Jane Khu,Hà Nội,VN,709970
1889,new,1708819200.0,27/02/1972,M,Bà Lâm Hoàng,8 John Hẻm,Bắc Ninh,VN,730439
4629,new,1708819200.0,23/09/1987,M,Chị Vi Trần,3 Nguyễn Làng,Hải Phòng,VN,858138
4787,new,1708819200.0,17/01/2001,M,Dũng Hoàng Bùi,9 Jane Làng,Bà Rịa - Vũng Tàu,VN,718164
2382,new,1708819200.0,17/02/2005,F,Ánh Vũ,690 Jane Ngõ,Hà Nội,VN,338511
2979,new,1708819200.0,06/06/1996,M,Quý cô Lan Mai,04 Phạm Dãy,Thừa Thiên Huế,VN,924681
2417,new,1708819200.0,13/10/1987,M,Phương Dương,1 Mai Đường,Bắc Ninh,VN,747062
3768,new,1708819200.0,15/02/1997,F,Nhật Thế Hoàng,7 John Làng,Thừa Thiên Huế,VN,135820
4920,update,1708819200.0,08/07/1992,M,Chị Chi Đặng,94 Hoàng Hẻm,Huế,VN,177050
1105,new,1708905600.0,14/01/1996,F,Tùng Mai Bảo Lê,36 John Ngõ,Hải Dương,VN,251530
4992,new,1708905600.0,04/08/1992,M,Cô Chi Nguyễn,8 John Khu,Hồ Chí Minh,VN,210698
4391,new,1708905600.0,18/09/1983,M,Lâm Trần,3 Mai Ngõ,Quảng Ninh,VN,638640
2491,new,1708905600.0,24/04/1977,M,Bác Hoàng Lê,62 Dương Số,Hải Phòng,VN,243566
1340,new,1708905600.0,05/10/2004,F,Cô Kim Hoàng,78 Jane Số,Đà Nẵng,VN,740292
2516,new,1708905600.0,30/04/2002,M,Anh Tùng Hoàng,2 Jane Làng,Hải Dương,VN,874855
1137,new,1708905600.0,08/09/1998,F,Bà Hương Bùi,53 John Khu,Bắc Ninh,VN,255840
1001,new,1708992000.0,09/08/1996,F,Thành Văn Lê,971 Phạm Khu,Bắc Ninh,VN,520471
2172,new,1708992000.0,30/06/1995,F,Ông Quang Vũ,2 Jane Ngõ,Hải Dương,VN,176537
2851,new,1708992000.0,28/04/1979,M,Quý cô Mai Trần,512 John Dãy,Hải Phòng,VN,268703
3985,new,1708992000.0,10/05/1981,F,Yến Dương,3 John Làng,Khánh Hòa,VN,242324
2305,new,1709078400.0,20/07/1997,M,Hà Thế Nguyễn,7 Phạm Ngõ,Hải Phòng,VN,786097
1955,new,1709078400.0,11/08/2007,F,Chị An Đặng,436 John Ngõ,Hà Nội,VN,589472
1274,new,1709078400.0,17/06/1992,F,Bà Linh Nguyễn,8 John Dãy,Bà Rịa - Vũng Tàu,VN,727410
2333,new,1709078400.0,28/09/2004,M,Thành Đặng,621 John Đường,Quảng Ninh,VN,843816
3863,new,1709078400.0,11/08/2006,M,Vũ Tấn Trần,44 Jane Làng,Quảng Ninh,VN,725900
1512,new,1709164800.0,15/07/1989,M,Chị Hà Nguyễn,1 Jane Số,Quảng Ninh,VN,544906
4499,new,1709164800.0,01/01/2002,M,Hải Thế Trần,891 John Ngõ,Bắc Ninh,VN,330791
1564,update,1709251200.0,03/01/1979,F,Bác Tùng Mai,460 John Tổ,Hải Phòng,VN,915558
3849,new,1709251200.0,21/01/1996,F,Mai Dương,2 Jane Khu,Hải Dương,VN,624390
2782,new,1709251200.0,20/10/1983,M,Anh Anh Bùi,2 Jane Số,Bà Rịa - Vũng Tàu,VN,799487
2279,new,1709337600.0,05/12/1998,M,Quý ông Huy Lê,11 Hoàng Làng,Quảng Ninh,VN,976748
3495,new,1709337600.0,30/09/2002,F,Mai Dương,70 Jane Hẻm,Thừa Thiên Huế,VN,979564
1182,new,1709337600.0,22/07/2002,F,Quý cô Duyên Vũ,519 John Số,Cần Thơ,VN,826434
2587,new,1709337600.0,16/09/2004,M,Khoa Nguyễn,80 Vũ Ngõ,Hà Nội,VN,270848
2608,new,1709424000.0,10/08/1995,M,Quý ông Anh Phạm,9 Đặng Khu,Hải Phòng,VN,126039
3507,new,1709424000.0,06/04/1981,M,Nhiên Mai,561 Lê Dãy,Nghệ An,VN,150461
1978,new,1709424000.0,08/10/2000,M,Bà Thành Trần,195 Jane Khu,Thừa Thiên Huế,VN,665539
2138,new,1709424000.0,20/06/2002,F,Thành Dương,564 Bùi Hẻm,Lâm Đồng,VN,213255
2437,new,1709424000.0,23/12/1968,M,Thảo Hoàng,4 Dương Hẻm,Lâm Đồng,VN,115418
1514,new,1709424000.0,29/11/1987,M,Cô Kim Lê,441 John Dãy,Thừa Thiên Huế,VN,269292
3204,new,1709424000.0,17/03/2002,M,Ánh Phạm,56 Trần Ngõ,Lâm Đồng,VN,324714
3987,new,1709424000.0,03/06/1998,M,Tùng Đức Phạm,522 Jane Hẻm,Khánh Hòa,VN,331746
1943,new,1709510400.0,20/12/1989,F,Ông Huy Dương,8 Nguyễn Đường,Bà Rịa - Vũng Tàu,VN,817955
4658,new,1709510400.0,28/05/2004,F,Minh Thị Dương,7 John Làng,Bà Rịa - Vũng Tàu,VN,694732
4101,new,1709510400.0,06/06/1996,M,Hồng Nguyễn,6 Jane Số,Bắc Ninh,VN,371057
4358,new,1709510400.0,26/08/2005,M,Khoa Đặng,09 John Khu,Đà Nẵng,VN,376624
2212,new,1709510400.0,15/04/2007,M,Bà Hạnh Mai,178 Nguyễn Làng,Bà Rịa - Vũng Tàu,VN,866854
4456,new,1709510400.0,20/12/1981,M,Cô Nhật Trần,55 Bùi Dãy,Hải Dương,VN,125439
3270,update,1709596800.0,24/07/1980,F,Trung Phạm,44 Lê Tổ,Vinh,VN,754787
2690,new,1709596800.0,25/05/2004,M,Bà Yến Lê,736 Jane Làng,Khánh Hòa,VN,803136
4777,new,1709596800.0,25/05/1993,F,Quý cô Phương Trần,22 Đặng Khu,Hải Phòng,VN,801073
3594,new,1709596800.0,15/03/2001,F,Khoa Mai,597 Bùi Ngõ,Hồ Chí Minh,VN,134278
4426,new,1709596800.0,14/05/1991,M,Dũng Phú Lê,1 Jane Dãy,Lâm Đồng,VN,371319
4772,update,1709596800.0,15/04/1981,F,Trung Trần,720 Phạm Đường,Hồ Chí Minh,VN,411645
4042,new,1709683200.0,06/09/1997,F,Ông Hưng Trần,34 John Hẻm,Bình Dương,VN,281377
2326,new,1709683200.0,03/04/2005,M,Lan Phạm,1 John Khu,Hồ Chí Minh,VN,706445
2000,new,1709683200.0,16/10/1986,F,Chị Kim Lê,11 Nguyễn Hẻm,Đồng Nai,VN,150478
4441,update,1709683200.0,11/09/2005,M,Quý ông Tùng Trần,407 John Làng,Cần Thơ,VN,876254
3896,new,1709683200.0,08/01/1982,M,Thành Tấn Mai,757 Trần Đường,Lâm Đồng,VN,314003
3167,new,1709769600.0,06/04/2001,M,Khoa Nguyễn,106 Vũ Hẻm,Khánh Hòa,VN,776339
4883,new,1709769600.0,13/08/2006,M,Mai Lê,12 Trần Số,Đồng Nai,VN,416695
1495,new,1709856000.0,21/11/2006,M,Nhiên Hữu Dương,134 John Số,Hải Phòng,VN,470491
1366,new,1709856000.0,20/09/2001,F,Cô Hạnh Nguyễn,95 Mai Hẻm,Hải Phòng,VN,964770
3232,new,1709856000.0,03/01/1975,F,Chị Vi Lê,6 Vũ Đường,Nghệ An,VN,826311
3727,new,1709942400.0,01/06/2006,M,Khoa Dương,5 Jane Khu,Hải Dương,VN,785093
1483,new,1709942400.0,28/11/2004,F,Quý ông Tùng Phạm,520 John Làng,Đồng Nai,VN,510994
4273,new,1709942400.0,15/07/2002,M,Dũng Hoàng Dương,754 John Đường,Bà Rịa - Vũng Tàu,VN,954428
1442,new,1709942400.0,03/07/2003,F,Anh Quang Hoàng,5 Jane Đường,Bắc Ninh,VN,673633
2707,update,1709942400.0,03/10/1987,F,Ánh Bùi,0 Nguyễn Làng,Nghệ An,VN,440073
4020,new,1709942400.0,15/01/2002,M,Bác Bảo Bùi,9 Jane Khu,Bắc Ninh,VN,130972
1749,new,1710028800.0,03/10/1990,M,Kim Dương,919 Hoàng Số,Lâm Đồng,VN,545800
4150,new,1710028800.0,13/10/1998,F,Bà Vi Trần,057 Jane Khu,Hồ Chí Minh,VN,425319
4180,new,1710028800.0,19/06/1999,F,Ông Châu Vũ,5 Bùi Tổ,Khánh Hòa,VN,394740
3622,new,1710028800.0,10/12/1982,M,Quang Đặng,128 John Hẻm,Hải Dương,VN,304156
1741,new,1710028800.0,13/10/1977,F,Cô Dương Lê,388 Đặng Đường,Khánh Hòa,VN,414719
1806,new,1710028800.0,23/02/1997,M,Quý cô Dương Bùi,7 John Số,Nghệ An,VN,419124
4262,new,1710115200.0,18/02/1980,M,Hải Đặng,27 Jane Làng,Thừa Thiên Huế,VN,379986
4298,new,1710115200.0,27/11/1998,M,Phúc Trí Nguyễn,6 Jane Ngõ,Cần Thơ,VN,619191
3481,new,1710115200.0,21/09/1987,F,Bác Minh Trần,999 Nguyễn Làng,Khánh Hòa,VN,853343
2761,new,1710115200.0,12/10/2003,F,Chị Phương Phạm,3 Phạm Khu,Hà Nội,VN,892010
1026,new,1710115200.0,06/05/1982,F,Chị Hải Bùi,800 Vũ Hẻm,Khánh Hòa,VN,739993
4830,new,1710115200.0,28/08/2007,M,Phương Mai Dương,64 Nguyễn Làng,Cần Thơ,VN,240383
2202,new,1710201600.0,09/10/1979,F,Bà Thảo Mai,51 Hoàng Khu,Thừa Thiên Huế,VN,584307
1501,new,1710201600.0,01/02/1980,M,Anh Nam Bùi,55 Mai Khu,Thừa Thiên Huế,VN,434543
1929,new,1710201600.0,13/04/1999,F,Nhiên Đức Bùi,0 John Tổ,Thừa Thiên Huế,VN,323748
2133,new,1710374400.0,26/12/1982,M,Khoa Bảo Phạm,2 Nguyễn Làng,Thừa Thiên Huế,VN,457673
3761,update,1710374400.0,11/07/2002,M,Duyên Mai,08 Jane Ngõ,Hải Phòng,VN,362042
3069,new,1710374400.0,29/11/2006,M,Anh Nguyễn,6 Phạm Số,Hải Dương,VN,716070
2065,new,1710374400.0,29/05/1999,M,Châu Vũ,043 Mai Khu,Quảng Ninh,VN,953329
3934,new,1710374400.0,16/07/1985,F,Quý cô Dương Phạm,683 Dương Làng,Đà Nẵng,VN,121367
2443,new,1710374400.0,12/06/2003,M,Nam Đức Nguyễn,105 Jane Khu,Hải Phòng,VN,214063
4844,new,1710460800.0,08/10/1988,M,Bà Phương Trần,6 Jane Làng,Lâm Đồng,VN,139832
1278,new,1710460800.0,29/10/1998,M,Nam Đặng,6 Dương Khu,Hà Nội,VN,986695
1739,new,1710460800.0,06/05/2003,F,Quý cô Mai Trần,48 John Tổ,Bình Dương,VN,164840
4354,new,1710460800.0,06/10/1983,M,Huy Trí Hoàng,88 John Đường,Nghệ An,VN,171051
3399,new,1710460800.0,10/12/1997,F,Nam Trí Dương,19 Đặng Số,Bà Rịa - Vũng Tàu,VN,607705
2584,new,1710460800.0,06/12/1989,M,Chị Phương Nguyễn,404 Vũ Làng,Thừa Thiên Huế,VN,337696
1180,new,1710547200.0,01/07/1984,M,Cô Thảo Dương,9 John Đường,Bình Dương,VN,141022
1296,new,1710547200.0,08/07/2004,F,Hoàng Thị Phạm,87 Jane Dãy,Bà Rịa - Vũng Tàu,VN,403394
4780,new,1710547200.0,27/02/1982,F,Chị Nhật Nguyễn,115 John Đường,Nghệ An,VN,329244
2608,update,1710547200.0,10/08/1995,M,Quý ông Anh Phạm,4 Hoàng Làng,Nha Trang,VN,714697
3819,new,1710633600.0,14/12/2004,F,Ông Tú Vũ,68 John Dãy,Bắc Ninh,VN,706942
1118,new,1710633600.0,14/07/1977,F,Huy Bảo Phạm,834 Phạm Làng,Lâm Đồng,VN,861374
1426,new,1710633600.0,13/07/1989,M,Nam Lê,281 Jane Đường,Lâm Đồng,VN,479890
3367,new,1710633600.0,05/05/1986,F,Minh Vũ,7 John Hẻm,Cần Thơ,VN,859616
4275,new,1710633600.0,28/06/1999,M,Hải Mai,32 Vũ Tổ,Bình Dương,VN,198445
1881,new,1710633600.0,08/05/2000,F,Quang Mai,46 John Khu,Hồ Chí Minh,VN,642558
1038,new,1710633600.0,09/03/2007,M,Kim Trần,85 Jane Tổ,Nghệ An,VN,767711
3774,new,1710633600.0,18/02/1993,F,Khoa Nguyễn,139 Jane Đường,Khánh Hòa,VN,806386
1709,new,1710720000.0,23/08/1999,M,Nhiên Hải Đặng,5 Nguyễn Tổ,Hồ Chí Minh,VN,920794
1352,new,1710720000.0,09/04/1997,F,Quang Hoàng,37 Nguyễn Làng,Bà Rịa - Vũng Tàu,VN,376829
2921,update,1710806400.0,27/06/2003,M,Trung Vũ,729 John Đường,Hải Phòng,VN,262929
2351,new,1710806400.0,10/09/2001,F,Chị Nhật Bùi,024 Nguyễn Khu,Hồ Chí Minh,VN,358595
3841,new,1710806400.0,11/11/1989,F,Bà An Hoàng,032 Jane Tổ,Bắc Ninh,VN,909446
4304,new,1710806400.0,31/10/2000,F,Quý ông Khoa Đặng,3 John Số,Khánh Hòa,VN,723112
2470,new,1710892800.0,22/02/1980,M,Trung Trần,1 John Dãy,Cần Thơ,VN,151856
4807,new,1710892800.0,20/03/1999,F,Bác Quang Hoàng,78 Đặng Ngõ,Đà Nẵng,VN,316872
1236,new,1710979200.0,19/04/1999,F,Hà Phú Phạm,19 Lê Dãy,Bình Dương,VN,344426
4414,new,1710979200.0,16/10/1992,F,Quý cô Yến Phạm,861 Jane Hẻm,Hải Phòng,VN,503165
2074,new,1710979200.0,29/07/1985,M,Hoàng Đức Lê,5 John Làng,Đồng Nai,VN,789106
1146,new,1710979200.0,10/12/2005,F,Ông Châu Đặng,9 Vũ Số,Hải Dương,VN,110145
4176,new,1711065600.0,12/03/1991,M,Khoa Phạm,845 Hoàng Ngõ,Khánh Hòa,VN,136980
3741,new,1711065600.0,11/10/1983,F,Ông Trọng Nguyễn,699 Trần Làng,Nghệ An,VN,666601
2031,new,1711065600.0,09/03/2006,F,Tú Mai Bảo Lê,5 John Ngõ,Nghệ An,VN,712040
2367,new,1711065600.0,02/07/1997,M,Hạnh Mai,2 John Hẻm,Cần Thơ,VN,259516
3786,new,1711065600.0,05/09/1974,F,Nhiên Thị Trần,53 Vũ Dãy,Quảng Ninh,VN,133335
3613,new,1711065600.0,08/06/1995,M,Anh Trọng Mai,50 Jane Ngõ,Hồ Chí Minh,VN,840861
4004,new,1711152000.0,27/11/2001,F,Quang Hữu Bùi,7 Dương Số,Bình Dương,VN,145499
1420,new,1711152000.0,15/02/2006,M,Hạnh Quang Dương,4 Hoàng Ngõ,Khánh Hòa,VN,709344
4215,update,1711152000.0,14/10/1996,M,Hồng Vũ,1 John Tổ,Đà Nẵng,VN,741095
1900,new,1711152000.0,05/08/2007,F,Cô Hải Nguyễn,7 Hoàng Hẻm,Hồ Chí Minh,VN,977887
4432,new,1711238400.0,06/11/2007,F,Bảo Bảo Nguyễn,82 Jane Dãy,Khánh Hòa,VN,543745
1446,new,1711238400.0,18/09/2004,F,Quý ông Thành Nguyễn,468 Jane Tổ,Đà Nẵng,VN,871634
1220,new,1711238400.0,09/02/2002,F,Thành Văn Bùi,785 John Tổ,Đà Nẵng,VN,676947
1371,new,1711238400.0,09/09/1973,M,Bác Dũng Bùi,91 John Số,Bắc Ninh,VN,235519
3812,new,1711238400.0,20/05/2001,M,Hoàng Xuân Trần,99 Jane Tổ,Hồ Chí Minh,VN,426757
3880,new,1711238400.0,12/11/1986,F,Dũng Đức Hoàng,18 Vũ Làng,Hà Nội,VN,712006
1018,new,1711238400.0,30/07/1999,F,Bà Ánh Trần,6 Lê Dãy,Bà Rịa - Vũng Tàu,VN,122424
3363,new,1711238400.0,25/10/1988,M,Bảo Quang Lê,530 Phạm Hẻm,Hải Dương,VN,106639
2076,update,1711238400.0,05/07/1967,M,Bảo Đặng,95 John Khu,Cần Thơ,VN,338361
2951,new,1711238400.0,11/11/1965,M,Châu Thế Mai,2 Jane Làng,Hải Phòng,VN,934632
1687,new,1711324800.0,28/12/2000,M,Vũ Vũ,21 John Ngõ,Khánh Hòa,VN,971955
3419,new,1711324800.0,15/09/1998,M,Bác Minh Phạm,98 Mai Đường,Hải Phòng,VN,311963
4516,new,1711324800.0,20/06/1994,F,An Trần,8 Jane Tổ,Hà Nội,VN,753985
4073,new,1711324800.0,29/06/2003,F,Nhiên Lê,01 Lê Tổ,Đà Nẵng,VN,651233
1675,new,1711324800.0,14/09/1998,M,Quý cô Hồng Hoàng,0 Bùi Số,Đồng Nai,VN,545186
3648,new,1711324800.0,29/04/1993,F,Anh Hoàng,74 Jane Đường,Đồng Nai,VN,816646
1482,new,1711324800.0,27/11/2002,M,Anh Thành Mai,8 Jane Hẻm,Nghệ An,VN,410293
2204,new,1711324800.0,10/03/1996,F,Nhật Nguyễn,558 Jane Số,Hải Dương,VN,885898
3883,new,1711411200.0,22/02/1986,M,Hồng Lê,320 Vũ Làng,Khánh Hòa,VN,538221
4610,update,1711411200.0,23/11/2001,F,Quý ông Minh Vũ,419 Lê Làng,Bình Dương,VN,298201
3620,new,1711497600.0,01/07/2007,F,Kim Hải Nguyễn,9 John Đường,Bắc Ninh,VN,951342
1667,update,1711497600.0,15/04/1993,M,Cô Vi Lê,6 Jane Số,Hà Nội,VN,458529
1729,new,1711497600.0,28/03/2002,F,Chị Dương Đặng,31 Lê Khu,Lâm Đồng,VN,259615
1510,new,1711497600.0,04/05/1966,F,Nam Trí Nguyễn,37 Vũ Khu,Bà Rịa - Vũng Tàu,VN,848216
4062,new,1711497600.0,18/06/1989,F,Quang Vũ,16 Trần Hẻm,Bắc Ninh,VN,519976
1117,new,1711497600.0,29/10/2001,F,Hải Mai Lê,81 Đặng Đường,Khánh Hòa,VN,868301
1060,new,1711497600.0,13/09/2005,M,Duyên Đặng,998 Hoàng Hẻm,Bình Dương,VN,550782
1113,new,1711497600.0,21/02/1988,F,Khoa Đặng,2 Jane Số,Hải Dương,VN,403814
4653,new,1711497600.0,22/08/1969,F,Vũ Hải Lê,691 Jane Làng,Đà Nẵng,VN,479805
4355,new,1711584000.0,31/05/1995,F,Chị Thảo Phạm,2 John Tổ,Lâm Đồng,VN,734265
3966,new,1711584000.0,28/12/1995,F,Trung Nguyễn,313 Jane Làng,Bắc Ninh,VN,295859
1983,new,1711670400.0,02/06/1983,F,Lâm Đặng,2 Jane Số,Bình Dương,VN,378420
3145,new,1711670400.0,28/02/2006,F,Cô Lan Hoàng,820 Vũ Đường,Cần Thơ,VN,411030
2313,new,1711670400.0,30/01/1986,F,Khoa Hải Bùi,947 Mai Làng,Nghệ An,VN,464096
1006,new,1711670400.0,23/07/1997,M,Hồng Hoàng,25 Lê Làng,Hà Nội,VN,467664
2132,new,1711670400.0,11/10/1969,F,Cô Hải Phạm,394 Trần Dãy,Hà Nội,VN,792347
1163,new,1711670400.0,26/09/2001,F,Bác Anh Bùi,6 Nguyễn Ngõ,Hồ Chí Minh,VN,161065
4258,new,1711670400.0,23/01/1997,F,Chị Kim Mai,306 Jane Tổ,Bình Dương,VN,407408
4575,new,1711670400.0,24/09/1981,M,Quý ông Bảo Mai,90 Đặng Tổ,Quảng Ninh,VN,340680
4000,new,1711670400.0,31/01/1993,M,Nhật Trần,04 Jane Làng,Hải Dương,VN,199305
2503,new,1711670400.0,07/08/1991,M,Cô Dương Dương,18 Dương Đường,Hồ Chí Minh,VN,458971
4908,new,1711756800.0,19/12/2001,M,Bà Duyên Phạm,9 Đặng Làng,Bắc Ninh,VN,967535
2580,update,1711756800.0,21/06/2001,M,Mai Dương,35 Mai Khu,Hồ Chí Minh,VN,737800
3028,new,1711756800.0,06/06/1995,F,Ngọc Phạm,473 Hoàng Dãy,Lâm Đồng,VN,367829
2389,new,1711756800.0,16/03/2005,F,Ngọc Đặng,451 Vũ Làng,Cần Thơ,VN,372214
2751,new,1711843200.0,27/10/2003,F,Hạnh Trần,26 Jane Khu,Bắc Ninh,VN,304454
2878,new,1711843200.0,16/07/1997,F,Dũng Trần,4 John Đường,Hà Nội,VN,336163
2591,new,1711843200.0,10/06/2001,M,Anh Châu Trần,84 Phạm Làng,Quảng Ninh,VN,833500
1317,new,1711843200.0,14/05/1986,M,Dũng Mai,70 John Làng,Hà Nội,VN,105462
3788,new,1711843200.0,01/10/1983,M,Thành Vũ,54 John Ngõ,Bà Rịa - Vũng Tàu,VN,237078
3681,new,1711929600.0,10/04/2007,M,Ông Hoàng Vũ,285 Jane Tổ,Hải Phòng,VN,517761
3735,new,1711929600.0,29/07/2000,F,Vũ Đặng,7 Jane Dãy,Lâm Đồng,VN,683931
2546,new,1711929600.0,22/06/2006,F,Nhật Hoàng Dương,4 Trần Ngõ,Bà Rịa - Vũng Tàu,VN,498671
2479,new,1711929600.0,29/09/1993,F,Minh Mai Bảo Trần,080 John Đường,Thừa Thiên Huế,VN,492907
2097,update,1711929600.0,02/03/1999,M,Thành Đức Dương,483 Jane Đường,Bắc Ninh,VN,109223
4299,new,1712016000.0,03/10/1996,F,Quý cô Thảo Đặng,565 Hoàng Khu,Bình Dương,VN,963337
4569,new,1712016000.0,11/10/1983,F,Nam Xuân Dương,240 John Ngõ,Hà Nội,VN,209321
4375,new,1712016000.0,24/12/1988,F,Ông Nam Hoàng,6 John Làng,Hà Nội,VN,862986
2887,new,1712016000.0,04/01/1990,M,Phương Trần,0 John Ngõ,Hải Dương,VN,779943
4223,new,1712016000.0,18/10/1994,M,Khoa Mai,452 John Ngõ,Đà Nẵng,VN,989967
3777,update,1712016000.0,24/02/1977,F,Nhật Hải Mai,91 John Dãy,Khánh Hòa,VN,502065
4103,new,1712016000.0,28/02/1989,F,Bác Hoàng Nguyễn,1 John Tổ,Bắc Ninh,VN,237161
1718,new,1712016000.0,13/12/1986,M,Chi Bùi,910 Hoàng Làng,Đồng Nai,VN,413512
3878,new,1712102400.0,18/10/2007,M,Chị Vi Trần,10 Jane Hẻm,Bà Rịa - Vũng Tàu,VN,915517
1775,new,1712102400.0,06/07/1986,M,Châu Vũ,9 Lê Làng,Bình Dương,VN,939529
2931,update,1712102400.0,10/07/1995,M,Nhiên Mai Bảo Mai,8 Jane Dãy,Lâm Đồng,VN,974457
1161,new,1712102400.0,07/12/2007,F,Dũng Văn Dương,9 Hoàng Dãy,Hải Phòng,VN,114922
3396,new,1712102400.0,01/06/1995,M,Yến Đặng,474 John Số,Hồ Chí Minh,VN,962993
4910,new,1712102400.0,07/09/2007,M,Nhật Xuân Hoàng,064 Jane Số,Nghệ An,VN,834530
1505,new,1712102400.0,27/07/2006,F,Quý cô Hương Lê,309 Trần Ngõ,Quảng Ninh,VN,417567
3373,new,1712102400.0,05/01/1975,F,Linh Nguyễn,51 John Hẻm,Bình Dương,VN,239476
4028,new,1712188800.0,19/08/1993,M,Lâm Đức Trần,527 Jane Khu,Hải Phòng,VN,590048
1869,new,1712188800.0,14/08/1983,M,Quý cô Chi Vũ,182 John Khu,Hải Phòng,VN,113255
4452,new,1712188800.0,13/03/2005,F,Bảo Bảo Phạm,488 Vũ Đường,Hải Dương,VN,875804
3875,new,1712188800.0,01/12/1999,F,Bác Tùng Bùi,4 John Dãy,Bình Dương,VN,807888
1410,new,1712188800.0,21/12/2000,M,Quý cô Phương Lê,084 John Số,Nghệ An,VN,694956
4852,new,1712188800.0,05/09/1999,M,Thành Thế Trần,202 Bùi Khu,Hồ Chí Minh,VN,356827
3685,new,1712188800.0,18/12/1998,F,Quang Quang Dương,9 Jane Số,Hà Nội,VN,620124
1326,new,1712188800.0,05/03/1987,M,Yến Hoàng,2 Mai Số,Bình Dương,VN,460968
1901,new,1712275200.0,19/11/1998,M,Anh Nhiên Đặng,77 Nguyễn Đường,Nghệ An,VN,631876
4654,new,1712275200.0,02/01/1998,F,Lan Vũ,2 Trần Đường,Cần Thơ,VN,127445
2565,new,1712275200.0,04/11/1998,F,Tú Đặng,0 Mai Tổ,Hà Nội,VN,523988
2048,update,1712275200.0,27/07/1998,M,Bảo Mai Phạm,1 Phạm Số,Hải Phòng,VN,453445
2816,new,1712275200.0,11/04/1989,M,Kim Tấn Lê,4 Jane Số,Hải Phòng,VN,243863
4449,new,1712361600.0,04/07/1975,M,Quý cô Hạnh Hoàng,71 Lê Tổ,Hồ Chí Minh,VN,666286
3815,update,1712361600.0,20/10/2004,M,Nhiên Đặng,32 John Dãy,Lâm Đồng,VN,287142
3217,new,1712361600.0,12/01/2000,M,Nhật Hoàng Mai,66 John Tổ,Hồ Chí Minh,VN,794825
2821,new,1712361600.0,17/03/2007,F,Dũng Thị Bùi,660 John Ngõ,Hải Dương,VN,247780
4249,new,1712361600.0,29/01/2000,F,Quý ông Châu Hoàng,868 Bùi Tổ,Bình Dương,VN,386283
1261,new,1712361600.0,15/04/2005,F,Tùng Đặng,52 John Hẻm,Hải Phòng,VN,324323
3121,new,1712361600.0,19/10/2007,M,Tùng Đức Mai,538 Hoàng Khu,Nghệ An,VN,876664
4936,update,1712448000.0,25/07/1991,F,Cô Nhật Trần,73 Lê Làng,Hồ Chí Minh,VN,155123
4663,new,1712448000.0,18/07/2000,F,Bà Lan Mai,656 Vũ Số,Bình Dương,VN,206413
2924,new,1712448000.0,20/09/2001,F,Lan Nguyễn,549 John Hẻm,Đồng Nai,VN,391846
3293,new,1712448000.0,16/12/1998,F,Hồng Vũ,1 Trần Khu,Thừa Thiên Huế,VN,477620
2003,update,1712448000.0,20/08/2004,F,Chị Duyên Trần,6 Jane Đường,Vinh,VN,731724
3723,new,1712534400.0,22/05/1973,F,Khoa Nguyễn,804 Mai Khu,Đà Nẵng,VN,594500
2567,new,1712534400.0,07/06/1991,F,Lâm Hoàng Trần,426 Lê Số,Bắc Ninh,VN,720168
3221,new,1712534400.0,08/11/2001,M,Bác Trọng Trần,7 Jane Đường,Bắc Ninh,VN,949425
4296,new,1712620800.0,25/01/2003,F,Trung Thị Mai,92 Jane Dãy,Khánh Hòa,VN,629912
1531,new,1712620800.0,11/01/1988,F,Nhật Hoàng,485 Dương Ngõ,Hải Dương,VN,498491
2411,update,1712620800.0,01/04/1983,M,Anh Trung Trần,66 Jane Số,Cần Thơ,VN,759204
2443,update,1712620800.0,12/06/2003,M,Tú Trần,105 Jane Khu,Hải Phòng,VN,214063
1244,new,1712707200.0,08/05/2005,F,Nhật Lê,8 Phạm Dãy,Khánh Hòa,VN,589094
2789,new,1712707200.0,15/03/1984,M,Chị Mai Vũ,76 Trần Ngõ,Hà Nội,VN,331612
4597,new,1712793600.0,04/04/1987,F,Thành Thế Phạm,45 Mai Đường,Hà Nội,VN,187828
2321,new,1712793600.0,29/12/1997,F,Quý ông Phúc Trần,050 John Làng,Đà Nẵng,VN,162947
1364,new,1712793600.0,26/12/2006,F,Bác Trung Hoàng,39 Jane Dãy,Đà Nẵng,VN,131897
1213,new,1712793600.0,30/06/2006,M,Hương Phạm,420 Trần Làng,Hải Dương,VN,917820
3480,new,1712793600.0,27/11/1996,M,Bảo Xuân Hoàng,2 John Làng,Bắc Ninh,VN,538272
4608,new,1712793600.0,18/06/2000,F,Vân Trần,0 Mai Đường,Bắc Ninh,VN,103774
4676,new,1712793600.0,18/01/2000,M,Ngọc Nguyễn,5 Jane Ngõ,Hải Dương,VN,849082
3746,new,1712793600.0,29/09/1988,F,Phương Vũ,206 John Dãy,Lâm Đồng,VN,703754
1206,new,1712793600.0,23/06/1989,F,Tùng Thế Dương,40 Dương Ngõ,Lâm Đồng,VN,684708
3027,new,1712880000.0,19/07/1970,M,Bảo Dương,3 Jane Hẻm,Hồ Chí Minh,VN,569181
3711,update,1712880000.0,06/12/1998,M,Dương Mai,05 John Đường,Hồ Chí Minh,VN,568977
2198,new,1712880000.0,16/11/1997,M,Thành Vũ,39 Bùi Hẻm,Hải Phòng,VN,210935
2375,new,1712880000.0,08/07/1990,M,Khoa Đặng,25 Dương Dãy,Bà Rịa - Vũng Tàu,VN,568906
4143,new,1712880000.0,30/08/2004,M,Nhật Đức Mai,5 John Hẻm,Bình Dương,VN,362712
4743,update,1712966400.0,10/07/2004,M,Phương Thị Trần,87 John Số,Lâm Đồng,VN,337554
4928,new,1712966400.0,09/04/1996,M,Anh Tùng Vũ,24 John Số,Hà Nội,VN,990710
2292,new,1712966400.0,05/12/1992,F,Dũng Lê,480 Nguyễn Tổ,Hải Dương,VN,957859
4590,new,1712966400.0,19/07/1998,M,Chị Thành Đặng,7 John Tổ,Hải Phòng,VN,118385
1113,update,1712966400.0,21/02/1988,F,Ông Tú Bùi,2 Jane Số,Hải Dương,VN,403814
2279,update,1713052800.0,05/12/1998,M,Quý ông Huy Lê,5 Phạm Khu,Đà Nẵng,VN,477062
2014,new,1713052800.0,26/04/2005,M,Hạnh Bùi,340 Đặng Khu,Khánh Hòa,VN,540023
1916,new,1713052800.0,01/09/2001,M,Hải Hoàng,763 John Số,Hà Nội,VN,106385
3872,new,1713052800.0,12/02/2007,M,Cô Khoa Đặng,918 John Số,Bình Dương,VN,374610
3333,new,1713052800.0,08/04/2002,M,Anh Thành Đặng,55 Jane Ngõ,Hải Phòng,VN,905192
2839,new,1713052800.0,20/04/2003,F,Chị Phương Hoàng,787 John Khu,Bà Rịa - Vũng Tàu,VN,123415
3965,new,1713052800.0,29/03/2007,F,Ông Nhiên Phạm,4 Jane Khu,Khánh Hòa,VN,482830
2685,new,1713052800.0,02/10/2003,F,Ông Hoàng Dương,922 John Dãy,Bắc Ninh,VN,405481
4156,new,1713139200.0,15/03/1984,F,Dũng Thị Dương,581 John Dãy,Cần Thơ,VN,290726
3438,new,1713139200.0,19/10/1975,M,Huy Đặng,39 John Hẻm,Nghệ An,VN,865720
4208,new,1713139200.0,03/12/2000,F,Hưng Văn Dương,51 John Đường,Bà Rịa - Vũng Tàu,VN,807072
2208,new,1713139200.0,05/01/2005,M,Tùng Phạm,366 Jane Làng,Đà Nẵng,VN,355205
2083,new,1713225600.0,10/11/2003,M,Thành Mai,96 Jane Đường,Quảng Ninh,VN,312437
2317,new,1713225600.0,22/07/1999,M,Hưng Phạm,6 Đặng Làng,Nghệ An,VN,887966
2165,update,1713225600.0,31/08/1996,F,Quý ông Thành Mai,968 John Hẻm,Hải Dương,VN,724185
4157,new,1713225600.0,16/08/2000,M,Chị Xuân Mai,4 Đặng Làng,Khánh Hòa,VN,395298
4203,new,1713225600.0,04/01/2007,F,Hải Đức Đặng,333 Vũ Dãy,Bình Dương,VN,582479
4199,new,1713225600.0,28/06/1982,F,Nhật Vũ,6 Jane Ngõ,Đà Nẵng,VN,939167
4271,new,1713225600.0,12/02/1981,F,Ánh Dương,3 Trần Hẻm,Bình Dương,VN,727269
1758,new,1713225600.0,24/09/2004,F,Quý cô Hương Hoàng,55 John Ngõ,Hải Phòng,VN,139705
2468,new,1713312000.0,18/09/1995,M,Quang Bùi,441 John Hẻm,Khánh Hòa,VN,798759
3785,new,1713312000.0,30/05/1986,F,Quý cô Phương Phạm,55 John Tổ,Hải Dương,VN,580287
3646,new,1713312000.0,02/08/1973,M,Hạnh Vũ,399 Hoàng Dãy,Bà Rịa - Vũng Tàu,VN,270515
1229,new,1713312000.0,10/10/2006,M,Bà Thảo Nguyễn,940 Trần Số,Đà Nẵng,VN,935484
2977,new,1713312000.0,08/03/2003,F,Dũng Mai Đặng,89 Jane Ngõ,Hồ Chí Minh,VN,591042
1839,new,1713398400.0,05/06/1999,M,An Trần,42 Dương Số,Cần Thơ,VN,416880
1362,new,1713398400.0,28/04/1984,M,Quý ông Trọng Đặng,04 John Hẻm,Hải Phòng,VN,627675
4318,new,1713398400.0,28/01/1995,M,Bác Thành Trần,936 John Đường,Thừa Thiên Huế,VN,873486
2431,new,1713398400.0,12/10/2007,F,Hạnh Phạm,6 John Dãy,Hà Nội,VN,827861
2412,new,1713398400.0,23/02/1999,F,Bà Duyên Vũ,529 John Hẻm,Hà Nội,VN,726403
4365,new,1713398400.0,14/12/1989,F,Ông Phúc Nguyễn,2 Dương Làng,Đà Nẵng,VN,242048
3254,new,1713398400.0,10/02/2004,M,Kim Đặng,7 Trần Ngõ,Đồng Nai,VN,797857
3900,new,1713484800.0,01/12/1996,M,Quý cô Thành Đặng,4 John Dãy,Quảng Ninh,VN,187413
2110,new,1713484800.0,08/01/2007,F,Ông Khoa Mai,419 Jane Số,Bình Dương,VN,585488
2603,new,1713484800.0,21/09/1975,M,Hoàng Mai Dương,845 Trần Làng,Bình Dương,VN,489475
3757,new,1713484800.0,30/08/2006,F,Vi Hoàng,27 Jane Hẻm,Hải Dương,VN,317075
2830,new,1713484800.0,25/01/1980,M,Lan Hoàng,1 Mai Số,Quảng Ninh,VN,125858
3762,new,1713484800.0,23/09/2004,M,Khoa Văn Nguyễn,7 John Hẻm,Thừa Thiên Huế,VN,480709
2599,new,1713484800.0,14/01/1983,M,Bà Xuân Trần,15 Đặng Số,Khánh Hòa,VN,637403
2969,new,1713484800.0,12/01/1987,F,Chị Vân Hoàng,93 Nguyễn Ngõ,Hải Phòng,VN,403151
4894,new,1713484800.0,22/07/1975,F,Dũng Phạm,9 John Dãy,Hà Nội,VN,350712
4472,new,1713571200.0,05/08/2003,M,An Mai,831 John Đường,Đà Nẵng,VN,855616
4380,new,1713571200.0,18/06/1972,F,An Thế Hoàng,83 Lê Ngõ,Thừa Thiên Huế,VN,778191
3914,new,1713571200.0,16/06/1993,M,Vân Dương,770 John Số,Hà Nội,VN,125140
3099,new,1713571200.0,24/12/1986,M,Khoa Mai Dương,060 Jane Đường,Quảng Ninh,VN,694456
2595,new,1713571200.0,10/03/1990,F,Bà Nhật Đặng,671 Dương Tổ,Hải Phòng,VN,755337
1379,new,1713571200.0,11/06/1981,M,Hải Trần,1 Nguyễn Đường,Cần Thơ,VN,568697
1115,new,1713571200.0,17/04/1973,F,Chị Hạnh Vũ,04 Nguyễn Khu,Quảng Ninh,VN,132151
4429,new,1713571200.0,26/05/2007,M,Bà Ngọc Dương,898 Mai Số,Bình Dương,VN,670236
1627,update,1713571200.0,05/07/1998,M,Tùng Phú Mai,2 John Đường,Bình Dương,VN,224786
1868,new,1713571200.0,08/06/2002,F,Chị Phương Lê,1 Jane Hẻm,Đồng Nai,VN,315275
2312,new,1713571200.0,01/05/1982,F,Chị Nhật Nguyễn,143 Lê Tổ,Đồng Nai,VN,225863
1831,new,1713657600.0,10/02/2000,M,Dương Lê,55 John Khu,Cần Thơ,VN,439820
1625,new,1713657600.0,01/03/1996,M,Lâm Mai,67 John Dãy,Lâm Đồng,VN,545535
1713,new,1713657600.0,14/08/2005,F,Quý ông Dũng Hoàng,64 Jane Dãy,Nghệ An,VN,842119
1059,new,1713744000.0,04/07/2006,M,Vi Mai,6 Lê Dãy,Đồng Nai,VN,746227
3266,new,1713744000.0,08/02/2004,M,Dũng Dương,441 John Số,Bà Rịa - Vũng Tàu,VN,475893
1198,new,1713744000.0,16/02/2006,M,Bà Hạnh Nguyễn,84 Jane Đường,Nghệ An,VN,708127
3373,update,1713744000.0,05/01/1975,F,Quý cô Khoa Dương,51 John Hẻm,Bình Dương,VN,239476
4069,new,1713744000.0,20/02/2004,F,Nhật Nguyễn,33 Bùi Dãy,Cần Thơ,VN,281039
3533,new,1713744000.0,19/07/2004,M,Bảo Phạm,660 Jane Hẻm,Bình Dương,VN,774215
3309,update,1713744000.0,28/01/1991,F,Chị Linh Nguyễn,4 Hoàng Số,Đà Nẵng,VN,857622
3460,new,1713744000.0,31/10/1986,F,Thành Văn Hoàng,58 Đặng Đường,Lâm Đồng,VN,158948
1131,new,1713830400.0,18/09/1981,F,Nhật Bảo Bùi,55 Jane Làng,Cần Thơ,VN,442239
3055,new,1713830400.0,06/04/2006,F,Kim Nguyễn,471 John Đường,Bình Dương,VN,524697
3581,update,1713830400.0,20/04/1983,F,Khoa Mai Hoàng,7 Jane Khu,Lâm Đồng,VN,500018
4602,new,1713830400.0,22/08/1990,M,Duyên Bùi,277 Hoàng Tổ,Quảng Ninh,VN,545083
4881,new,1713830400.0,07/07/1999,F,Ông Trọng Phạm,10 John Ngõ,Quảng Ninh,VN,358637
3358,new,1713830400.0,29/01/1999,M,Anh Thế Phạm,541 Lê Dãy,Khánh Hòa,VN,500672
4313,update,1713916800.0,03/06/1998,M,Nhật Đức Lê,736 Vũ Ngõ,Nha Trang,VN,462086
4911,new,1713916800.0,22/01/2005,M,Quý cô Yến Vũ,80 John Tổ,Đồng Nai,VN,501063
2442,new,1713916800.0,17/12/1990,F,Quý ông Minh Lê,5 Vũ Tổ,Đà Nẵng,VN,244585
3381,new,1713916800.0,15/01/2002,F,Quý ông Quang Vũ,16 Jane Đường,Khánh Hòa,VN,769429
3767,new,1713916800.0,19/12/1965,M,Yến Trần,38 Trần Làng,Bắc Ninh,VN,445679
2738,new,1713916800.0,24/06/1967,M,Hà Đặng,678 John Dãy,Hà Nội,VN,789600
1850,new,1713916800.0,17/03/1986,F,Hải Dương,0 Nguyễn Đường,Hà Nội,VN,860639
4172,new,1713916800.0,24/04/2001,F,Nhật Nguyễn,0 Jane Số,Đồng Nai,VN,856045
1624,new,1713916800.0,29/09/1983,F,Bảo Vũ,80 Lê Ngõ,Thừa Thiên Huế,VN,270212
4444,update,1714003200.0,10/02/1985,F,Chị An Lê,105 Dương Đường,Hà Nội,VN,696631
4219,new,1714003200.0,30/11/1966,F,Hải Trí Trần,73 Mai Tổ,Hồ Chí Minh,VN,758708
2231,update,1714003200.0,04/04/1983,F,Kim Hoàng,5 Dương Hẻm,Nha Trang,VN,858999
3044,new,1714003200.0,28/01/2004,M,Cô Hạnh Trần,0 Jane Làng,Hải Dương,VN,301931
2254,new,1714003200.0,06/05/1997,F,Anh Trọng Hoàng,086 Dương Dãy,Đồng Nai,VN,692584
1883,new,1714003200.0,20/03/2001,M,Quý cô Lâm Bùi,4 Hoàng Dãy,Hải Phòng,VN,451227
2106,new,1714003200.0,05/03/2006,M,Bà Khoa Phạm,5 Lê Đường,Đồng Nai,VN,388188
2138,update,1714089600.0,20/06/2002,F,Thành Dương,7 John Ngõ,Đà Nẵng,VN,630408
4694,new,1714089600.0,13/09/1982,F,Hạnh Đặng,73 John Hẻm,Cần Thơ,VN,793436
3405,new,1714089600.0,16/03/1983,F,Quý cô Lan Vũ,82 Jane Khu,Khánh Hòa,VN,159028
3487,new,1714089600.0,20/09/1983,M,Yến Vũ,92 Jane Dãy,Hải Dương,VN,158396
3435,new,1714089600.0,15/03/1990,F,Hương Mai,8 Phạm Tổ,Lâm Đồng,VN,966741
4070,new,1714176000.0,18/08/1999,F,Thành Đức Lê,290 Đặng Đường,Cần Thơ,VN,351510
1121,new,1714176000.0,23/07/2004,M,Kim Nguyễn,94 Jane Dãy,Đà Nẵng,VN,268164
4552,new,1714176000.0,25/12/2000,F,Vũ Bùi,866 Lê Đường,Thừa Thiên Huế,VN,503160
4086,update,1714176000.0,23/01/2005,M,Vũ Bùi,4 Lê Khu,Đà Nẵng,VN,443810
1993,new,1714176000.0,14/04/1994,F,Hà Thế Đặng,9 Vũ Tổ,Nghệ An,VN,853761
1875,new,1714176000.0,13/03/2004,F,Bảo Trí Dương,21 Jane Làng,Bình Dương,VN,611842
1801,new,1714262400.0,29/10/1978,M,Phương Dương,38 Dương Đường,Nghệ An,VN,181586
2026,new,1714262400.0,26/09/1995,F,Chị Xuân Lê,89 Jane Ngõ,Hải Dương,VN,964878
1122,new,1714262400.0,20/11/1995,F,Tùng Mai,3 Jane Dãy,Bắc Ninh,VN,300176
3362,new,1714262400.0,13/05/2005,M,Thành Phú Hoàng,696 Phạm Làng,Bình Dương,VN,300383
4121,update,1714262400.0,22/07/2006,M,Bà Hải Dương,48 John Ngõ,Cần Thơ,VN,125488
1753,new,1714348800.0,23/04/1999,M,Khoa Hoàng Mai,20 Hoàng Đường,Hồ Chí Minh,VN,777484
2648,new,1714348800.0,30/09/1991,F,Chị Thành Lê,0 Jane Ngõ,Bà Rịa - Vũng Tàu,VN,164550
2006,new,1714348800.0,21/05/1982,M,Quang Văn Dương,464 Hoàng Làng,Hà Nội,VN,648061
4699,new,1714348800.0,06/02/2006,M,Quý cô Duyên Vũ,458 Lê Dãy,Bình Dương,VN,602234
2679,new,1714348800.0,23/12/1988,M,Bà Kim Đặng,17 Jane Đường,Lâm Đồng,VN,490523
2847,new,1714348800.0,14/03/1999,M,Hà Hữu Nguyễn,8 Jane Tổ,Cần Thơ,VN,230505
3808,new,1714348800.0,11/07/2005,M,Dương Hoàng,4 Lê Đường,Bà Rịa - Vũng Tàu,VN,268116
3552,new,1714348800.0,27/01/2004,M,Phương Hoàng Lê,938 John Khu,Hồ Chí Minh,VN,172543
1021,update,1714348800.0,26/07/1975,M,Nhiên Quang Nguyễn,721 Vũ Làng,Lâm Đồng,VN,756957
2553,new,1714435200.0,19/03/1996,M,Hương Lê,2 Jane Hẻm,Lâm Đồng,VN,701456
1580,update,1714435200.0,28/10/2002,M,Vân Bùi,4 Dương Khu,Hồ Chí Minh,VN,708685
3700,new,1714435200.0,29/08/1996,M,Bác Trung Mai,36 Dương Ngõ,Bà Rịa - Vũng Tàu,VN,197597
4775,new,1714435200.0,26/12/1999,M,Nhật Lê,90 Hoàng Hẻm,Hà Nội,VN,967261
3093,new,1714435200.0,05/09/2000,M,Chị Vân Hoàng,543 Dương Số,Đồng Nai,VN,473712
2283,new,1714435200.0,24/12/2004,M,Bà Bảo Phạm,8 Phạm Tổ,Lâm Đồng,VN,412693
1277,new,1714521600.0,20/09/1995,F,Quang Xuân Hoàng,5 Trần Số,Khánh Hòa,VN,521952
1441,new,1714521600.0,16/01/2001,F,Phương Dương,64 Đặng Đường,Bà Rịa - Vũng Tàu,VN,467603
3931,new,1714521600.0,06/07/1998,F,Phúc Đức Dương,821 Trần Làng,Quảng Ninh,VN,399797
4962,new,1714608000.0,12/07/2006,F,Bà Vi Lê,408 John Số,Cần Thơ,VN,154206
4432,update,1714608000.0,06/11/2007,F,Bảo Bảo Nguyễn,6 Jane Dãy,Vinh,VN,571847
4549,new,1714608000.0,21/01/1999,F,Linh Phạm,830 Jane Đường,Đồng Nai,VN,575887
4332,new,1714608000.0,30/01/1986,M,Lan Bùi,52 Vũ Khu,Hải Dương,VN,500706
3021,new,1714608000.0,02/05/1979,F,Lâm Văn Nguyễn,189 John Số,Cần Thơ,VN,478906
1547,new,1714608000.0,10/06/1971,M,Dương Bùi,4 Jane Khu,Cần Thơ,VN,386497
4284,update,1714608000.0,01/02/2007,F,Duyên Dương,7 Lê Tổ,Hồ Chí Minh,VN,790897
2772,new,1714608000.0,28/02/1999,M,Yến Mai,534 Bùi Khu,Hồ Chí Minh,VN,686164
2079,new,1714608000.0,30/01/2007,F,Nhiên Mai,16 Bùi Làng,Cần Thơ,VN,109322
4510,new,1714694400.0,23/11/1994,M,Bác Trung Hoàng,5 Vũ Hẻm,Bà Rịa - Vũng Tàu,VN,637079
2814,new,1714694400.0,22/05/1981,M,Nhật Phạm,47 Nguyễn Khu,Thừa Thiên Huế,VN,869921
3053,new,1714694400.0,25/09/1999,M,Nhiên Đặng,52 Jane Dãy,Hồ Chí Minh,VN,185042
4337,new,1714694400.0,03/08/1972,F,Nhật Lê,7 Lê Ngõ,Lâm Đồng,VN,473590
2218,new,1714694400.0,03/01/1999,F,An Hữu Hoàng,4 Jane Ngõ,Hà Nội,VN,387385
4321,new,1714694400.0,28/06/1997,F,Hạnh Dương,69 Dương Số,Đồng Nai,VN,244102
2962,new,1714694400.0,04/10/1970,F,Xuân Phạm,148 Jane Ngõ,Bình Dương,VN,572069
2362,new,1714694400.0,14/01/1987,F,Nhiên Hoàng,403 Đặng Dãy,Hải Phòng,VN,647487
3224,new,1714694400.0,08/07/1982,M,Thành Đức Dương,1 Jane Hẻm,Hải Dương,VN,461967
1075,new,1714694400.0,15/12/2006,F,Bà Linh Trần,9 Jane Dãy,Hải Dương,VN,688851
2679,update,1714694400.0,23/12/1988,M,Vũ Trí Trần,17 Jane Đường,Lâm Đồng,VN,490523
4182,new,1714780800.0,09/10/2004,M,Hoàng Lê,4 Lê Đường,Hải Dương,VN,818955
2958,new,1714780800.0,30/04/1999,M,Hà Mai,7 Phạm Dãy,Thừa Thiên Huế,VN,683006
1319,new,1714780800.0,26/04/2003,M,Hải Phú Hoàng,8 Jane Số,Khánh Hòa,VN,711992
2514,new,1714780800.0,25/03/2006,F,Ông Thành Phạm,57 Vũ Làng,Lâm Đồng,VN,342400
1120,update,1714780800.0,27/12/1997,M,Bảo Thế Vũ,36 Hoàng Tổ,Đồng Nai,VN,723102
2398,new,1714780800.0,26/05/1971,F,Chị Kim Nguyễn,17 Đặng Dãy,Lâm Đồng,VN,606070
2017,new,1714780800.0,18/06/1991,M,Hải Lê,72 Jane Ngõ,Hải Phòng,VN,524203
4508,new,1714780800.0,07/01/1974,F,Bảo Dương,26 Jane Đường,Nghệ An,VN,995579
3437,new,1714780800.0,23/09/1967,M,Khoa Đức Nguyễn,4 Jane Hẻm,Đồng Nai,VN,362348
4233,new,1714867200.0,20/10/2004,M,Quý cô Lan Đặng,114 Đặng Dãy,Đà Nẵng,VN,280446
1945,update,1714867200.0,13/07/2005,M,Quý cô An Vũ,976 Jane Khu,Hà Nội,VN,112693
2272,new,1714867200.0,15/06/2001,M,Quý ông Minh Hoàng,9 Đặng Số,Hải Phòng,VN,824322
1161,update,1714867200.0,07/12/2007,F,Quý cô Lâm Trần,9 Hoàng Dãy,Hải Phòng,VN,114922
1075,update,1714953600.0,15/12/2006,F,Bà Linh Trần,985 Jane Tổ,Hải Phòng,VN,927431
2613,new,1714953600.0,05/01/1998,M,Cô Vân Phạm,1 Bùi Khu,Bình Dương,VN,407876
3478,new,1714953600.0,09/07/2004,M,Hải Đức Bùi,659 John Đường,Cần Thơ,VN,146996
3980,new,1714953600.0,21/02/1998,F,Khoa Mai Bảo Đặng,249 Dương Khu,Hồ Chí Minh,VN,231718
3779,new,1715040000.0,28/03/1999,M,Hải Dương,265 Phạm Hẻm,Lâm Đồng,VN,735917
2725,new,1715040000.0,03/05/1993,M,Trọng Văn Vũ,108 Lê Ngõ,Cần Thơ,VN,619137
4306,new,1715040000.0,18/05/1986,F,Bà Hải Mai,6 Lê Làng,Nghệ An,VN,449021
1988,new,1715040000.0,19/07/2004,M,Hải Trần,65 Bùi Hẻm,Đà Nẵng,VN,890823
2939,new,1715040000.0,04/05/1998,F,Quang Hữu Nguyễn,20 John Dãy,Bình Dương,VN,338488
4152,update,1715126400.0,12/12/1980,M,Hạnh Phạm,0 Jane Ngõ,Cần Thơ,VN,591113
2695,update,1715126400.0,11/06/1986,M,Trọng Mai,202 Jane Số,Đà Nẵng,VN,160535
2760,new,1715126400.0,28/02/1990,M,Quý ông Phúc Phạm,52 John Hẻm,Bà Rịa - Vũng Tàu,VN,946901
1084,new,1715126400.0,02/02/2002,M,Lâm Thế Lê,1 Dương Hẻm,Thừa Thiên Huế,VN,984793
1795,new,1715126400.0,28/01/1981,F,Trung Vũ,82 Jane Làng,Hải Dương,VN,344067
2278,new,1715126400.0,08/02/1998,M,Anh Huy Dương,14 Jane Đường,Bắc Ninh,VN,909123
2916,new,1715212800.0,09/12/1979,F,An Mai Bùi,89 Hoàng Làng,Bà Rịa - Vũng Tàu,VN,355965
3310,new,1715212800.0,12/03/2007,F,An Hữu Bùi,017 John Ngõ,Cần Thơ,VN,848080
4185,new,1715212800.0,03/09/1985,F,Anh Bùi,9 John Làng,Đà Nẵng,VN,731828
3575,new,1715212800.0,23/09/2005,M,Cô Thảo Nguyễn,18 Jane Dãy,Hồ Chí Minh,VN,449559
4962,update,1715212800.0,12/07/2006,F,Bà Vi Lê,4 Dương Khu,Nha Trang,VN,863727
1045,new,1715212800.0,22/06/2006,F,Cô Dương Mai,6 John Số,Nghệ An,VN,434476
2775,new,1715212800.0,15/06/1998,F,Trung Quang Dương,24 John Đường,Đà Nẵng,VN,965598
3065,new,1715299200.0,28/12/1980,M,Lâm Thế Trần,1 Dương Tổ,Lâm Đồng,VN,153695
1189,new,1715299200.0,18/10/1985,M,Cô Dương Nguyễn,53 John Đường,Hải Dương,VN,755316
4090,new,1715299200.0,23/12/1969,F,Cô Thành Nguyễn,995 John Hẻm,Cần Thơ,VN,845026
1273,new,1715299200.0,01/06/2001,F,Nhật Hải Hoàng,9 Trần Hẻm,Hải Phòng,VN,596520
3240,new,1715299200.0,17/08/1997,M,Chị Lan Mai,592 John Ngõ,Cần Thơ,VN,201539
1418,new,1715299200.0,06/06/1970,M,Ông Huy Đặng,09 John Tổ,Lâm Đồng,VN,677203
4789,new,1715299200.0,21/03/2003,F,Anh Tú Đặng,1 Jane Ngõ,Hà Nội,VN,727694
3775,update,1715299200.0,03/01/1987,F,Anh Huy Dương,7 Mai Dãy,Bình Dương,VN,753811
3946,new,1715299200.0,03/05/2002,M,Kim Dương,3 Dương Đường,Đà Nẵng,VN,612398
3978,new,1715299200.0,22/08/1986,F,Hưng Lê,9 Trần Số,Hải Phòng,VN,820735
3823,new,1715299200.0,07/10/1997,F,Ngọc Lê,5 John Dãy,Bình Dương,VN,930432
4497,new,1715385600.0,21/04/1970,F,Cô Linh Lê,07 Lê Khu,Hà Nội,VN,210195
1379,update,1715385600.0,11/06/1981,M,Hải Trần,00 Jane Khu,Cần Thơ,VN,788085
4489,new,1715385600.0,26/08/2002,F,Hoàng Trần,6 Phạm Số,Bình Dương,VN,942633
2585,new,1715385600.0,08/07/2007,F,Bác Hoàng Lê,52 John Khu,Lâm Đồng,VN,126490
1340,update,1715385600.0,05/10/2004,F,Chị Vân Mai,78 Jane Số,Đà Nẵng,VN,740292
4106,new,1715385600.0,26/10/2003,F,Anh Hoàng Dương,7 Nguyễn Ngõ,Lâm Đồng,VN,947068
3569,new,1715472000.0,25/05/2001,F,Anh Tùng Lê,2 Vũ Số,Hải Dương,VN,928182
4226,new,1715472000.0,25/03/2003,M,Cô Ngọc Nguyễn,94 Đặng Đường,Khánh Hòa,VN,608509
3937,new,1715472000.0,31/03/2006,M,Anh Trọng Vũ,1 Jane Số,Bắc Ninh,VN,601321
1579,new,1715472000.0,02/08/1984,M,Chị Phương Dương,766 Vũ Khu,Hồ Chí Minh,VN,424240
3850,new,1715558400.0,18/12/1995,M,Tú Văn Trần,9 Lê Làng,Hải Dương,VN,261345
3358,update,1715558400.0,29/01/1999,M,Anh Thế Phạm,258 John Ngõ,Đà Nẵng,VN,682611
4716,new,1715558400.0,27/01/1985,M,Quý ông Khoa Lê,695 John Tổ,Bà Rịa - Vũng Tàu,VN,495296
1658,new,1715558400.0,21/04/1968,F,Thảo Dương,0 Mai Tổ,Lâm Đồng,VN,454955
4798,new,1715644800.0,01/07/1997,F,Hà Phạm,8 Jane Dãy,Đà Nẵng,VN,543903
4357,new,1715644800.0,14/05/1966,F,Chi Đặng,219 Jane Khu,Đồng Nai,VN,629886
1001,update,1715644800.0,09/08/1996,F,Huy Trần,971 Phạm Khu,Bắc Ninh,VN,520471
2764,new,1715644800.0,07/01/1996,F,Phương Hoàng,508 Mai Hẻm,Thừa Thiên Huế,VN,983391
4938,new,1715731200.0,26/09/2001,F,Chị Kim Dương,720 Jane Khu,Hải Dương,VN,302328
2919,new,1715731200.0,26/09/1989,M,Hải Thế Mai,083 Trần Làng,Nghệ An,VN,713516
4890,new,1715731200.0,21/03/1997,M,Chị Hương Bùi,141 Jane Số,Đồng Nai,VN,941654
3512,new,1715731200.0,26/05/1997,M,Cô Thảo Mai,6 John Hẻm,Hà Nội,VN,351764
2893,new,1715731200.0,07/07/1994,M,Phúc Thị Lê,8 Mai Số,Hải Dương,VN,738275
4808,new,1715731200.0,20/02/1986,F,Quý cô Vi Phạm,0 Jane Dãy,Thừa Thiên Huế,VN,436123
4195,update,1715731200.0,26/03/1993,F,Chị Ánh Hoàng,655 Jane Hẻm,Hải Phòng,VN,872166
4733,new,1715731200.0,05/08/1983,F,Quý ông Khoa Phạm,6 John Ngõ,Nghệ An,VN,948726
3410,new,1715817600.0,03/03/1998,F,Nhật Văn Nguyễn,30 Jane Tổ,Khánh Hòa,VN,770633
1353,new,1715817600.0,15/10/2003,M,Hương Lê,03 Bùi Ngõ,Hà Nội,VN,422491
4104,new,1715817600.0,18/12/1991,M,Bà Hà Hoàng,735 Jane Dãy,Đồng Nai,VN,463924
4891,new,1715904000.0,21/03/1997,M,Hồng Vũ,482 Hoàng Dãy,Hải Dương,VN,956024
2399,new,1715904000.0,30/01/1999,M,Ông Nhiên Phạm,5 Vũ Ngõ,Hải Dương,VN,563321
4468,new,1715904000.0,15/06/1987,F,Bà Vi Trần,78 Jane Hẻm,Quảng Ninh,VN,804281
2459,new,1715990400.0,12/02/2004,F,Quý cô Lâm Bùi,66 Bùi Hẻm,Lâm Đồng,VN,839559
1843,new,1716076800.0,27/09/1996,F,Nhật Phạm,75 Jane Dãy,Hải Phòng,VN,177713
3332,new,1716076800.0,14/01/1997,M,Tùng Nguyễn,324 Lê Dãy,Thừa Thiên Huế,VN,620480
2338,new,1716076800.0,22/03/2004,M,Anh Quang Dương,940 Dương Số,Cần Thơ,VN,245861
1515,new,1716076800.0,01/03/1993,M,Hà Vũ,4 John Khu,Hà Nội,VN,142339
2245,new,1716076800.0,03/02/1992,M,Kim Thị Trần,3 Bùi Đường,Lâm Đồng,VN,143340
4259,new,1716076800.0,30/05/1974,M,Cô Vi Bùi,9 Lê Đường,Khánh Hòa,VN,163109
4960,new,1716163200.0,09/10/2002,M,Nhật Phú Bùi,4 John Số,Cần Thơ,VN,550611
1369,new,1716163200.0,11/09/1998,F,Anh Nam Mai,792 Trần Tổ,Quảng Ninh,VN,611505
4982,new,1716163200.0,04/04/1981,F,Nhật Nguyễn,71 John Số,Đồng Nai,VN,574872
3529,new,1716163200.0,03/06/2002,F,Nhật Bùi,67 Jane Tổ,Đà Nẵng,VN,902223
1737,new,1716163200.0,25/05/1990,M,Quý cô Hạnh Mai,227 Nguyễn Ngõ,Lâm Đồng,VN,436894
1452,new,1716163200.0,25/04/2006,M,Bác Trung Mai,579 Jane Khu,Đồng Nai,VN,802929
3391,new,1716163200.0,12/02/2003,F,Bảo Dương,26 John Ngõ,Đồng Nai,VN,479257
2132,update,1716249600.0,11/10/1969,F,Thảo Đặng,394 Trần Dãy,Hà Nội,VN,792347
3238,new,1716249600.0,16/08/1965,M,Khoa Bảo Lê,485 Mai Ngõ,Khánh Hòa,VN,945620
4784,new,1716249600.0,26/02/1998,M,Phương Xuân Lê,15 Dương Làng,Quảng Ninh,VN,640775
3895,new,1716249600.0,25/01/1992,F,Minh Văn Lê,66 John Số,Quảng Ninh,VN,339487
1278,update,1716249600.0,29/10/1998,M,Nam Đặng,04 John Hẻm,Huế,VN,326965
4111,new,1716336000.0,21/09/2004,F,Bác Phúc Mai,1 Hoàng Số,Thừa Thiên Huế,VN,853828
1622,new,1716336000.0,16/06/1967,M,Lâm Hoàng Lê,53 Phạm Khu,Cần Thơ,VN,340901
2327,new,1716336000.0,14/02/2001,M,Bác Quang Trần,269 Jane Làng,Đồng Nai,VN,584715
3652,new,1716336000.0,12/09/1992,F,Phương Lê,49 Hoàng Hẻm,Bắc Ninh,VN,368448
2727,new,1716336000.0,08/02/2000,F,Hồng Hoàng,4 John Đường,Nghệ An,VN,713631
3888,new,1716422400.0,06/03/1986,M,Hải Hải Nguyễn,86 Đặng Ngõ,Bà Rịa - Vũng Tàu,VN,721163
3011,new,1716422400.0,09/09/1981,F,Cô Vi Trần,4 Nguyễn Tổ,Hải Dương,VN,460348
1516,new,1716422400.0,24/03/2003,F,Ông Bảo Nguyễn,1 John Tổ,Hồ Chí Minh,VN,116796
3607,new,1716422400.0,15/09/2001,M,Bà Hà Vũ,24 Bùi Khu,Quảng Ninh,VN,115882
2251,new,1716422400.0,17/08/1996,M,Tú Hoàng Vũ,958 Nguyễn Khu,Bắc Ninh,VN,827030
3333,update,1716422400.0,08/04/2002,M,Cô Hạnh Lê,55 Jane Ngõ,Hải Phòng,VN,905192
1790,new,1716508800.0,27/03/1969,M,Nhật Quang Nguyễn,6 Hoàng Làng,Đà Nẵng,VN,627127
1295,new,1716508800.0,10/08/1997,M,Trọng Đức Đặng,073 Trần Ngõ,Bình Dương,VN,240552
1610,new,1716508800.0,28/11/2000,M,Cô Duyên Vũ,8 Nguyễn Làng,Khánh Hòa,VN,118517
2354,new,1716508800.0,10/08/2003,M,Bà Lâm Đặng,05 Jane Ngõ,Lâm Đồng,VN,939412
4480,new,1716508800.0,13/12/1983,F,Bà Nhật Vũ,1 Jane Hẻm,Lâm Đồng,VN,471118
2372,new,1716508800.0,21/12/1997,F,Hương Trần,377 Vũ Ngõ,Lâm Đồng,VN,346401
3977,new,1716508800.0,21/10/1985,F,Quý cô Hương Mai,4 Mai Khu,Hà Nội,VN,706054
3590,new,1716595200.0,12/08/1968,F,Bác Tùng Dương,6 Lê Ngõ,Bắc Ninh,VN,386031
1680,new,1716595200.0,29/03/1994,F,Mai Hoàng,0 Trần Hẻm,Cần Thơ,VN,320982
2135,new,1716595200.0,21/05/2000,F,Ông Vũ Nguyễn,72 Dương Làng,Bắc Ninh,VN,917045
2308,new,1716595200.0,10/08/1995,M,Cô Ngọc Dương,24 Bùi Làng,Nghệ An,VN,226098
4324,new,1716595200.0,21/03/1995,M,Bảo Thị Vũ,82 Nguyễn Dãy,Thừa Thiên Huế,VN,182142
3704,new,1716595200.0,14/12/1977,M,Quý cô Mai Trần,1 Dương Hẻm,Đồng Nai,VN,733992
4887,new,1716595200.0,05/11/1982,F,Bảo Mai Bảo Nguyễn,149 Trần Ngõ,Khánh Hòa,VN,434483
1852,new,1716595200.0,26/08/2000,M,Hoàng Bùi,8 Jane Số,Hồ Chí Minh,VN,846458
1297,new,1716595200.0,03/02/1998,M,Bảo Thị Trần,39 Jane Ngõ,Hồ Chí Minh,VN,340695
3851,new,1716595200.0,24/09/1983,M,Cô Khoa Hoàng,967 Hoàng Dãy,Hải Phòng,VN,438019
2903,new,1716681600.0,04/05/1996,F,Chi Nguyễn,0 Trần Đường,Đà Nẵng,VN,873504
1302,new,1716681600.0,17/05/1999,F,Hạnh Hữu Dương,03 John Đường,Hồ Chí Minh,VN,817774
2607,new,1716681600.0,13/09/1998,M,Châu Đặng,77 John Ngõ,Hà Nội,VN,524389
1050,new,1716681600.0,31/08/1996,F,Hạnh Đặng,1 Phạm Làng,Thừa Thiên Huế,VN,790597
1372,new,1716681600.0,20/06/2006,F,Quý cô Nhật Vũ,10 Nguyễn Làng,Hồ Chí Minh,VN,425002
1569,new,1716681600.0,15/06/2001,F,Vân Hoàng,944 Jane Hẻm,Hải Dương,VN,757441
3177,new,1716768000.0,28/09/1969,M,Lâm Phú Phạm,146 Vũ Dãy,Bình Dương,VN,702242
3780,new,1716768000.0,19/07/1998,M,Duyên Trần,84 Bùi Đường,Quảng Ninh,VN,982688
1156,new,1716768000.0,28/03/1977,F,Cô Ngọc Phạm,754 Mai Làng,Đà Nẵng,VN,862858
3570,new,1716768000.0,31/01/1986,F,Bà Nhật Bùi,2 Nguyễn Hẻm,Thừa Thiên Huế,VN,884430
4322,update,1716768000.0,26/05/1998,F,Thảo Mai,768 Trần Hẻm,Hồ Chí Minh,VN,895626
2666,update,1716768000.0,05/02/1997,M,Hà Tấn Dương,5 Bùi Ngõ,Thừa Thiên Huế,VN,438060
2223,new,1716768000.0,26/01/2006,M,Chi Bùi,5 John Ngõ,Bình Dương,VN,167412
3867,new,1716768000.0,29/08/1988,M,Chị Kim Trần,738 Jane Hẻm,Cần Thơ,VN,821505
4104,update,1716768000.0,18/12/1991,M,Anh Dũng Trần,735 Jane Dãy,Đồng Nai,VN,463924
1526,new,1716768000.0,24/04/1996,F,Ông Quang Hoàng,9 Bùi Khu,Bà Rịa - Vũng Tàu,VN,574092
4314,update,1716854400.0,23/05/1996,F,Dương Lê,617 Hoàng Tổ,Hà Nội,VN,472259
2340,new,1716854400.0,16/12/1996,F,Hưng Đức Bùi,3 Bùi Dãy,Bắc Ninh,VN,104685
4585,new,1716854400.0,02/05/2006,M,Hà Thị Dương,7 Trần Làng,Hồ Chí Minh,VN,334255
4204,new,1716854400.0,12/01/2000,F,Chị Lan Nguyễn,8 Jane Số,Bà Rịa - Vũng Tàu,VN,391014
3687,new,1716854400.0,18/04/1982,F,Bà Phương Nguyễn,137 Jane Số,Bà Rịa - Vũng Tàu,VN,582454
3595,new,1716854400.0,08/12/1979,M,Quý ông Tú Lê,1 Đặng Ngõ,Đà Nẵng,VN,780192
1370,new,1716854400.0,12/08/1968,F,Phương Trí Trần,68 John Số,Hà Nội,VN,222590
1194,new,1716854400.0,30/09/1997,F,Hải Hải Lê,007 Jane Dãy,Bà Rịa - Vũng Tàu,VN,436045
3902,new,1716854400.0,29/12/1985,M,Nam Trần,66 Jane Số,Quảng Ninh,VN,413725
3265,new,1716854400.0,04/11/1968,F,Thảo Vũ,9 Đặng Đường,Đồng Nai,VN,725568
1608,new,1716940800.0,06/12/1987,F,Anh Minh Bùi,70 John Đường,Hồ Chí Minh,VN,583876
4304,update,1716940800.0,31/10/2000,F,Quý ông Khoa Đặng,9 Đặng Khu,Nha Trang,VN,103674
1697,new,1716940800.0,09/05/2003,M,Kim Đặng,412 Jane Đường,Nghệ An,VN,536835
1192,new,1716940800.0,04/01/1965,F,Hải Mai,952 Phạm Làng,Đà Nẵng,VN,272367
2233,new,1716940800.0,02/08/2004,M,Tùng Lê,861 Hoàng Khu,Bà Rịa - Vũng Tàu,VN,964567
3274,new,1716940800.0,11/05/1983,F,Mai Đặng,5 Mai Khu,Thừa Thiên Huế,VN,854741
2133,update,1716940800.0,26/12/1982,M,Khoa Bảo Phạm,181 Jane Ngõ,Nha Trang,VN,534340
2515,new,1716940800.0,25/08/2001,F,Lâm Quang Dương,6 Jane Tổ,Bắc Ninh,VN,601925
3384,new,1717027200.0,23/10/2002,F,Hưng Mai,327 John Hẻm,Hồ Chí Minh,VN,461824
2759,new,1717027200.0,04/01/2006,M,Bà Ngọc Nguyễn,3 John Dãy,Lâm Đồng,VN,924229
2475,new,1717027200.0,13/09/1990,M,Trung Mai Bảo Trần,7 Dương Dãy,Thừa Thiên Huế,VN,666473
4060,new,1717027200.0,23/03/2003,M,Chi Bùi,63 Jane Ngõ,Hải Dương,VN,569085
4067,update,1717113600.0,10/05/2001,F,Nam Thế Dương,95 Jane Hẻm,Nha Trang,VN,251097
2026,update,1717113600.0,26/09/1995,F,Chị Xuân Lê,237 Vũ Đường,Nha Trang,VN,736672
3315,new,1717113600.0,07/09/1993,F,Trọng Thị Vũ,70 John Khu,Cần Thơ,VN,271538
2793,new,1717113600.0,25/01/2003,F,Trọng Mai,29 Jane Tổ,Quảng Ninh,VN,904887
1242,new,1717113600.0,04/10/2006,M,Cô Duyên Mai,9 John Ngõ,Khánh Hòa,VN,984290
1046,new,1717113600.0,10/03/1991,F,Tú Hoàng,5 Vũ Tổ,Thừa Thiên Huế,VN,135148
2432,new,1717113600.0,05/10/2000,M,Tú Thị Trần,161 Jane Số,Bắc Ninh,VN,457741
4231,new,1717200000.0,19/09/1985,F,Hà Mai Bảo Nguyễn,359 John Dãy,Bà Rịa - Vũng Tàu,VN,331827
4168,new,1717200000.0,26/11/2005,M,Bà Bảo Trần,166 Bùi Hẻm,Đà Nẵng,VN,621239
2028,update,1717286400.0,28/05/1995,M,Bảo Dương,40 John Tổ,Đà Nẵng,VN,516412
3596,new,1717286400.0,18/02/1989,F,Lan Dương,404 Jane Ngõ,Hải Dương,VN,923808
3032,new,1717286400.0,29/05/1989,F,Vi Mai,411 Vũ Số,Thừa Thiên Huế,VN,691285
3146,new,1717286400.0,09/07/1974,M,Quý cô Hà Dương,13 John Ngõ,Bắc Ninh,VN,247081
3630,update,1717286400.0,15/02/2000,F,Phúc Hoàng Dương,90 John Ngõ,Huế,VN,863635
2273,new,1717286400.0,03/08/2003,M,Hạnh Lê,13 Dương Dãy,Bình Dương,VN,173591
3593,new,1717286400.0,02/01/1995,F,Nhiên Trần,0 Jane Số,Đồng Nai,VN,601978
3179,new,1717286400.0,16/10/2003,M,Minh Mai,8 John Tổ,Hồ Chí Minh,VN,248483
3364,new,1717286400.0,17/11/1967,F,Quý ông Minh Bùi,589 Trần Khu,Bà Rịa - Vũng Tàu,VN,607796
2889,new,1717286400.0,21/12/2004,M,Châu Đặng,8 Jane Khu,Khánh Hòa,VN,313491
1749,update,1717372800.0,03/10/1990,M,Kim Dương,54 Hoàng Ngõ,Cần Thơ,VN,844444
2458,new,1717372800.0,20/02/1995,F,Anh Đặng,21 Nguyễn Làng,Lâm Đồng,VN,607689
1128,new,1717372800.0,14/06/1996,M,Nam Vũ,548 John Ngõ,Thừa Thiên Huế,VN,835208
1601,new,1717372800.0,06/01/2003,M,Linh Vũ,4 Dương Dãy,Cần Thơ,VN,378304
1547,update,1717459200.0,10/06/1971,M,Dương Bùi,246 John Đường,Hà Nội,VN,370682
4049,new,1717459200.0,18/05/2003,F,Tùng Mai,065 Jane Dãy,Cần Thơ,VN,612405
1076,new,1717459200.0,09/01/1991,F,Kim Mai Bảo Bùi,22 Jane Tổ,Quảng Ninh,VN,432689
3013,new,1717459200.0,24/02/2000,F,Bảo Lê,747 John Ngõ,Nghệ An,VN,934703
4230,new,1717459200.0,09/06/1984,M,Quý cô Phương Trần,8 Vũ Đường,Quảng Ninh,VN,195228
3190,new,1717459200.0,01/08/1995,F,Anh Hoàng Dương,68 John Hẻm,Hải Dương,VN,416252
4805,new,1717459200.0,07/06/1980,F,Bà An Bùi,2 Hoàng Tổ,Nghệ An,VN,289992
1447,new,1717545600.0,21/03/1986,M,Bác Quang Phạm,839 Lê Hẻm,Hồ Chí Minh,VN,678960
3216,new,1717545600.0,31/05/2001,M,Vi Nguyễn,00 Jane Dãy,Bắc Ninh,VN,501249
3653,new,1717545600.0,17/01/2001,F,Hương Đặng,8 Trần Tổ,Cần Thơ,VN,648738
3096,new,1717545600.0,27/02/1971,F,Vân Trần,6 Jane Số,Hồ Chí Minh,VN,229737
3874,new,1717545600.0,14/12/2003,F,Hồng Bùi,758 John Làng,Hà Nội,VN,869410
4925,new,1717545600.0,07/01/2000,M,Lan Hoàng,17 John Tổ,Bình Dương,VN,601844
3070,update,1717545600.0,13/05/1997,M,Thành Xuân Hoàng,065 John Ngõ,Hồ Chí Minh,VN,601349
4996,update,1717545600.0,01/01/1999,M,Hạnh Bùi,0 Đặng Làng,Bà Rịa - Vũng Tàu,VN,857348
3707,update,1717632000.0,17/10/2002,M,Thảo Đặng,0 Vũ Ngõ,Vinh,VN,647392
3388,new,1717632000.0,13/01/1988,M,Nhật Bùi,10 Hoàng Làng,Hải Phòng,VN,103974
1360,new,1717632000.0,07/01/1995,M,Anh Phạm,11 John Hẻm,Hồ Chí Minh,VN,714888
4973,new,1717632000.0,18/04/2007,M,Bà Linh Trần,51 Trần Tổ,Hồ Chí Minh,VN,866146
1064,new,1717632000.0,16/07/1995,M,Chi Dương,34 Jane Ngõ,Bắc Ninh,VN,436844
1741,update,1717632000.0,13/10/1977,F,An Đặng,388 Đặng Đường,Khánh Hòa,VN,414719
4117,new,1717632000.0,21/09/1992,M,Hà Nguyễn,561 John Hẻm,Bà Rịa - Vũng Tàu,VN,473860
4853,new,1717718400.0,23/06/1979,M,Chị Duyên Vũ,89 Jane Ngõ,Hồ Chí Minh,VN,198287
1316,new,1717718400.0,11/12/1997,M,Quý ông Trung Bùi,36 John Dãy,Nghệ An,VN,864907
2121,new,1717718400.0,17/01/1996,F,Cô Nhật Lê,0 John Dãy,Bình Dương,VN,946417
3945,new,1717718400.0,22/09/1998,M,Minh Nguyễn,715 John Số,Hải Dương,VN,925488
2614,new,1717718400.0,05/02/1999,F,Chị An Đặng,10 Jane Làng,Bà Rịa - Vũng Tàu,VN,408647
1349,update,1717718400.0,25/04/2002,M,Bác Anh Vũ,230 Vũ Khu,Quảng Ninh,VN,563419
4446,new,1717718400.0,05/11/1994,M,Anh Quang Nguyễn,149 John Hẻm,Đà Nẵng,VN,118689
4754,new,1717804800.0,29/05/2004,M,Thành Mai,938 John Tổ,Hải Phòng,VN,343695
2068,new,1717804800.0,01/12/1997,M,Xuân Trần,0 Dương Đường,Cần Thơ,VN,187934
3677,new,1717804800.0,07/04/1999,M,Bảo Đức Vũ,5 John Dãy,Đà Nẵng,VN,514783
1910,new,1717804800.0,23/01/2004,F,Phúc Hoàng,149 Jane Đường,Quảng Ninh,VN,613268
4270,new,1717804800.0,09/09/1971,M,Chị Hương Vũ,441 Jane Khu,Khánh Hòa,VN,316167
2664,new,1717804800.0,30/05/1987,M,Cô Thảo Vũ,143 Bùi Ngõ,Hà Nội,VN,164883
1234,new,1717804800.0,08/03/1995,F,Hải Phú Phạm,3 Vũ Tổ,Hồ Chí Minh,VN,424317
4845,new,1717804800.0,24/09/2005,F,Anh Anh Dương,04 Jane Đường,Lâm Đồng,VN,656186
3924,new,1717804800.0,07/12/2006,F,Bảo Nguyễn,39 Đặng Đường,Khánh Hòa,VN,804497
2373,new,1717804800.0,19/04/1988,M,Lan Đặng,004 Dương Tổ,Hải Phòng,VN,703187
2128,new,1717804800.0,04/06/1991,M,Nhật Tấn Dương,8 Lê Ngõ,Thừa Thiên Huế,VN,443073
1648,new,1717804800.0,08/10/1968,M,Cô Duyên Lê,66 Trần Đường,Khánh Hòa,VN,288570
3625,new,1717891200.0,17/02/1996,M,Bác Quang Lê,22 John Số,Hà Nội,VN,454292
2213,new,1717891200.0,12/04/2005,F,Tùng Nguyễn,043 John Ngõ,Đồng Nai,VN,590393
4550,new,1717891200.0,16/11/1998,F,Khoa Đức Đặng,4 John Tổ,Quảng Ninh,VN,134557
1890,new,1717891200.0,19/10/1986,F,Nhiên Đặng,37 Bùi Số,Cần Thơ,VN,736261
2590,new,1717977600.0,16/07/1992,M,Dũng Quang Hoàng,48 Đặng Khu,Lâm Đồng,VN,541416
2568,new,1717977600.0,13/09/2000,M,Nhật Quang Phạm,95 Dương Làng,Đà Nẵng,VN,332122
2484,update,1717977600.0,10/12/2005,F,Minh Nguyễn,2 Jane Khu,Cần Thơ,VN,222668
3631,new,1717977600.0,13/06/1971,F,Anh Văn Dương,96 Bùi Ngõ,Đồng Nai,VN,385153
4300,new,1717977600.0,18/11/1988,M,Hải Thế Bùi,62 Phạm Khu,Hải Phòng,VN,336414
1175,new,1718064000.0,04/10/2003,F,Châu Bảo Đặng,819 Đặng Hẻm,Hải Dương,VN,368533
2933,new,1718064000.0,25/08/1997,F,Lâm Thế Phạm,709 Phạm Tổ,Lâm Đồng,VN,888039
2693,new,1718064000.0,21/02/1995,F,Phương Dương,6 Dương Khu,Khánh Hòa,VN,690024
4586,new,1718064000.0,04/02/1965,M,Quý cô Kim Phạm,4 Jane Hẻm,Hải Dương,VN,206792
1135,new,1718064000.0,24/04/1992,M,An Lê,94 Lê Dãy,Đà Nẵng,VN,903899
3286,new,1718064000.0,08/02/2007,F,Phương Mai,7 Jane Số,Đà Nẵng,VN,460004
1496,new,1718064000.0,15/07/2006,F,Bảo Thế Vũ,866 Jane Làng,Khánh Hòa,VN,749130
4248,new,1718150400.0,16/07/1967,F,Quý cô Xuân Nguyễn,2 Jane Tổ,Hải Dương,VN,245229
3956,update,1718150400.0,04/04/1999,F,Dương Nguyễn,01 Đặng Hẻm,Đồng Nai,VN,798758
3923,new,1718150400.0,20/02/2000,M,Trung Hoàng Bùi,17 Trần Làng,Bắc Ninh,VN,319006
4986,new,1718150400.0,16/09/2003,M,Thảo Hoàng,449 Hoàng Khu,Hải Phòng,VN,569850
4151,new,1718236800.0,26/09/1970,F,Thảo Mai,1 Jane Số,Bình Dương,VN,850359
1389,new,1718236800.0,13/08/1979,F,Chị Xuân Vũ,38 Jane Đường,Cần Thơ,VN,293908
1434,new,1718236800.0,11/08/2001,F,Bảo Hải Dương,81 Trần Đường,Hồ Chí Minh,VN,614208
4734,new,1718236800.0,17/03/1995,F,Quý cô Hà Dương,5 John Tổ,Đồng Nai,VN,135457
3848,new,1718236800.0,26/09/2003,F,Khoa Trần,8 Nguyễn Tổ,Hà Nội,VN,365454
4415,new,1718236800.0,25/02/2006,M,Khoa Trần,909 Vũ Khu,Đà Nẵng,VN,160821
3846,new,1718236800.0,17/03/1999,M,Chị Hạnh Vũ,25 John Làng,Thừa Thiên Huế,VN,741462
2723,new,1718323200.0,11/03/2007,M,Khoa Dương,9 John Tổ,Cần Thơ,VN,990504
3180,new,1718323200.0,08/03/1984,M,Thành Hoàng,459 Đặng Khu,Hải Dương,VN,772449
4601,new,1718323200.0,06/03/1984,F,Hưng Hải Nguyễn,83 Dương Làng,Bắc Ninh,VN,917409
1476,new,1718323200.0,09/02/1995,M,Thành Nguyễn,53 Bùi Hẻm,Bắc Ninh,VN,122261
2887,update,1718323200.0,04/01/1990,M,Chị Phương Dương,0 John Ngõ,Hải Dương,VN,779943
3469,new,1718323200.0,26/09/1987,M,Yến Nguyễn,66 Jane Đường,Bắc Ninh,VN,665264
2869,new,1718323200.0,28/06/2001,F,Vân Bùi,6 John Đường,Bắc Ninh,VN,204125
4384,new,1718323200.0,10/05/1973,M,Quý cô Chi Trần,6 Vũ Khu,Khánh Hòa,VN,317757
3971,new,1718409600.0,07/03/2007,M,Anh Thành Vũ,3 Jane Dãy,Hải Phòng,VN,763697
4161,new,1718409600.0,15/12/1999,M,Kim Văn Mai,2 Jane Dãy,Thừa Thiên Huế,VN,284988
4727,new,1718409600.0,06/06/1998,F,Anh Đặng,12 Đặng Số,Nghệ An,VN,811440
4168,update,1718496000.0,26/11/2005,M,Hoàng Hải Hoàng,166 Bùi Hẻm,Đà Nẵng,VN,621239
3158,new,1718496000.0,26/02/1996,F,Quý cô Hà Dương,8 Vũ Tổ,Quảng Ninh,VN,834022
4076,update,1718496000.0,17/08/1986,F,Cô Bảo Vũ,7 John Tổ,Lâm Đồng,VN,441785
3985,update,1718582400.0,10/05/1981,F,Anh Mai,3 John Làng,Khánh Hòa,VN,242324
2105,new,1718582400.0,31/03/1997,F,Chị Nhật Hoàng,53 Jane Tổ,Hải Phòng,VN,620933
2333,update,1718582400.0,28/09/2004,M,Minh Hải Trần,621 John Đường,Quảng Ninh,VN,843816
4120,new,1718582400.0,16/08/1973,M,An Lê,197 Jane Dãy,Hà Nội,VN,388120
1522,new,1718582400.0,20/05/2004,F,Hưng Vũ,57 John Đường,Thừa Thiên Huế,VN,427750
1995,new,1718582400.0,10/07/2006,F,Hạnh Nguyễn,1 Dương Đường,Cần Thơ,VN,672904
2906,new,1718582400.0,09/10/2003,F,Bà Hạnh Mai,79 Jane Khu,Bà Rịa - Vũng Tàu,VN,861097
2632,new,1718582400.0,09/01/1998,F,Cô An Hoàng,56 John Khu,Hải Phòng,VN,723095
4251,new,1718582400.0,11/01/1999,M,Kim Quang Dương,558 Hoàng Số,Bắc Ninh,VN,558708
4267,new,1718582400.0,29/05/1995,F,Cô Khoa Lê,5 Jane Dãy,Bà Rịa - Vũng Tàu,VN,601928
2351,update,1718668800.0,10/09/2001,F,Chị Nhật Bùi,6 John Ngõ,Đà Nẵng,VN,207003
3504,new,1718668800.0,11/06/1993,F,Chị Lâm Hoàng,521 Jane Đường,Đồng Nai,VN,410316
1969,new,1718755200.0,26/09/1996,F,Hà Xuân Phạm,82 Jane Làng,Cần Thơ,VN,202611
3479,new,1718755200.0,04/01/1988,F,Hưng Văn Nguyễn,5 John Đường,Hải Phòng,VN,380060
1203,new,1718755200.0,08/12/1989,F,Tú Phú Lê,185 Dương Tổ,Quảng Ninh,VN,975597
1886,new,1718755200.0,22/11/2001,F,Quý ông Trung Trần,5 Jane Làng,Quảng Ninh,VN,523555
1303,new,1718755200.0,05/06/1989,F,Bà Thành Hoàng,19 Jane Làng,Hải Dương,VN,981380
4997,new,1718755200.0,09/04/1979,F,Phúc Trí Lê,953 Trần Khu,Lâm Đồng,VN,454658
3149,new,1718755200.0,14/07/1998,M,Bà Hải Lê,479 John Làng,Nghệ An,VN,156808
3422,new,1718755200.0,09/01/2001,M,Hà Xuân Mai,995 Mai Đường,Hồ Chí Minh,VN,664544
3012,new,1718755200.0,11/08/2004,M,Lâm Bùi,7 Jane Đường,Hồ Chí Minh,VN,407956
3312,new,1718755200.0,17/12/1994,F,Phương Hữu Lê,725 Jane Tổ,Hải Dương,VN,480273
2846,new,1718755200.0,18/01/1996,M,Huy Trí Nguyễn,627 Jane Số,Hồ Chí Minh,VN,864233
2525,new,1718755200.0,09/05/2005,F,Lâm Thị Phạm,318 John Dãy,Khánh Hòa,VN,497579
1512,update,1718841600.0,15/07/1989,M,Chị Hà Nguyễn,2 Jane Ngõ,Cần Thơ,VN,289419
1344,new,1718841600.0,17/06/1996,F,Hà Trần,074 Đặng Làng,Đồng Nai,VN,502922
1635,new,1718841600.0,28/02/2005,F,Hà Nguyễn,415 Lê Ngõ,Đà Nẵng,VN,603612
3489,new,1718841600.0,11/11/1987,F,Nhật Hoàng,45 Trần Số,Hồ Chí Minh,VN,525798
4549,update,1718841600.0,21/01/1999,F,Quang Đặng,830 Jane Đường,Đồng Nai,VN,575887
1746,new,1718841600.0,16/03/1991,F,Quang Hoàng,03 Đặng Đường,Cần Thơ,VN,851449
3736,new,1718841600.0,12/08/1989,F,Chị Ánh Mai,5 Mai Đường,Hồ Chí Minh,VN,176251
3649,update,1718928000.0,09/08/2002,F,Kim Hải Vũ,40 Jane Làng,Hồ Chí Minh,VN,617451
1311,new,1718928000.0,18/08/2000,F,Vi Đặng,684 John Dãy,Thừa Thiên Huế,VN,904300
4628,new,1718928000.0,20/05/1984,F,Bảo Phạm,426 Jane Dãy,Bình Dương,VN,763573
2697,new,1719014400.0,07/01/2002,M,Cô Xuân Đặng,458 Bùi Đường,Cần Thơ,VN,181292
1162,new,1719014400.0,27/11/1997,M,Chị Nhật Trần,080 John Làng,Bình Dương,VN,769414
4096,new,1719014400.0,18/05/1999,F,Thảo Bùi,25 Vũ Đường,Đồng Nai,VN,604985
2858,new,1719014400.0,11/04/2002,M,Bảo Trần,7 Jane Làng,Thừa Thiên Huế,VN,836073
3832,new,1719014400.0,12/12/1997,M,Lâm Bùi,974 Jane Số,Bà Rịa - Vũng Tàu,VN,819789
3662,new,1719100800.0,06/10/2001,F,Quý cô Lâm Mai,23 Jane Tổ,Bắc Ninh,VN,792520
4020,update,1719100800.0,15/01/2002,M,Bác Bảo Bùi,15 Phạm Hẻm,Hải Phòng,VN,217942
1341,new,1719100800.0,20/03/2004,M,Trung Mai,23 John Làng,Quảng Ninh,VN,702498
4846,new,1719100800.0,24/09/1997,F,Cô Lan Bùi,26 John Tổ,Thừa Thiên Huế,VN,511428
2208,update,1719100800.0,05/01/2005,M,Ánh Vũ,366 Jane Làng,Đà Nẵng,VN,355205
2139,new,1719100800.0,05/05/2002,M,Thành Văn Đặng,88 John Hẻm,Hà Nội,VN,555145
4909,new,1719187200.0,25/05/1996,M,Khoa Nguyễn,408 Jane Đường,Đồng Nai,VN,444608
3628,new,1719187200.0,16/02/2004,M,Thành Trần,122 John Khu,Hồ Chí Minh,VN,765068
4200,new,1719187200.0,20/05/1988,M,Linh Vũ,63 Mai Dãy,Bắc Ninh,VN,476757
3497,new,1719187200.0,18/03/1998,F,Hưng Hoàng,7 John Tổ,Lâm Đồng,VN,691440
3139,new,1719273600.0,06/12/2001,F,Quang Hoàng,925 John Khu,Hải Dương,VN,795505
2779,new,1719273600.0,24/01/1995,F,Phúc Trí Vũ,72 John Làng,Khánh Hòa,VN,853526
2939,update,1719273600.0,04/05/1998,F,Quang Hữu Nguyễn,1 John Làng,Vinh,VN,315522
3144,update,1719273600.0,14/08/1980,F,Bác Tú Nguyễn,4 Lê Ngõ,Nghệ An,VN,906751
4551,new,1719273600.0,21/11/1981,F,Ông Anh Nguyễn,612 Phạm Khu,Bình Dương,VN,640124
2769,new,1719273600.0,20/10/1998,F,Quý cô Khoa Dương,59 John Làng,Đà Nẵng,VN,977060
1562,new,1719273600.0,01/01/1996,M,Nhật Đức Vũ,79 John Làng,Hải Dương,VN,189203
1427,new,1719273600.0,29/09/2005,F,Kim Bảo Vũ,86 John Dãy,Nghệ An,VN,761171
4838,new,1719273600.0,25/09/2007,F,Quang Hữu Vũ,048 Vũ Hẻm,Hà Nội,VN,396021
3231,new,1719273600.0,13/01/1975,F,Quý cô Nhật Lê,5 John Hẻm,Hồ Chí Minh,VN,385073
2549,new,1719360000.0,30/07/2002,F,Bác Minh Đặng,0 Đặng Đường,Hà Nội,VN,196216
3284,new,1719360000.0,23/05/1988,F,Quý ông Nhiên Trần,238 Phạm Số,Quảng Ninh,VN,263120
2722,new,1719360000.0,16/04/2002,F,Nhật Vũ,61 Jane Làng,Hà Nội,VN,618239
4924,new,1719360000.0,06/02/2000,F,Quý ông Tú Phạm,55 John Ngõ,Nghệ An,VN,799779
4672,new,1719360000.0,12/09/1992,F,Trung Phạm,6 Jane Đường,Bắc Ninh,VN,993865
1849,new,1719360000.0,03/06/1993,F,Thành Quang Dương,79 Phạm Tổ,Đồng Nai,VN,876818
1612,new,1719360000.0,11/04/2002,F,Chi Vũ,4 Jane Số,Hồ Chí Minh,VN,969728
3192,new,1719446400.0,14/06/1988,F,Lâm Thị Trần,57 Jane Hẻm,Hải Dương,VN,811630
3398,new,1719446400.0,26/05/1983,M,Bác Nam Dương,8 Jane Số,Nghệ An,VN,121625
4337,update,1719446400.0,03/08/1972,F,Quý cô Vân Bùi,7 Lê Ngõ,Lâm Đồng,VN,473590
4905,new,1719446400.0,29/03/2001,M,Phúc Mai,5 John Tổ,Khánh Hòa,VN,883840
1069,new,1719446400.0,19/12/2001,F,Quý ông Thành Vũ,075 Phạm Tổ,Thừa Thiên Huế,VN,938150
2860,new,1719446400.0,01/08/1999,M,Tùng Mai Bảo Nguyễn,66 Vũ Khu,Lâm Đồng,VN,949656
4599,new,1719446400.0,03/06/1993,F,An Bùi,8 John Tổ,Cần Thơ,VN,989847
3634,new,1719532800.0,26/05/2000,M,Lan Mai,12 Vũ Đường,Bà Rịa - Vũng Tàu,VN,692781
2100,new,1719532800.0,19/02/1998,F,Khoa Quang Dương,7 John Dãy,Hải Phòng,VN,544550
1989,new,1719619200.0,27/01/1999,F,Khoa Văn Hoàng,037 Mai Ngõ,Đồng Nai,VN,508469
1299,new,1719619200.0,03/03/1990,M,Thảo Phạm,227 Lê Làng,Hồ Chí Minh,VN,869979
2381,new,1719619200.0,29/04/1967,F,Kim Bùi,331 Dương Ngõ,Hải Phòng,VN,382641
4766,new,1719619200.0,09/02/2003,F,Hạnh Mai,54 John Tổ,Cần Thơ,VN,840833
3984,new,1719705600.0,06/09/1994,M,Linh Mai,531 Bùi Khu,Đà Nẵng,VN,140642
3207,new,1719705600.0,05/07/1983,M,Nhật Nguyễn,87 Hoàng Số,Bình Dương,VN,925644
2227,update,1719792000.0,22/08/1998,M,Ông Hưng Nguyễn,862 Jane Làng,Hà Nội,VN,689344
3691,new,1719792000.0,02/07/1966,M,Quý cô Hải Nguyễn,44 John Ngõ,Cần Thơ,VN,283591
4138,new,1719792000.0,28/11/1988,F,Chị Vân Lê,4 Jane Ngõ,Hà Nội,VN,204214
4966,new,1719792000.0,11/09/1990,F,Hải Lê,76 Bùi Đường,Hà Nội,VN,347972
1954,new,1719792000.0,06/08/1983,M,Quý cô Nhật Vũ,4 Bùi Làng,Bình Dương,VN,498985
4596,new,1719792000.0,08/12/2005,M,Chị Hải Dương,060 John Đường,Hà Nội,VN,553757
1528,new,1719792000.0,17/10/1994,F,Duyên Phạm,0 Jane Làng,Hải Dương,VN,346149
4276,new,1719792000.0,05/06/1980,M,Quý ông Anh Phạm,554 Hoàng Hẻm,Quảng Ninh,VN,429456
3847,new,1719792000.0,15/03/2005,M,Chị Hương Nguyễn,342 Bùi Đường,Hà Nội,VN,273518
2651,new,1719878400.0,26/08/1981,F,Kim Lê,922 John Hẻm,Bắc Ninh,VN,779112
2238,new,1719878400.0,20/08/2000,F,Phúc Phạm,8 Phạm Làng,Hà Nội,VN,137276
4167,new,1719878400.0,31/05/2005,F,Quý ông Khoa Lê,113 Jane Đường,Hải Dương,VN,394297
4179,new,1719964800.0,07/07/1983,F,Bảo Dương,3 Mai Ngõ,Khánh Hòa,VN,366546
2673,new,1719964800.0,18/06/1976,M,Hải Bùi,13 John Ngõ,Bình Dương,VN,996545
4848,new,1719964800.0,28/01/2003,M,Khoa Nguyễn,50 John Làng,Cần Thơ,VN,323937
2088,update,1719964800.0,26/11/1986,M,Quang Hoàng,74 John Đường,Đà Nẵng,VN,943986
4860,new,1719964800.0,21/11/1997,M,Linh Hoàng,9 Nguyễn Hẻm,Đà Nẵng,VN,406050
4964,new,1719964800.0,22/07/1999,F,Anh Hưng Hoàng,1 Jane Hẻm,Đà Nẵng,VN,835412
2119,new,1719964800.0,31/01/1988,F,Huy Lê,318 Jane Ngõ,Hồ Chí Minh,VN,256435
4266,new,1719964800.0,04/03/1985,F,Cô An Lê,576 Jane Hẻm,Đồng Nai,VN,595049
2710,new,1719964800.0,07/11/2007,M,Bác Quang Nguyễn,607 Jane Đường,Hải Dương,VN,146497
1617,new,1720051200.0,06/11/1997,F,Anh Phú Vũ,4 Jane Làng,Hải Phòng,VN,420870
1016,new,1720051200.0,06/06/1973,M,Thảo Vũ,235 Jane Làng,Hải Dương,VN,328171
1029,new,1720051200.0,16/04/2005,F,Yến Phạm,98 John Làng,Đà Nẵng,VN,984037
2206,new,1720051200.0,29/01/2006,F,Chị An Dương,55 Bùi Đường,Nghệ An,VN,653635
2242,new,1720051200.0,03/09/1974,F,Quý cô Hà Lê,57 Lê Làng,Hà Nội,VN,758745
3612,new,1720051200.0,16/04/1975,M,Vi Lê,0 John Đường,Bắc Ninh,VN,810584
4990,new,1720137600.0,16/01/2006,M,Nhiên Dương,36 Jane Hẻm,Đà Nẵng,VN,495148
1378,new,1720137600.0,18/02/1997,F,Hà Trần,647 Dương Làng,Đồng Nai,VN,439444
2230,new,1720137600.0,07/05/1988,M,Bảo Bùi,650 Bùi Dãy,Đồng Nai,VN,336021
2692,new,1720137600.0,04/03/1980,M,Tùng Hoàng Lê,3 John Làng,Hồ Chí Minh,VN,973692
4364,new,1720137600.0,03/08/1979,M,Khoa Hoàng Vũ,145 Bùi Ngõ,Hà Nội,VN,662448
1717,new,1720224000.0,10/12/1982,F,Khoa Quang Vũ,732 Dương Đường,Bắc Ninh,VN,622826
1063,new,1720224000.0,01/04/1993,F,An Vũ,946 Đặng Tổ,Hải Dương,VN,364521
2366,new,1720224000.0,15/08/1996,F,Nhật Mai Bảo Đặng,92 John Làng,Quảng Ninh,VN,794430
1783,new,1720224000.0,07/09/2002,M,Hương Vũ,40 Lê Dãy,Bà Rịa - Vũng Tàu,VN,104882
4592,new,1720224000.0,25/06/2004,M,Nhật Đặng,26 Đặng Tổ,Khánh Hòa,VN,361551
4328,new,1720224000.0,28/11/2006,M,Cô Vi Đặng,34 John Khu,Khánh Hòa,VN,250365
2069,new,1720224000.0,09/08/1999,F,Quý cô Khoa Bùi,454 Dương Dãy,Bình Dương,VN,189753
3530,new,1720224000.0,18/11/2002,M,Quang Dương,6 Bùi Hẻm,Lâm Đồng,VN,730171
2125,new,1720224000.0,03/09/2001,M,Anh Dũng Mai,4 Jane Dãy,Hà Nội,VN,797115
4654,update,1720224000.0,02/01/1998,F,Quý cô An Vũ,2 Trần Đường,Cần Thơ,VN,127445
4005,new,1720224000.0,10/08/2005,M,Bà Dương Lê,45 Jane Đường,Hải Dương,VN,148815
1134,new,1720224000.0,30/05/1997,F,Xuân Vũ,1 Phạm Số,Quảng Ninh,VN,745176
2856,new,1720310400.0,09/04/2005,M,Anh Quang Mai,8 Jane Tổ,Cần Thơ,VN,157479
4634,new,1720310400.0,05/02/2003,M,An Lê,7 Trần Đường,Bắc Ninh,VN,105179
4110,new,1720310400.0,01/07/1998,M,Dũng Dương,3 Vũ Khu,Đà Nẵng,VN,680495
1037,new,1720310400.0,08/04/1999,M,Cô Khoa Đặng,85 Dương Tổ,Quảng Ninh,VN,236228
4001,new,1720310400.0,26/06/2007,M,Hồng Trần,9 Vũ Làng,Lâm Đồng,VN,671276
3392,new,1720310400.0,26/02/1967,M,Trung Mai,12 John Dãy,Hồ Chí Minh,VN,714766
3836,new,1720396800.0,03/12/2006,F,Cô Thảo Nguyễn,551 John Dãy,Đồng Nai,VN,212128
3567,new,1720396800.0,06/06/1996,M,Hải Đặng,2 Dương Số,Nghệ An,VN,125889
1250,new,1720396800.0,05/04/1996,F,Cô Kim Bùi,056 Mai Tổ,Hồ Chí Minh,VN,818312
4622,new,1720396800.0,31/03/2006,F,Kim Văn Hoàng,0 Bùi Ngõ,Hà Nội,VN,295286
3965,update,1720396800.0,29/03/2007,F,Hải Lê,4 Jane Khu,Khánh Hòa,VN,482830
4189,new,1720396800.0,04/02/2007,M,Ánh Lê,8 Jane Đường,Thừa Thiên Huế,VN,237737
4140,new,1720396800.0,11/05/1990,M,Phương Bùi,8 John Tổ,Nghệ An,VN,727938
3008,new,1720396800.0,14/07/1999,F,Hà Hoàng Phạm,5 Nguyễn Làng,Thừa Thiên Huế,VN,444101
4720,new,1720396800.0,24/04/1990,F,Bà An Hoàng,01 Hoàng Đường,Quảng Ninh,VN,498057
3548,new,1720483200.0,08/11/1986,F,Bác Thành Mai,67 John Khu,Khánh Hòa,VN,984006
3578,new,1720483200.0,13/02/2000,M,Thành Phú Bùi,24 John Làng,Đà Nẵng,VN,285327
4771,new,1720483200.0,03/10/1999,M,Chị Hương Mai,8 Jane Hẻm,Thừa Thiên Huế,VN,809654
2940,new,1720483200.0,11/03/1999,M,Kim Phú Phạm,006 John Số,Khánh Hòa,VN,513856
4980,update,1720483200.0,01/01/1994,M,Mai Hoàng,19 John Ngõ,Vinh,VN,156422
4239,new,1720483200.0,06/02/1979,M,Hạnh Vũ,636 Mai Đường,Hải Phòng,VN,207535
3030,new,1720483200.0,16/06/1966,F,Cô Hải Mai,6 Phạm Số,Bà Rịa - Vũng Tàu,VN,972715
1625,update,1720483200.0,01/03/1996,M,Lâm Mai,818 Đặng Đường,Nha Trang,VN,819886
4366,new,1720569600.0,13/03/1996,M,Cô Hà Mai,1 John Dãy,Đồng Nai,VN,641739
3734,update,1720569600.0,07/07/2002,F,Chị Xuân Hoàng,9 Trần Số,Bà Rịa - Vũng Tàu,VN,875365
2959,new,1720569600.0,02/10/1970,F,Nhật Mai Dương,67 Vũ Đường,Bình Dương,VN,543106
1343,new,1720569600.0,13/08/1996,M,Yến Phạm,7 Phạm Đường,Cần Thơ,VN,746667
4507,new,1720569600.0,21/08/1970,F,Ánh Đặng,987 Jane Ngõ,Quảng Ninh,VN,327933
2288,new,1720656000.0,06/04/2006,F,Bà Hạnh Lê,608 Hoàng Ngõ,Hải Phòng,VN,544649
1003,new,1720656000.0,14/10/1997,F,Nhật Mai,7 Jane Hẻm,Đồng Nai,VN,562648
2610,new,1720656000.0,19/05/2007,F,Nam Văn Mai,163 Jane Đường,Bắc Ninh,VN,165436
1810,new,1720656000.0,14/10/1999,F,Khoa Nguyễn,15 John Số,Hà Nội,VN,350851
3326,new,1720656000.0,23/06/1999,F,Anh Trung Hoàng,20 Đặng Làng,Bình Dương,VN,883695
1956,new,1720656000.0,13/04/2000,F,Chi Đặng,708 Dương Đường,Quảng Ninh,VN,656829
4477,new,1720656000.0,11/02/2001,M,Bà Vi Lê,7 Bùi Đường,Đồng Nai,VN,919292
2218,update,1720656000.0,03/01/1999,F,Quý cô Yến Phạm,4 Jane Ngõ,Hà Nội,VN,387385
3440,new,1720656000.0,07/08/2004,F,Nhật Bùi,73 Jane Ngõ,Hải Phòng,VN,505104
4847,new,1720656000.0,30/04/1998,M,Kim Phú Nguyễn,4 Jane Khu,Bình Dương,VN,701894
1861,new,1720742400.0,15/07/1965,F,Nhật Hoàng Bùi,395 Jane Dãy,Hải Dương,VN,274344
2170,new,1720742400.0,29/05/2002,F,Bảo Phạm,5 Đặng Làng,Hải Phòng,VN,831181
1638,new,1720742400.0,06/03/2006,F,Anh Mai Nguyễn,65 Dương Khu,Lâm Đồng,VN,681011
1597,new,1720742400.0,16/08/2006,M,Cô Chi Trần,71 Bùi Đường,Bình Dương,VN,430412
1803,new,1720828800.0,02/02/1997,M,Chị Thảo Bùi,37 Đặng Làng,Quảng Ninh,VN,376852
1004,new,1720828800.0,07/09/1986,M,Chị Yến Mai,88 John Khu,Đồng Nai,VN,674948
1861,update,1720828800.0,15/07/1965,F,Nhật Hoàng Bùi,91 Bùi Ngõ,Huế,VN,441118
3890,new,1720828800.0,21/07/1998,F,Chị Dương Phạm,5 Trần Ngõ,Đồng Nai,VN,848529
4325,new,1720915200.0,30/05/2002,M,Kim Hoàng Hoàng,89 Jane Hẻm,Nghệ An,VN,431230
4940,update,1720915200.0,31/08/2004,F,Ông Hưng Đặng,31 Trần Đường,Thừa Thiên Huế,VN,232805
2639,new,1721001600.0,19/05/2001,M,Quang Mai Bảo Lê,7 John Khu,Hồ Chí Minh,VN,319488
1260,update,1721001600.0,30/12/2004,M,Hưng Thế Nguyễn,2 John Làng,Bắc Ninh,VN,692796
1704,update,1721001600.0,11/07/1999,M,Dũng Mai Dương,356 Jane Dãy,Thừa Thiên Huế,VN,817305
2735,new,1721001600.0,21/06/2005,F,Cô Hạnh Lê,354 John Làng,Đà Nẵng,VN,969566
3478,update,1721001600.0,09/07/2004,M,Hải Đức Bùi,239 Mai Khu,Hà Nội,VN,966583
2594,new,1721001600.0,04/10/1995,M,Lâm Mai,67 Mai Làng,Hải Dương,VN,892329
4178,new,1721001600.0,08/10/2003,M,Chị Hà Hoàng,31 Jane Khu,Nghệ An,VN,574245
4371,new,1721088000.0,20/10/1969,M,Bà Bảo Vũ,5 Jane Đường,Thừa Thiên Huế,VN,653458
2514,update,1721088000.0,25/03/2006,F,Ông Thành Phạm,7 Dương Ngõ,Đà Nẵng,VN,777596
4408,update,1721088000.0,16/06/2003,M,Tùng Trí Đặng,3 Jane Đường,Cần Thơ,VN,848617
3262,new,1721088000.0,09/11/2007,M,Bác Nhiên Hoàng,53 John Số,Đà Nẵng,VN,566756
1726,new,1721088000.0,23/07/1988,F,Hạnh Đặng,761 Hoàng Đường,Quảng Ninh,VN,786444
2583,new,1721174400.0,07/03/1995,M,Thành Hải Trần,164 John Hẻm,Quảng Ninh,VN,237175
4969,new,1721174400.0,26/05/1995,F,Lâm Thế Dương,37 Lê Đường,Hà Nội,VN,883842
4901,new,1721174400.0,14/08/1995,F,Quang Bùi,306 Lê Ngõ,Cần Thơ,VN,655690
4148,new,1721174400.0,27/03/2007,M,Phúc Nguyễn,812 Nguyễn Ngõ,Bình Dương,VN,822799
1375,new,1721174400.0,08/01/1997,M,Bà Hồng Trần,482 Trần Ngõ,Hải Dương,VN,505510
3102,new,1721174400.0,03/11/1986,F,Quang Phú Đặng,4 Jane Ngõ,Thừa Thiên Huế,VN,391025
2259,new,1721174400.0,01/05/1998,M,Khoa Phú Nguyễn,7 Trần Làng,Đồng Nai,VN,870571
1616,new,1721174400.0,14/02/1977,M,Quý cô Vi Trần,227 John Đường,Khánh Hòa,VN,951031
3095,new,1721174400.0,05/03/2003,M,Ông Trung Đặng,77 Jane Dãy,Bình Dương,VN,135034
1417,new,1721260800.0,28/07/1997,M,Quý ông Trọng Hoàng,265 Jane Ngõ,Cần Thơ,VN,262248
4611,new,1721260800.0,18/06/1984,F,Cô Phương Dương,6 Jane Dãy,Nghệ An,VN,794782
2663,new,1721260800.0,31/08/1984,M,Phúc Đặng,7 Lê Đường,Hải Phòng,VN,772290
1529,new,1721260800.0,19/05/2000,F,Bảo Phạm,59 Lê Khu,Đồng Nai,VN,618242
3885,new,1721260800.0,30/12/1972,F,Bà An Phạm,0 Jane Dãy,Thừa Thiên Huế,VN,111041
3598,new,1721260800.0,03/10/2006,F,Ánh Nguyễn,5 Bùi Tổ,Lâm Đồng,VN,260022
1507,new,1721260800.0,21/08/1998,M,Vũ Mai,80 John Ngõ,Hồ Chí Minh,VN,298486
2930,new,1721260800.0,12/09/1993,M,Hưng Hoàng Trần,156 John Làng,Cần Thơ,VN,359455
2846,update,1721260800.0,18/01/1996,M,Huy Trí Nguyễn,69 Trần Dãy,Đà Nẵng,VN,669153
1935,new,1721347200.0,29/05/1996,F,Ông Trung Dương,26 Jane Dãy,Đồng Nai,VN,956214
4186,new,1721347200.0,29/05/1966,F,Nhật Bảo Phạm,298 Đặng Dãy,Đồng Nai,VN,541325
4531,new,1721347200.0,28/11/1992,F,Quý cô Dương Nguyễn,7 Jane Khu,Hải Phòng,VN,664312
2808,new,1721347200.0,29/06/2003,F,Duyên Vũ,105 Jane Khu,Bà Rịa - Vũng Tàu,VN,401415
4292,new,1721433600.0,29/06/2002,F,Hương Mai,513 Jane Khu,Đà Nẵng,VN,994895
2408,new,1721433600.0,24/07/1988,F,Nam Hoàng,198 Jane Khu,Hồ Chí Minh,VN,955893
2427,new,1721433600.0,09/06/1997,F,Vũ Trần,654 Vũ Hẻm,Hải Phòng,VN,165049
2174,new,1721433600.0,15/12/1995,F,Khoa Đặng,3 Bùi Hẻm,Hải Phòng,VN,155719
3263,new,1721433600.0,05/10/1991,M,Quý cô Chi Mai,3 John Đường,Quảng Ninh,VN,397581
1575,new,1721433600.0,24/08/1996,M,Ông Trọng Mai,88 Jane Hẻm,Đà Nẵng,VN,557823
2849,new,1721433600.0,29/01/1983,M,Châu Đặng,43 Hoàng Ngõ,Đà Nẵng,VN,101716
2633,update,1721520000.0,12/04/1995,M,Ngọc Vũ,2 Phạm Hẻm,Nha Trang,VN,674342
1924,new,1721520000.0,09/10/1998,M,An Dương,658 Lê Đường,Lâm Đồng,VN,706897
3211,new,1721520000.0,26/01/2004,M,Dương Bùi,661 John Ngõ,Hồ Chí Minh,VN,417903
4537,new,1721520000.0,23/08/1987,M,Dũng Bùi,70 John Ngõ,Hồ Chí Minh,VN,341016
1440,new,1721520000.0,30/10/2000,F,Tùng Mai,028 Jane Khu,Hải Phòng,VN,479886
4475,new,1721520000.0,07/06/1986,F,Quý ông Trung Trần,3 John Đường,Hải Dương,VN,269371
3491,new,1721520000.0,10/04/1980,F,Trọng Thị Trần,2 John Đường,Bình Dương,VN,883636
1701,new,1721606400.0,03/10/1997,F,Chị Hạnh Phạm,333 John Số,Đà Nẵng,VN,508952
4806,new,1721606400.0,08/06/1977,M,Chị Vân Lê,4 John Khu,Thừa Thiên Huế,VN,969292
3626,new,1721606400.0,15/07/2000,M,Vũ Dương,3 Trần Ngõ,Hải Phòng,VN,634878
1966,new,1721692800.0,29/05/1995,M,Khoa Hoàng,83 Jane Ngõ,Lâm Đồng,VN,742388
1397,new,1721692800.0,12/12/1993,F,Nhiên Nguyễn,439 Trần Ngõ,Lâm Đồng,VN,872742
2547,new,1721779200.0,12/08/2007,M,Trung Xuân Hoàng,9 Nguyễn Đường,Hải Phòng,VN,303527
3736,update,1721779200.0,12/08/1989,F,Bảo Lê,5 Mai Đường,Hồ Chí Minh,VN,176251
2353,new,1721779200.0,06/12/1995,M,Dũng Lê,148 Mai Khu,Hải Phòng,VN,343072
2586,new,1721865600.0,21/10/1983,F,Ánh Đặng,73 Vũ Dãy,Lâm Đồng,VN,381874
1868,update,1721865600.0,08/06/2002,F,Dương Lê,1 Jane Hẻm,Đồng Nai,VN,315275
1238,new,1721865600.0,09/02/1982,M,Ông Châu Bùi,609 Nguyễn Khu,Đà Nẵng,VN,974459
4794,new,1721865600.0,17/07/2007,M,Quý cô Nhật Dương,9 Jane Khu,Cần Thơ,VN,240549
3633,new,1721865600.0,03/06/1994,F,Cô Yến Vũ,7 Mai Làng,Quảng Ninh,VN,807419
1297,update,1721865600.0,03/02/1998,M,Bảo Thị Trần,29 Hoàng Tổ,Vinh,VN,825820
3191,new,1721952000.0,18/10/1995,F,Vân Mai,433 John Đường,Hồ Chí Minh,VN,818513
4058,new,1721952000.0,15/11/1986,F,Quý cô Vi Nguyễn,8 Trần Khu,Đà Nẵng,VN,728413
3381,update,1721952000.0,15/01/2002,F,Quý ông Quang Vũ,32 Hoàng Làng,Nha Trang,VN,678586
4448,new,1722038400.0,11/04/1984,M,Quý cô Khoa Lê,760 Jane Ngõ,Nghệ An,VN,870167
3614,new,1722038400.0,11/05/1986,F,Vân Phạm,44 Jane Đường,Khánh Hòa,VN,544786
1256,new,1722124800.0,03/01/1975,M,Nhật Đức Đặng,6 Nguyễn Làng,Quảng Ninh,VN,245499
4265,new,1722124800.0,28/12/1973,M,Anh Lê,294 Nguyễn Hẻm,Hải Phòng,VN,335419
2713,new,1722124800.0,24/09/2007,F,Dương Lê,4 Lê Tổ,Bắc Ninh,VN,788413
4766,update,1722124800.0,09/02/2003,F,Chị Bảo Dương,54 John Tổ,Cần Thơ,VN,840833
2252,new,1722124800.0,03/06/1983,F,Vân Nguyễn,75 Jane Hẻm,Bà Rịa - Vũng Tàu,VN,562194
2284,new,1722124800.0,09/12/1986,F,Hạnh Nguyễn,338 Phạm Làng,Quảng Ninh,VN,373506
2748,new,1722124800.0,17/03/2002,M,Bảo Phạm,42 Dương Tổ,Hồ Chí Minh,VN,730554
2141,update,1722124800.0,21/02/1991,F,Chi Bùi,1 Mai Khu,Hải Phòng,VN,894475
2222,new,1722211200.0,28/01/1984,M,Ông Khoa Dương,35 John Dãy,Hải Dương,VN,726073
2797,new,1722211200.0,08/02/1997,M,Khoa Phạm,5 Mai Làng,Đà Nẵng,VN,458841
1469,new,1722211200.0,31/10/1976,F,Bà Dương Nguyễn,5 Mai Hẻm,Bắc Ninh,VN,204536
2535,new,1722297600.0,08/05/1981,F,Phương Mai Mai,28 Đặng Khu,Thừa Thiên Huế,VN,181334
3037,new,1722297600.0,31/05/1973,F,Duyên Nguyễn,2 Vũ Tổ,Hải Phòng,VN,435579
1294,new,1722297600.0,28/04/2002,F,Bảo Hữu Dương,19 Mai Hẻm,Hà Nội,VN,976316
1280,new,1722297600.0,15/10/1993,M,Lan Vũ,96 Mai Ngõ,Bắc Ninh,VN,934892
4778,new,1722297600.0,17/02/1993,M,Khoa Thị Trần,3 John Tổ,Hải Phòng,VN,366285
4362,new,1722297600.0,04/12/2006,F,Hoàng Mai Bảo Nguyễn,420 Jane Dãy,Bà Rịa - Vũng Tàu,VN,999580
1344,update,1722297600.0,17/06/1996,F,Hà Trần,05 Trần Ngõ,Cần Thơ,VN,275304
4896,new,1722384000.0,27/11/2002,F,Thành Nguyễn,7 Đặng Tổ,Đồng Nai,VN,552730
1853,new,1722384000.0,09/02/1990,F,Khoa Đức Lê,753 Trần Khu,Hồ Chí Minh,VN,323240
4269,new,1722384000.0,14/06/1983,M,Nhật Hữu Bùi,6 Jane Làng,Hồ Chí Minh,VN,400355
1841,new,1722384000.0,31/07/2004,M,Nhật Lê,1 Phạm Khu,Khánh Hòa,VN,469371
4721,new,1722384000.0,07/07/2004,M,Huy Đức Trần,655 John Đường,Đồng Nai,VN,448992
4833,update,1722384000.0,01/12/1992,M,Kim Hoàng Đặng,283 Dương Ngõ,Vinh,VN,124481
1025,new,1722384000.0,28/07/2000,F,Thành Mai,04 John Ngõ,Hà Nội,VN,986091
3752,new,1722384000.0,23/12/2007,M,Chị Lâm Phạm,9 John Làng,Bắc Ninh,VN,193356
2407,new,1722470400.0,24/01/1982,F,Chị Vân Mai,9 Lê Ngõ,Đà Nẵng,VN,801917
3414,new,1722470400.0,10/05/1999,M,Bà Vân Đặng,26 Jane Tổ,Đà Nẵng,VN,670332
3163,new,1722470400.0,05/03/2005,F,Quang Vũ,54 Bùi Tổ,Hồ Chí Minh,VN,856205
3393,new,1722470400.0,26/02/1992,M,Kim Phạm,671 Vũ Khu,Quảng Ninh,VN,717470
3939,new,1722470400.0,03/04/2002,M,Hương Đặng,8 Jane Hẻm,Khánh Hòa,VN,272991
2474,update,1722470400.0,24/02/1989,M,Vân Bùi,0 John Khu,Hà Nội,VN,613159
2430,new,1722556800.0,03/07/1997,M,Chị Phương Lê,4 Mai Dãy,Đồng Nai,VN,763103
2185,new,1722556800.0,21/05/1975,M,Bác Huy Đặng,36 Lê Dãy,Đà Nẵng,VN,273055
4898,new,1722556800.0,04/07/2003,F,Bà Vi Phạm,4 Bùi Khu,Lâm Đồng,VN,359106
2101,new,1722556800.0,09/06/2001,F,Anh Nhiên Bùi,8 Vũ Tổ,Lâm Đồng,VN,283659
4040,update,1722643200.0,19/11/1988,M,Minh Nguyễn,109 Jane Dãy,Vinh,VN,600366
1582,new,1722643200.0,01/08/1999,F,Hạnh Dương,20 Jane Khu,Đồng Nai,VN,819131
2416,new,1722643200.0,20/12/1983,F,Quý cô Vi Trần,954 Jane Hẻm,Đà Nẵng,VN,203845
3457,new,1722643200.0,25/07/2000,M,Lâm Hải Nguyễn,210 John Tổ,Khánh Hòa,VN,767465
2762,new,1722643200.0,19/05/2007,F,Quang Thế Vũ,242 John Tổ,Cần Thơ,VN,649153
2282,new,1722643200.0,28/05/1998,F,Khoa Trần,09 Jane Dãy,Cần Thơ,VN,490419
1757,new,1722729600.0,14/12/1996,M,Anh Nam Dương,623 Mai Dãy,Hải Dương,VN,270287
2062,new,1722729600.0,01/11/1995,M,Quý cô Vi Bùi,03 Dương Khu,Bình Dương,VN,317749
4083,update,1722816000.0,26/11/1980,M,Cô Xuân Lê,34 Jane Hẻm,Hải Phòng,VN,142552
4442,new,1722816000.0,19/11/2000,F,Thành Dương,6 Đặng Đường,Bà Rịa - Vũng Tàu,VN,429713
2541,new,1722816000.0,19/12/1986,F,Ông Nam Nguyễn,90 Phạm Khu,Nghệ An,VN,543574
2647,new,1722816000.0,16/10/1983,M,Quý ông Thành Nguyễn,12 John Đường,Hải Phòng,VN,384749
1920,new,1722816000.0,04/03/1994,M,Bác Nam Phạm,394 Jane Làng,Nghệ An,VN,731349
4613,new,1722902400.0,11/06/1999,M,Cô An Nguyễn,41 Nguyễn Hẻm,Nghệ An,VN,425468
4571,new,1722902400.0,06/07/2002,F,Dương Hoàng,90 Bùi Đường,Hà Nội,VN,699141
1220,update,1722902400.0,09/02/2002,F,Châu Bùi,785 John Tổ,Đà Nẵng,VN,676947
2332,new,1722902400.0,11/07/1999,F,Kim Trần,98 Jane Khu,Hồ Chí Minh,VN,682478
2744,update,1722902400.0,31/08/1979,M,Châu Nguyễn,4 Đặng Tổ,Bình Dương,VN,252931
4334,new,1722902400.0,30/05/1982,M,Khoa Hữu Đặng,66 Trần Làng,Đồng Nai,VN,491502
3802,new,1722902400.0,30/08/1978,F,Minh Lê,7 Jane Ngõ,Đà Nẵng,VN,894234
1909,new,1722902400.0,28/10/1996,M,Lan Dương,2 Nguyễn Tổ,Lâm Đồng,VN,833496
2842,new,1722988800.0,07/03/1998,F,Quang Thế Trần,240 Bùi Khu,Hà Nội,VN,113282
3196,new,1722988800.0,01/03/1984,F,Phúc Lê,45 Mai Đường,Thừa Thiên Huế,VN,505613
2763,new,1722988800.0,07/07/1979,F,Ông Châu Mai,97 Dương Dãy,Đà Nẵng,VN,811987
2524,new,1722988800.0,16/07/2001,F,Bà Bảo Hoàng,56 Jane Tổ,Bà Rịa - Vũng Tàu,VN,342926
1938,new,1723075200.0,18/05/2004,F,Yến Lê,58 Hoàng Khu,Bà Rịa - Vũng Tàu,VN,718140
1181,update,1723075200.0,21/03/2003,F,Thành Trần,1 Jane Hẻm,Bình Dương,VN,681437
2052,new,1723075200.0,07/08/1970,M,Tú Quang Đặng,3 Hoàng Dãy,Khánh Hòa,VN,609558
2297,new,1723075200.0,24/06/2000,F,Châu Trí Nguyễn,441 Jane Tổ,Hải Dương,VN,400769
3021,update,1723075200.0,02/05/1979,F,Thành Bùi,189 John Số,Cần Thơ,VN,478906
2583,update,1723161600.0,07/03/1995,M,Chị Vi Mai,164 John Hẻm,Quảng Ninh,VN,237175
2631,new,1723161600.0,12/02/1987,F,Bác Quang Mai,199 John Đường,Hà Nội,VN,843308
1331,new,1723161600.0,29/06/2002,M,Nhật Mai Dương,31 Mai Hẻm,Hồ Chí Minh,VN,287760
4762,new,1723161600.0,22/09/1982,M,Nhật Tấn Phạm,2 Bùi Đường,Đồng Nai,VN,267021
3240,update,1723161600.0,17/08/1997,M,Chị Lan Mai,612 Jane Số,Hà Nội,VN,648730
1979,new,1723161600.0,06/06/1981,F,Nhật Thị Đặng,9 Jane Số,Hà Nội,VN,548959
3930,new,1723161600.0,31/10/1998,M,Thảo Trần,6 Phạm Khu,Thừa Thiên Huế,VN,596636
3541,new,1723161600.0,24/12/2006,F,Khoa Trần,34 John Đường,Hà Nội,VN,612413
2329,new,1723161600.0,27/01/2003,M,Nam Mai Mai,7 Dương Ngõ,Nghệ An,VN,749714
4659,new,1723248000.0,09/04/1998,F,An Vũ,3 John Số,Nghệ An,VN,844556
2152,new,1723248000.0,04/06/1970,M,Hải Trần,2 Jane Số,Hải Phòng,VN,178601
4078,new,1723248000.0,09/02/1999,M,Chị Nhật Lê,20 Jane Khu,Lâm Đồng,VN,734316
4866,new,1723248000.0,14/11/2006,M,Bác Quang Phạm,8 John Số,Thừa Thiên Huế,VN,975504
3126,new,1723248000.0,17/08/1998,M,Bảo Đặng,302 Lê Tổ,Quảng Ninh,VN,111265
4287,new,1723248000.0,25/02/2002,F,Thành Đức Hoàng,8 John Dãy,Bình Dương,VN,647909
1574,new,1723334400.0,12/12/1995,F,Hải Trí Dương,366 John Tổ,Bà Rịa - Vũng Tàu,VN,417808
3860,new,1723334400.0,23/03/1997,M,Hạnh Phú Lê,03 Jane Khu,Cần Thơ,VN,652088
3298,new,1723334400.0,24/02/1999,M,Quý ông Minh Bùi,894 Đặng Dãy,Bình Dương,VN,571184
4942,new,1723334400.0,08/06/2002,M,Chị Kim Phạm,83 John Tổ,Bình Dương,VN,952522
2348,new,1723334400.0,28/05/2000,F,An Mai,72 Jane Khu,Đồng Nai,VN,977615
1312,new,1723334400.0,20/07/1997,M,Cô Vân Phạm,9 Jane Số,Hải Dương,VN,933438
3308,new,1723420800.0,25/03/1984,M,Tú Đức Phạm,6 Trần Số,Bình Dương,VN,948592
3824,new,1723420800.0,24/08/2007,F,Bác Hoàng Nguyễn,0 Jane Số,Nghệ An,VN,516682
1380,new,1723420800.0,25/03/2004,F,Bác Hoàng Vũ,686 Hoàng Dãy,Bắc Ninh,VN,359643
2378,update,1723420800.0,28/02/2002,M,Trung Phú Dương,944 John Số,Huế,VN,179024
3378,new,1723420800.0,03/06/1981,F,Bà Kim Bùi,85 Trần Dãy,Đà Nẵng,VN,935556
1067,new,1723420800.0,04/06/2003,M,Châu Bùi,461 Jane Số,Hải Dương,VN,167845
4538,new,1723420800.0,17/09/1991,M,Anh Nhiên Hoàng,0 Phạm Đường,Thừa Thiên Huế,VN,683522
3268,new,1723507200.0,27/10/1999,F,Trọng Đức Phạm,7 Phạm Ngõ,Lâm Đồng,VN,636797
2040,update,1723507200.0,11/09/2003,M,Hải Vũ,42 Vũ Ngõ,Đồng Nai,VN,248645
2914,new,1723507200.0,29/08/2004,M,Quý ông Trung Trần,827 Hoàng Dãy,Bà Rịa - Vũng Tàu,VN,809912
4482,new,1723507200.0,12/02/2000,M,Hạnh Vũ,45 Jane Làng,Hải Dương,VN,666256
1160,new,1723507200.0,10/03/1992,M,Anh Mai Bảo Trần,8 Dương Số,Đồng Nai,VN,387615
4930,new,1723593600.0,14/03/1987,M,Ông Quang Lê,276 Jane Hẻm,Bắc Ninh,VN,539424
3077,new,1723593600.0,17/09/1997,M,Chị Dương Nguyễn,13 John Làng,Bắc Ninh,VN,677681
3605,new,1723593600.0,10/04/1996,F,Dương Trần,3 Đặng Khu,Hải Phòng,VN,876496
1659,new,1723593600.0,07/04/2006,M,Phúc Trần,933 Jane Hẻm,Thừa Thiên Huế,VN,685534
1992,new,1723593600.0,07/01/1982,F,Chị Yến Dương,68 Phạm Đường,Thừa Thiên Huế,VN,118115
3758,new,1723593600.0,29/02/1984,M,Bảo Đức Bùi,51 John Dãy,Bắc Ninh,VN,875847
4041,new,1723593600.0,12/03/2007,M,Khoa Đặng,859 Jane Đường,Lâm Đồng,VN,473227
4529,new,1723593600.0,03/08/1986,M,Quang Hải Trần,327 Jane Tổ,Lâm Đồng,VN,286457
2847,update,1723593600.0,14/03/1999,M,Hà Hữu Nguyễn,067 Jane Khu,Huế,VN,533386
4362,update,1723593600.0,04/12/2006,F,Hoàng Mai Bảo Nguyễn,857 Đặng Tổ,Đà Nẵng,VN,758894
3181,new,1723593600.0,30/03/1998,F,Nhật Hoàng Phạm,8 Phạm Đường,Khánh Hòa,VN,415279
3556,new,1723680000.0,03/06/2003,F,Hà Quang Vũ,64 John Ngõ,Bắc Ninh,VN,428475
4146,new,1723680000.0,30/09/2000,F,Kim Mai Bảo Trần,55 Bùi Đường,Hải Phòng,VN,388033
3512,update,1723680000.0,26/05/1997,M,Anh Anh Nguyễn,6 John Hẻm,Hà Nội,VN,351764
4729,new,1723680000.0,18/02/1984,M,Quý cô Hạnh Vũ,688 Nguyễn Dãy,Hồ Chí Minh,VN,168834
2095,new,1723766400.0,11/10/1984,F,Chị Linh Phạm,496 Jane Hẻm,Đà Nẵng,VN,206816
1245,new,1723766400.0,06/04/1983,F,Thành Thị Nguyễn,151 Jane Dãy,Nghệ An,VN,275802
3429,new,1723766400.0,06/09/1998,M,Anh Đức Hoàng,51 John Tổ,Quảng Ninh,VN,313001
3451,update,1723766400.0,26/03/1984,F,Mai Nguyễn,205 Hoàng Số,Hồ Chí Minh,VN,870807
4503,new,1723766400.0,03/09/1999,M,Nhiên Đặng,48 John Ngõ,Hà Nội,VN,457536
2604,new,1723766400.0,30/09/1999,M,Hoàng Phú Lê,9 Nguyễn Làng,Nghệ An,VN,928086
2894,new,1723766400.0,02/08/2003,M,Hoàng Hải Lê,7 John Khu,Đồng Nai,VN,379400
1443,new,1723766400.0,01/07/1997,F,Thành Phạm,226 Jane Số,Quảng Ninh,VN,659205
2731,new,1723766400.0,25/03/1983,F,Bác Tùng Bùi,109 Jane Số,Đà Nẵng,VN,153403
4264,new,1723766400.0,14/12/1999,M,Hạnh Mai Bảo Vũ,651 Bùi Khu,Khánh Hòa,VN,129499
2115,new,1723852800.0,27/10/2002,F,Yến Hoàng,295 Lê Hẻm,Cần Thơ,VN,307947
2973,new,1723852800.0,02/09/1979,F,Quý cô Hải Mai,6 Jane Đường,Thừa Thiên Huế,VN,776933
2768,new,1723852800.0,16/08/1983,M,Cô Hạnh Đặng,480 Lê Dãy,Lâm Đồng,VN,744232
1981,new,1723852800.0,18/02/1997,F,Hải Hoàng,50 John Khu,Lâm Đồng,VN,122122
3848,update,1723852800.0,26/09/2003,F,Huy Đức Đặng,8 Nguyễn Tổ,Hà Nội,VN,365454
4740,new,1723852800.0,26/12/2002,F,Nhật Lê,8 Jane Hẻm,Hồ Chí Minh,VN,590949
2737,new,1723852800.0,28/11/1970,M,Hải Văn Vũ,4 Nguyễn Hẻm,Khánh Hòa,VN,282034
3054,new,1723852800.0,07/10/1999,F,Quang Phạm,030 Lê Ngõ,Bắc Ninh,VN,480126
2063,new,1723852800.0,30/04/2005,M,Vi Phạm,2 Jane Đường,Bà Rịa - Vũng Tàu,VN,882155
1947,new,1723852800.0,23/08/2004,F,Vi Dương,5 Jane Hẻm,Bình Dương,VN,322329
3320,new,1723939200.0,17/01/2001,M,Bác Nhiên Nguyễn,2 Bùi Hẻm,Hồ Chí Minh,VN,175121
2701,new,1723939200.0,07/10/1998,M,Yến Trần,282 Jane Đường,Cần Thơ,VN,199971
1293,new,1723939200.0,17/03/2007,F,Hưng Phạm,64 Lê Làng,Thừa Thiên Huế,VN,633345
2999,new,1723939200.0,17/09/1981,M,Vân Lê,6 Bùi Làng,Hồ Chí Minh,VN,800084
3829,new,1723939200.0,13/06/2005,F,Thảo Mai,3 Đặng Tổ,Đồng Nai,VN,296609
2053,update,1723939200.0,07/12/1998,F,Thành Mai Bảo Mai,353 John Tổ,Huế,VN,646934
3045,new,1723939200.0,09/07/2007,F,Quý cô Khoa Vũ,28 Hoàng Tổ,Hà Nội,VN,337536
4102,new,1724025600.0,24/05/1992,F,Hải Dương,56 Nguyễn Khu,Bắc Ninh,VN,961773
4216,new,1724025600.0,10/04/2003,F,Khoa Hoàng,369 Jane Khu,Quảng Ninh,VN,738363
4401,new,1724025600.0,07/03/1981,F,Quý ông Phúc Phạm,48 Trần Ngõ,Khánh Hòa,VN,595183
3597,new,1724025600.0,17/01/2000,F,Quý ông Hoàng Bùi,7 Jane Đường,Bà Rịa - Vũng Tàu,VN,310472
3360,new,1724025600.0,15/01/2005,F,Bác Khoa Bùi,024 Đặng Ngõ,Hồ Chí Minh,VN,448774
4911,update,1724025600.0,22/01/2005,M,Quý cô Yến Vũ,13 Nguyễn Dãy,Cần Thơ,VN,998509
1313,new,1724025600.0,18/03/2001,M,Bà Hương Đặng,94 John Số,Bắc Ninh,VN,572855
2065,update,1724025600.0,29/05/1999,M,Châu Vũ,1 John Hẻm,Cần Thơ,VN,813010
4509,new,1724025600.0,28/01/1997,M,Ngọc Lê,243 Jane Số,Hải Dương,VN,339248
1205,new,1724112000.0,28/11/1983,F,Quang Mai Bảo Trần,01 John Số,Hà Nội,VN,239515
3881,new,1724112000.0,12/04/1999,F,Quý cô Phương Phạm,2 Dương Tổ,Bắc Ninh,VN,399032
3747,new,1724112000.0,25/06/2003,F,Vi Đặng,6 Jane Hẻm,Cần Thơ,VN,797721
3769,new,1724112000.0,20/05/2007,M,Hương Lê,55 John Số,Cần Thơ,VN,486616
3713,new,1724112000.0,05/02/2000,F,Anh Thị Mai,1 Jane Làng,Lâm Đồng,VN,434196
2555,new,1724198400.0,10/12/2004,F,Quý ông Vũ Bùi,8 Dương Dãy,Cần Thơ,VN,384003
2850,new,1724198400.0,02/11/1989,M,Chị Thành Trần,79 Lê Hẻm,Bắc Ninh,VN,227628
1863,new,1724198400.0,23/10/2000,M,Thành Hoàng,6 Mai Làng,Hải Dương,VN,753650
1110,new,1724198400.0,01/09/2006,F,Mai Lê,640 John Làng,Bà Rịa - Vũng Tàu,VN,563070
3042,new,1724198400.0,22/11/2002,F,Phương Văn Lê,891 Lê Dãy,Đà Nẵng,VN,647947
1226,new,1724198400.0,13/06/1997,M,Phúc Dương,721 John Đường,Nghệ An,VN,450941
2794,new,1724198400.0,17/02/1989,F,Hạnh Phú Nguyễn,73 John Ngõ,Thừa Thiên Huế,VN,103537
3052,new,1724198400.0,15/09/1977,M,Thành Bùi,5 Trần Dãy,Lâm Đồng,VN,266864
4052,new,1724284800.0,04/11/1995,M,Minh Hoàng,964 Hoàng Tổ,Cần Thơ,VN,637667
1637,new,1724284800.0,08/07/1983,M,Cô Nhật Dương,74 Bùi Tổ,Thừa Thiên Huế,VN,871079
1885,new,1724284800.0,13/01/2006,M,Bà An Bùi,28 Lê Tổ,Cần Thơ,VN,518259
2575,new,1724284800.0,03/07/2002,M,Nam Vũ,4 Jane Hẻm,Quảng Ninh,VN,642706
2183,new,1724284800.0,19/04/1996,M,Bác Quang Phạm,164 Jane Làng,Hà Nội,VN,224435
4336,new,1724284800.0,28/10/2007,F,Duyên Bùi,491 Nguyễn Số,Bà Rịa - Vũng Tàu,VN,389215
2905,new,1724284800.0,25/08/1982,M,Trung Bùi,676 Dương Tổ,Khánh Hòa,VN,592823
1151,new,1724284800.0,19/10/1995,F,Khoa Phú Mai,68 Đặng Số,Thừa Thiên Huế,VN,909010
2435,update,1724371200.0,11/09/1973,M,Vân Hoàng,2 John Làng,Đà Nẵng,VN,489512
4196,new,1724371200.0,10/04/1990,M,Cô Ngọc Đặng,99 Mai Làng,Bà Rịa - Vũng Tàu,VN,783856
4052,update,1724371200.0,04/11/1995,M,Minh Hoàng,86 Jane Số,Hồ Chí Minh,VN,483709
3589,new,1724371200.0,21/09/1983,M,Quý cô Khoa Vũ,584 Hoàng Làng,Hà Nội,VN,545186
2499,new,1724371200.0,20/08/1988,F,Bảo Dương,11 Vũ Số,Thừa Thiên Huế,VN,106961
2106,update,1724371200.0,05/03/2006,M,Bà Khoa Phạm,952 Đặng Số,Nha Trang,VN,815077
2154,new,1724457600.0,14/03/2006,F,Châu Lê,67 John Đường,Cần Thơ,VN,551530
2180,new,1724457600.0,02/11/1978,F,Tùng Hoàng Hoàng,711 Hoàng Đường,Thừa Thiên Huế,VN,135007
2404,new,1724457600.0,21/09/1993,M,Chị Thành Vũ,10 John Tổ,Hà Nội,VN,254743
1892,new,1724457600.0,12/10/1981,F,Quý ông Trọng Đặng,02 Vũ Hẻm,Bà Rịa - Vũng Tàu,VN,414509
4769,new,1724544000.0,13/12/2007,F,Lâm Xuân Hoàng,46 Jane Dãy,Bình Dương,VN,467396
1842,new,1724544000.0,10/12/2002,M,Chị Nhật Nguyễn,205 Mai Dãy,Hải Dương,VN,765684
2634,new,1724544000.0,10/05/2000,M,Dương Mai,0 Lê Khu,Nghệ An,VN,170465
4978,new,1724630400.0,26/03/1993,F,Hạnh Lê,06 Hoàng Khu,Quảng Ninh,VN,199137
4198,new,1724630400.0,22/05/2005,F,Thảo Nguyễn,3 Vũ Khu,Thừa Thiên Huế,VN,383984
3492,new,1724716800.0,06/07/1979,F,Duyên Đặng,681 Bùi Ngõ,Bà Rịa - Vũng Tàu,VN,405906
1423,new,1724716800.0,23/12/1984,F,Nam Vũ,280 Lê Khu,Đà Nẵng,VN,947081
4824,new,1724716800.0,04/03/2007,M,Thảo Đặng,50 Bùi Làng,Đồng Nai,VN,127425
4593,new,1724716800.0,20/07/2007,M,Ngọc Phạm,70 Jane Đường,Bà Rịa - Vũng Tàu,VN,548050
2195,update,1724803200.0,30/12/1983,M,Chị Phương Lê,70 Jane Ngõ,Hồ Chí Minh,VN,780064
2989,new,1724803200.0,01/03/2002,F,Quý cô Yến Bùi,1 John Số,Đồng Nai,VN,240119
2801,new,1724803200.0,30/10/2006,F,Anh Phúc Trần,5 Nguyễn Hẻm,Bắc Ninh,VN,156192
3359,new,1724803200.0,29/11/2000,F,Chi Mai,8 John Ngõ,Cần Thơ,VN,457815
2657,update,1724889600.0,27/04/1999,F,Hà Tấn Lê,1 John Đường,Hồ Chí Minh,VN,355222
3637,new,1724889600.0,29/05/1999,F,Hạnh Mai Bảo Phạm,32 Vũ Đường,Đồng Nai,VN,739895
1502,new,1724889600.0,06/03/1996,M,Lan Nguyễn,9 John Khu,Hải Phòng,VN,743975
1521,new,1724889600.0,27/01/1969,M,Thành Văn Lê,7 John Số,Khánh Hòa,VN,354861
3224,update,1724889600.0,08/07/1982,M,Thành Đức Dương,1 Hoàng Hẻm,Cần Thơ,VN,322602
4398,new,1724976000.0,18/05/1988,M,Tùng Trần,2 Vũ Tổ,Thừa Thiên Huế,VN,597247
4756,new,1724976000.0,30/05/2006,M,Quý ông Trung Đặng,341 John Làng,Đồng Nai,VN,235369
2246,new,1724976000.0,07/10/1995,F,Quang Hoàng,0 John Đường,Quảng Ninh,VN,505724
1517,new,1724976000.0,17/11/1972,M,Cô Vi Đặng,81 John Tổ,Hồ Chí Minh,VN,114086
3279,new,1724976000.0,06/04/2001,F,Dũng Bùi,410 Jane Đường,Hồ Chí Minh,VN,717991
2459,update,1724976000.0,12/02/2004,F,Ánh Nguyễn,66 Bùi Hẻm,Lâm Đồng,VN,839559
1891,new,1724976000.0,31/03/1996,M,Bà Hồng Hoàng,0 Jane Ngõ,Bà Rịa - Vũng Tàu,VN,741644
1560,new,1725062400.0,17/01/1994,M,Anh Đức Phạm,5 John Hẻm,Đồng Nai,VN,942909
4383,new,1725062400.0,09/12/1995,F,Dũng Đức Vũ,943 Bùi Số,Hà Nội,VN,207959
4255,new,1725062400.0,05/06/1990,F,Ông Phúc Vũ,0 Jane Ngõ,Hà Nội,VN,107145
3530,update,1725062400.0,18/11/2002,M,Quang Dương,2 Dương Số,Hải Phòng,VN,667929
4722,new,1725062400.0,09/04/1987,M,Chị Dương Hoàng,402 Lê Làng,Quảng Ninh,VN,721258
4021,new,1725062400.0,28/06/2001,F,Hoàng Trần,9 Dương Tổ,Đồng Nai,VN,592345
4508,update,1725062400.0,07/01/1974,F,Yến Vũ,26 Jane Đường,Nghệ An,VN,995579
4019,new,1725062400.0,17/10/2006,F,Hưng Nguyễn,42 John Làng,Lâm Đồng,VN,882576
3951,new,1725148800.0,21/06/1967,F,Phương Dương,257 Vũ Dãy,Hồ Chí Minh,VN,703235
4368,new,1725148800.0,13/12/1977,F,Ánh Phạm,462 Jane Làng,Khánh Hòa,VN,748363
1635,update,1725148800.0,28/02/2005,F,Minh Đức Dương,415 Lê Ngõ,Đà Nẵng,VN,603612
1116,new,1725148800.0,12/12/1997,M,Bảo Trí Dương,009 John Khu,Lâm Đồng,VN,404393
2394,new,1725148800.0,19/07/2001,M,Ông Vũ Phạm,490 Trần Làng,Đà Nẵng,VN,742489
1848,new,1725148800.0,08/01/1999,M,Bà Hải Phạm,1 John Đường,Đồng Nai,VN,669615
3895,update,1725148800.0,25/01/1992,F,Minh Văn Lê,856 Phạm Hẻm,Hà Nội,VN,813318
4141,new,1725148800.0,29/03/2000,F,Khoa Dương,78 Vũ Số,Bắc Ninh,VN,332592
4311,new,1725148800.0,21/06/1993,M,Nhật Phạm,6 Nguyễn Dãy,Khánh Hòa,VN,251900
2036,new,1725148800.0,01/07/2005,F,Bà Thành Bùi,3 Trần Tổ,Cần Thơ,VN,645700
2211,new,1725235200.0,28/10/2003,M,Hương Mai,5 Dương Hẻm,Nghệ An,VN,773177
2417,update,1725235200.0,13/10/1987,M,Phương Dương,27 John Tổ,Hải Phòng,VN,759911
1403,new,1725235200.0,06/07/1989,F,Quý ông Bảo Vũ,07 John Tổ,Khánh Hòa,VN,665451
1402,new,1725321600.0,02/01/2003,F,Quý cô Linh Đặng,6 Jane Số,Cần Thơ,VN,395291
4306,update,1725321600.0,18/05/1986,F,Mai Vũ,6 Lê Làng,Nghệ An,VN,449021
2985,new,1725321600.0,26/12/1979,F,Tùng Bùi,27 John Số,Cần Thơ,VN,847582
1590,new,1725321600.0,10/03/2000,M,Quý cô Vi Trần,9 Lê Làng,Khánh Hòa,VN,994067
2802,new,1725321600.0,28/03/1999,F,Ông Quang Dương,29 Jane Khu,Nghệ An,VN,647519
3799,new,1725321600.0,04/01/1993,M,Bảo Thế Mai,915 Nguyễn Làng,Đà Nẵng,VN,862817
1990,new,1725321600.0,21/03/2002,F,Thành Mai,0 John Ngõ,Hải Dương,VN,961524
3046,new,1725321600.0,06/03/1993,F,Châu Dương,1 John Số,Bình Dương,VN,426436
2938,new,1725321600.0,22/02/1996,M,Chị Linh Đặng,46 Đặng Khu,Thừa Thiên Huế,VN,441141
4669,new,1725408000.0,05/09/1999,F,Nhiên Xuân Bùi,41 John Khu,Đồng Nai,VN,361896
1765,new,1725408000.0,03/09/2001,M,Bác Châu Hoàng,1 John Đường,Bắc Ninh,VN,468551
2736,update,1725408000.0,01/10/1990,M,Chị Lan Vũ,7 Trần Ngõ,Huế,VN,814280
4804,update,1725408000.0,04/03/1998,M,Ông Khoa Vũ,64 Jane Số,Bà Rịa - Vũng Tàu,VN,725824
3694,new,1725494400.0,12/07/2006,M,Ánh Đặng,3 Trần Tổ,Bắc Ninh,VN,467691
3193,new,1725494400.0,25/09/2007,F,Cô Khoa Phạm,133 Jane Làng,Bình Dương,VN,521453
3883,update,1725494400.0,22/02/1986,M,Vân Dương,320 Vũ Làng,Khánh Hòa,VN,538221
2418,new,1725494400.0,05/07/1992,M,Quý cô Hương Đặng,701 Vũ Số,Bắc Ninh,VN,995143
2716,new,1725494400.0,30/10/1996,M,Hương Đặng,271 John Dãy,Hồ Chí Minh,VN,150928
3006,new,1725494400.0,05/08/2001,M,Khoa Xuân Vũ,74 John Khu,Hải Dương,VN,703528
4115,new,1725580800.0,17/05/1981,F,Hương Phạm,3 Đặng Khu,Lâm Đồng,VN,447331
4863,new,1725580800.0,10/05/1983,F,Nam Mai Bùi,164 Nguyễn Tổ,Bà Rịa - Vũng Tàu,VN,126441
1047,new,1725580800.0,17/02/1987,M,Quang Hải Dương,520 John Số,Quảng Ninh,VN,454310
4848,update,1725580800.0,28/01/2003,M,Khoa Nguyễn,86 Phạm Dãy,Hải Phòng,VN,631829
1324,new,1725580800.0,07/02/1998,M,Thành Đức Đặng,21 Jane Hẻm,Hải Dương,VN,577505
3891,new,1725667200.0,30/01/1982,M,Quý ông Khoa Vũ,39 John Ngõ,Nghệ An,VN,180375
2985,update,1725667200.0,26/12/1979,F,Cô Linh Lê,27 John Số,Cần Thơ,VN,847582
3731,new,1725667200.0,03/08/2007,M,Quý cô Nhật Nguyễn,497 John Số,Nghệ An,VN,570740
1210,new,1725753600.0,19/05/2003,F,Bà Hồng Trần,31 Lê Dãy,Cần Thơ,VN,399641
4807,update,1725753600.0,20/03/1999,F,Bác Quang Hoàng,6 Jane Làng,Cần Thơ,VN,901999
4918,new,1725753600.0,06/06/2007,M,Thành Đặng,9 Đặng Làng,Đồng Nai,VN,889501
1907,new,1725753600.0,02/04/2002,M,Ông Trung Lê,36 Jane Dãy,Hải Dương,VN,233361
4023,new,1725753600.0,14/07/1989,M,Ông Trọng Phạm,189 Jane Hẻm,Hải Dương,VN,591859
3483,new,1725753600.0,06/04/1972,F,Ông Phúc Hoàng,11 Dương Hẻm,Đồng Nai,VN,740820
3496,new,1725753600.0,15/11/2005,M,Hồng Đặng,335 Đặng Hẻm,Hải Dương,VN,278996
2234,new,1725840000.0,30/03/1986,F,Bảo Thế Phạm,79 Trần Khu,Hải Phòng,VN,314437
1993,update,1725840000.0,14/04/1994,F,Hà Thế Đặng,61 Vũ Số,Hải Phòng,VN,230824
2755,new,1725840000.0,19/05/1984,F,Phúc Trần,126 John Khu,Hà Nội,VN,331034
1235,update,1725840000.0,10/08/1991,F,Bác Thành Nguyễn,89 John Dãy,Lâm Đồng,VN,439626
2082,new,1725840000.0,18/05/2001,F,Chị Hải Dương,2 John Dãy,Hồ Chí Minh,VN,201264
3516,new,1725840000.0,08/05/1988,M,Huy Hoàng,8 Mai Số,Cần Thơ,VN,870843
4583,new,1725840000.0,03/07/1994,F,Kim Trí Dương,307 Mai Dãy,Đồng Nai,VN,574198
1374,update,1725840000.0,08/12/1974,M,Nhật Phạm,51 John Số,Hải Dương,VN,608350
1422,new,1725926400.0,25/12/1983,M,Nam Bùi,975 Vũ Đường,Quảng Ninh,VN,566538
2791,new,1725926400.0,02/05/1968,M,Quang Trí Hoàng,7 John Làng,Đà Nẵng,VN,146785
1485,new,1725926400.0,03/04/1980,M,Chị Nhật Nguyễn,78 Jane Tổ,Quảng Ninh,VN,687405
3463,update,1725926400.0,27/11/1999,F,Bà Nhật Đặng,8 John Hẻm,Hà Nội,VN,144783
1572,update,1725926400.0,07/12/2000,F,Hưng Mai Dương,71 Mai Làng,Đà Nẵng,VN,515793
1185,new,1725926400.0,07/04/2004,F,Phương Tấn Dương,09 Bùi Số,Hải Phòng,VN,601701
4938,update,1725926400.0,26/09/2001,F,Chị Kim Dương,445 Dương Khu,Hải Phòng,VN,688969
3710,update,1725926400.0,01/11/2004,F,Quang Trí Đặng,1 Jane Tổ,Hà Nội,VN,440688
4457,new,1726012800.0,24/04/1980,F,Cô Duyên Vũ,24 Hoàng Dãy,Nghệ An,VN,795541
3325,new,1726012800.0,18/01/1994,M,Quý cô Nhật Lê,677 John Dãy,Hải Dương,VN,928505
4799,new,1726012800.0,22/08/2007,F,Phương Quang Bùi,0 Hoàng Làng,Thừa Thiên Huế,VN,634874
3973,new,1726012800.0,07/04/1995,M,Nhật Phạm,43 John Tổ,Bình Dương,VN,440176
4201,new,1726012800.0,10/01/1999,F,Bác Phúc Dương,83 Jane Hẻm,Lâm Đồng,VN,814272
4229,new,1726012800.0,23/11/1997,F,Khoa Phạm,2 Jane Ngõ,Đồng Nai,VN,600768
1682,new,1726099200.0,19/06/2005,M,Bảo Hữu Vũ,157 Jane Ngõ,Bắc Ninh,VN,875709
1144,new,1726099200.0,05/08/1993,F,Cô Khoa Phạm,2 John Ngõ,Nghệ An,VN,420932
3834,new,1726185600.0,01/11/2005,F,Thành Hoàng Nguyễn,835 John Tổ,Lâm Đồng,VN,335427
4574,new,1726185600.0,13/11/2004,M,Bảo Đặng,09 John Số,Bà Rịa - Vũng Tàu,VN,449378
2016,new,1726185600.0,11/01/2001,F,Anh Bảo Lê,35 Jane Làng,Hải Dương,VN,626099
2979,update,1726185600.0,06/06/1996,M,Quý cô Lan Mai,141 Jane Ngõ,Huế,VN,607429
3699,update,1726185600.0,08/02/1980,M,Bà Nhật Trần,69 Đặng Ngõ,Hồ Chí Minh,VN,442939
1509,new,1726185600.0,19/08/1999,M,Bà Hạnh Nguyễn,9 John Đường,Bình Dương,VN,796515
3843,new,1726185600.0,05/11/1981,M,Duyên Mai,901 Lê Tổ,Khánh Hòa,VN,561709
3020,new,1726185600.0,11/07/2001,F,Hạnh Nguyễn,9 John Tổ,Hải Phòng,VN,506089
3978,update,1726272000.0,22/08/1986,F,Hưng Lê,215 John Khu,Huế,VN,114624
1246,new,1726272000.0,20/04/2000,F,Bà Kim Hoàng,17 Jane Làng,Hà Nội,VN,639319
3629,new,1726272000.0,04/11/1999,M,An Vũ,9 John Ngõ,Lâm Đồng,VN,664666
2098,new,1726272000.0,14/05/2002,F,Châu Thị Trần,51 Jane Đường,Thừa Thiên Huế,VN,791090
3051,new,1726272000.0,26/09/1997,M,Quý cô Hà Phạm,370 Jane Hẻm,Quảng Ninh,VN,332455
1732,new,1726272000.0,29/01/2002,M,Cô Phương Vũ,7 Nguyễn Dãy,Bình Dương,VN,818935
3198,new,1726272000.0,25/07/2002,F,Bà Hạnh Trần,17 John Dãy,Nghệ An,VN,359380
2431,update,1726272000.0,12/10/2007,F,Anh Phú Trần,6 John Dãy,Hà Nội,VN,827861
2129,new,1726272000.0,03/04/1996,M,Ngọc Trần,637 Nguyễn Đường,Đà Nẵng,VN,114968
3356,new,1726272000.0,12/09/1988,F,Nhiên Lê,520 Đặng Đường,Hải Phòng,VN,541930
1328,new,1726358400.0,24/06/1996,F,Cô Xuân Vũ,9 Jane Số,Lâm Đồng,VN,758887
1364,update,1726358400.0,26/12/2006,F,Bác Trung Hoàng,560 Bùi Đường,Huế,VN,910391
1584,new,1726358400.0,10/03/1992,M,Mai Đặng,372 Đặng Hẻm,Lâm Đồng,VN,473756
4744,new,1726358400.0,22/08/1968,F,An Hữu Hoàng,913 Vũ Số,Đà Nẵng,VN,285600
1002,new,1726358400.0,29/09/2000,M,Phương Lê,30 John Dãy,Bà Rịa - Vũng Tàu,VN,612380
1556,new,1726358400.0,17/01/1970,F,Ông Phúc Hoàng,800 Jane Đường,Hà Nội,VN,903994
2896,new,1726358400.0,10/01/1976,F,Nhiên Thị Hoàng,89 John Khu,Hà Nội,VN,756512
1193,new,1726444800.0,19/06/2005,M,Minh Dương,561 Lê Đường,Nghệ An,VN,810730
2576,update,1726444800.0,10/11/1996,F,Bà Ngọc Đặng,37 John Số,Hồ Chí Minh,VN,242440
4581,new,1726444800.0,18/10/1990,F,Quang Đức Hoàng,96 Đặng Tổ,Hồ Chí Minh,VN,143525
3374,new,1726444800.0,30/07/2007,F,Hoàng Hoàng,7 John Tổ,Bà Rịa - Vũng Tàu,VN,643865
4712,new,1726444800.0,13/11/1998,M,Hạnh Hải Phạm,9 Jane Hẻm,Đà Nẵng,VN,236031
3113,update,1726444800.0,28/06/2003,M,Chị Dương Bùi,9 Dương Đường,Huế,VN,584388
4965,new,1726531200.0,29/03/2004,M,Chị Kim Dương,77 John Khu,Bà Rịa - Vũng Tàu,VN,757579
2896,update,1726531200.0,10/01/1976,F,Vân Dương,89 John Khu,Hà Nội,VN,756512
3111,new,1726531200.0,03/09/2000,M,Nhiên Đặng,5 Nguyễn Dãy,Bắc Ninh,VN,721595
3444,new,1726531200.0,28/08/2003,F,Lâm Hữu Vũ,7 John Ngõ,Hải Dương,VN,278979
2238,update,1726531200.0,20/08/2000,F,Phúc Phạm,72 Jane Đường,Cần Thơ,VN,164029
2370,new,1726531200.0,05/02/1979,F,Bà Khoa Phạm,7 Jane Tổ,Thừa Thiên Huế,VN,400434
1002,update,1726531200.0,29/09/2000,M,Hà Đức Mai,30 John Dãy,Bà Rịa - Vũng Tàu,VN,612380
2605,new,1726531200.0,16/02/1971,F,Chi Vũ,5 Hoàng Số,Bình Dương,VN,177420
2142,new,1726531200.0,26/10/2005,M,Hải Đức Mai,64 John Khu,Bà Rịa - Vũng Tàu,VN,267833
4288,new,1726531200.0,01/03/1996,F,Bảo Văn Bùi,85 Phạm Ngõ,Khánh Hòa,VN,511639
1542,new,1726531200.0,19/07/1996,M,Quý ông Khoa Vũ,967 Trần Đường,Cần Thơ,VN,733726
1052,new,1726617600.0,14/08/1976,M,Khoa Xuân Đặng,06 Nguyễn Dãy,Đồng Nai,VN,545860
3365,new,1726617600.0,24/03/1989,M,Nhật Đặng,156 Hoàng Hẻm,Hà Nội,VN,884306
2184,new,1726617600.0,22/06/2007,F,Cô Lan Nguyễn,3 John Ngõ,Cần Thơ,VN,459212
2121,update,1726617600.0,17/01/1996,F,Cô Nhật Lê,331 John Số,Hồ Chí Minh,VN,111737
4935,new,1726617600.0,26/07/1998,M,Hà Hữu Lê,5 Jane Tổ,Đà Nẵng,VN,225812
3321,new,1726617600.0,01/01/2006,M,Lan Vũ,67 Hoàng Tổ,Bà Rịa - Vũng Tàu,VN,461106
4172,update,1726617600.0,24/04/2001,F,Nhật Nguyễn,243 John Đường,Đà Nẵng,VN,751175
3146,update,1726617600.0,09/07/1974,M,Quý cô Hà Dương,7 Bùi Số,Hà Nội,VN,312632
4751,new,1726704000.0,30/03/2007,M,Hương Nguyễn,5 Lê Khu,Hải Dương,VN,992041
3838,new,1726704000.0,26/10/2002,M,Thành Nguyễn,2 Trần Dãy,Cần Thơ,VN,593826
1106,new,1726704000.0,24/08/2002,M,Khoa Nguyễn,881 John Tổ,Bình Dương,VN,142223
1883,update,1726704000.0,20/03/2001,M,Huy Quang Đặng,4 Hoàng Dãy,Hải Phòng,VN,451227
1523,new,1726704000.0,24/09/1985,M,Xuân Bùi,774 John Ngõ,Hồ Chí Minh,VN,767839
2953,new,1726704000.0,26/05/2000,M,Huy Đặng,270 Jane Đường,Khánh Hòa,VN,531093
1690,new,1726704000.0,19/03/2000,F,Vân Dương,33 Lê Tổ,Hồ Chí Minh,VN,132219
2430,update,1726704000.0,03/07/1997,M,Xuân Trần,4 Mai Dãy,Đồng Nai,VN,763103
1505,update,1726790400.0,27/07/2006,F,Quý cô Hương Lê,26 Nguyễn Hẻm,Hải Phòng,VN,696093
3483,update,1726790400.0,06/04/1972,F,Anh Minh Trần,11 Dương Hẻm,Đồng Nai,VN,740820
2009,new,1726790400.0,18/03/2000,M,An Thế Bùi,7 Jane Đường,Hà Nội,VN,211268
1169,new,1726790400.0,02/04/1999,F,Quý cô Hà Đặng,16 Vũ Dãy,Bình Dương,VN,411299
2656,new,1726790400.0,18/06/1998,M,Mai Bùi,32 John Làng,Khánh Hòa,VN,594937
2396,new,1726790400.0,13/11/2005,F,Trung Hoàng,31 Jane Số,Khánh Hòa,VN,470204
4768,new,1726790400.0,21/12/2006,M,An Mai,28 Jane Ngõ,Đồng Nai,VN,904171
3823,update,1726790400.0,07/10/1997,F,Ngọc Lê,202 Mai Số,Đà Nẵng,VN,460615
1596,new,1726790400.0,19/12/1994,F,Bác Anh Mai,49 Bùi Khu,Đà Nẵng,VN,833146
3745,new,1726790400.0,30/06/1985,M,Thành Vũ,375 Jane Hẻm,Bắc Ninh,VN,921765
2287,new,1726790400.0,16/10/2004,M,Trung Nguyễn,2 Phạm Ngõ,Khánh Hòa,VN,919993
3334,new,1726790400.0,03/09/1982,M,Chị Duyên Phạm,318 John Ngõ,Bà Rịa - Vũng Tàu,VN,685105
4205,new,1726790400.0,04/09/2002,M,Ngọc Vũ,3 Hoàng Hẻm,Hải Phòng,VN,501316
4702,new,1726790400.0,27/10/2004,F,Anh Anh Vũ,2 John Số,Bà Rịa - Vũng Tàu,VN,489997
3827,new,1726876800.0,10/12/1973,M,Quý cô Linh Mai,92 Jane Số,Thừa Thiên Huế,VN,678546
1279,new,1726876800.0,12/09/1984,M,Hương Trần,6 Phạm Khu,Đà Nẵng,VN,380014
4753,new,1726876800.0,28/10/1997,F,Lâm Vũ,29 Jane Ngõ,Khánh Hòa,VN,368215
2778,update,1726963200.0,27/05/1988,M,Nhật Phạm,5 John Tổ,Cần Thơ,VN,823812
3725,new,1726963200.0,25/12/1998,M,Bảo Phú Nguyễn,80 John Ngõ,Bình Dương,VN,995584
3764,new,1726963200.0,28/07/2003,M,Bà Yến Vũ,27 Jane Đường,Khánh Hòa,VN,805014
2220,new,1726963200.0,24/04/1977,M,Chị Hồng Vũ,3 Hoàng Dãy,Bà Rịa - Vũng Tàu,VN,924930
1692,new,1727049600.0,03/09/1999,M,Dũng Hoàng,05 John Số,Đồng Nai,VN,703897
3392,update,1727049600.0,26/02/1967,M,Hà Phạm,12 John Dãy,Hồ Chí Minh,VN,714766
4345,new,1727049600.0,08/11/1991,M,Ông Tú Nguyễn,15 Nguyễn Hẻm,Hồ Chí Minh,VN,691465
3501,new,1727049600.0,19/08/2006,M,Yến Mai,2 Đặng Làng,Hà Nội,VN,851971
1148,new,1727049600.0,23/08/1979,F,Trọng Lê,6 Lê Khu,Lâm Đồng,VN,187083
2037,new,1727049600.0,20/11/1990,F,Nhiên Thị Nguyễn,633 Jane Làng,Đồng Nai,VN,291648
4760,new,1727136000.0,26/09/1983,M,Lâm Thị Lê,2 Jane Đường,Hồ Chí Minh,VN,444643
4435,new,1727136000.0,29/08/1970,M,Quý cô Lan Vũ,4 Lê Đường,Hồ Chí Minh,VN,676925
1322,new,1727136000.0,21/10/1984,F,Ông Quang Đặng,1 John Làng,Bắc Ninh,VN,250918
1939,new,1727136000.0,17/11/2002,F,Bảo Hải Nguyễn,637 Hoàng Đường,Hải Dương,VN,837126
4995,new,1727222400.0,18/09/1996,F,Khoa Văn Dương,100 John Ngõ,Cần Thơ,VN,711601
1666,new,1727222400.0,13/11/1998,F,Thành Quang Mai,247 John Đường,Hải Phòng,VN,880690
2122,new,1727222400.0,05/01/1997,M,Mai Nguyễn,2 Dương Dãy,Bắc Ninh,VN,834070
2110,update,1727222400.0,08/01/2007,F,Quý cô Thành Vũ,419 Jane Số,Bình Dương,VN,585488
3228,new,1727222400.0,07/04/1996,F,Yến Hoàng,878 John Hẻm,Thừa Thiên Huế,VN,121545
4241,new,1727222400.0,22/07/1995,M,Quý cô Thành Lê,7 Jane Đường,Bắc Ninh,VN,104283
3827,update,1727222400.0,10/12/1973,M,Quý cô Linh Mai,34 John Tổ,Cần Thơ,VN,865556
3383,new,1727222400.0,29/03/1969,M,Linh Hoàng,8 Vũ Hẻm,Bình Dương,VN,575516
1360,update,1727308800.0,07/01/1995,M,Anh Phạm,8 Vũ Số,Đà Nẵng,VN,682280
3427,new,1727308800.0,15/05/2003,M,Quý ông Thành Lê,050 John Hẻm,Đồng Nai,VN,734889
2313,update,1727308800.0,30/01/1986,F,Khoa Hải Bùi,0 John Dãy,Hải Phòng,VN,827312
1685,new,1727308800.0,20/04/1998,M,Hải Mai,395 Đặng Khu,Đà Nẵng,VN,577316
2852,new,1727308800.0,12/07/1971,F,Vân Bùi,49 Phạm Khu,Cần Thơ,VN,762636
4899,new,1727308800.0,20/10/1987,M,Quang Hoàng,4 John Đường,Khánh Hòa,VN,559662
4858,new,1727395200.0,10/11/1985,F,Bảo Hoàng Lê,9 Dương Ngõ,Hà Nội,VN,331150
3828,new,1727481600.0,03/07/2004,M,Anh Phú Mai,1 Vũ Hẻm,Cần Thơ,VN,951514
4553,new,1727481600.0,23/08/1995,F,Nhật Trần,0 Jane Khu,Bắc Ninh,VN,169174
4479,new,1727481600.0,24/03/1997,F,Chị Hồng Vũ,4 John Hẻm,Thừa Thiên Huế,VN,656712
4241,update,1727481600.0,22/07/1995,M,Bà Hạnh Đặng,7 Jane Đường,Bắc Ninh,VN,104283
2077,new,1727481600.0,26/06/2007,M,Chị Hải Nguyễn,0 Jane Tổ,Bà Rịa - Vũng Tàu,VN,939723
3862,new,1727568000.0,06/12/1989,M,Ông Bảo Vũ,12 Mai Số,Hồ Chí Minh,VN,704972
2972,new,1727568000.0,11/03/2006,M,An Phú Đặng,619 Mai Đường,Bắc Ninh,VN,717004
4657,new,1727568000.0,13/01/2003,F,Quý ông Dũng Phạm,25 John Làng,Hải Dương,VN,432955
4524,new,1727568000.0,05/02/2004,M,Quý cô Hồng Phạm,6 Jane Dãy,Hải Dương,VN,516591
3637,update,1727568000.0,29/05/1999,F,Phương Hữu Đặng,32 Vũ Đường,Đồng Nai,VN,739895
3420,new,1727568000.0,18/02/1997,F,Lâm Phạm,05 John Tổ,Quảng Ninh,VN,229329
1440,update,1727654400.0,30/10/2000,F,Anh Quang Mai,028 Jane Khu,Hải Phòng,VN,479886
4180,update,1727654400.0,19/06/1999,F,Huy Mai,5 Bùi Tổ,Khánh Hòa,VN,394740
1631,new,1727654400.0,23/08/1979,M,Anh Thành Mai,68 Hoàng Số,Nghệ An,VN,697049
4402,new,1727654400.0,03/07/1977,M,Bà Khoa Vũ,3 Đặng Khu,Bắc Ninh,VN,466434
1391,new,1727654400.0,04/08/2004,M,Nhật Bùi,54 Nguyễn Số,Khánh Hòa,VN,408191
4029,new,1727654400.0,24/03/1975,F,Nhật Đặng,78 Mai Dãy,Hải Phòng,VN,359456
1197,new,1727654400.0,02/10/1988,M,Ngọc Đặng,1 Phạm Đường,Hải Phòng,VN,389619
2201,new,1727740800.0,24/12/1993,F,Xuân Phạm,53 Mai Số,Bà Rịa - Vũng Tàu,VN,251169
4821,new,1727740800.0,08/06/1991,F,Cô Ánh Mai,59 Jane Tổ,Hải Dương,VN,958973
4791,new,1727740800.0,02/02/2001,M,Ông Thành Hoàng,845 Bùi Khu,Đồng Nai,VN,394363
3413,new,1727740800.0,07/03/1987,F,Quý cô Hà Dương,38 Nguyễn Khu,Đồng Nai,VN,740390
3540,new,1727740800.0,03/04/1977,F,Hưng Lê,45 Bùi Khu,Hà Nội,VN,135795
3796,new,1727740800.0,20/11/1988,M,Bà Lâm Hoàng,47 John Ngõ,Bắc Ninh,VN,751275
2215,new,1727827200.0,26/11/1985,M,Quý cô Kim Vũ,100 Jane Hẻm,Nghệ An,VN,982581
1351,new,1727827200.0,25/01/1990,F,Thành Văn Bùi,3 John Ngõ,Hà Nội,VN,388671
1195,new,1727827200.0,07/10/1998,M,Bác Minh Đặng,74 Mai Hẻm,Hải Dương,VN,608049
3247,new,1727827200.0,24/11/2003,F,Cô Hạnh Phạm,8 Đặng Ngõ,Hồ Chí Minh,VN,667194
1601,update,1727827200.0,06/01/2003,M,Linh Vũ,50 Dương Khu,Vinh,VN,753127
2029,new,1727827200.0,15/07/2005,M,Hà Hoàng,21 Trần Hẻm,Hải Dương,VN,477485
3959,new,1727827200.0,24/09/2000,M,An Lê,779 Dương Khu,Bắc Ninh,VN,559030
2198,update,1727827200.0,16/11/1997,M,Thành Vũ,76 John Đường,Vinh,VN,288341
1108,new,1727913600.0,09/06/1986,F,An Phú Bùi,507 John Số,Bà Rịa - Vũng Tàu,VN,720808
4741,new,1727913600.0,20/02/1968,M,Nhật Xuân Lê,1 Jane Hẻm,Đà Nẵng,VN,473426
4048,new,1727913600.0,24/07/1997,F,Minh Hoàng,00 John Tổ,Quảng Ninh,VN,576809
1439,new,1727913600.0,21/05/2005,F,Hoàng Mai,78 Trần Khu,Thừa Thiên Huế,VN,692641
1097,new,1727913600.0,06/10/1999,F,Anh Vũ Bùi,4 Mai Hẻm,Thừa Thiên Huế,VN,963150
3830,update,1728000000.0,09/07/2007,M,Khoa Đức Nguyễn,035 Vũ Dãy,Nha Trang,VN,798509
4193,new,1728000000.0,18/11/1990,M,Thành Trí Lê,965 Jane Hẻm,Quảng Ninh,VN,873950
4065,new,1728000000.0,29/11/1981,F,Quang Vũ,9 Jane Đường,Đồng Nai,VN,167746
4386,new,1728000000.0,20/04/1980,M,Linh Bùi,92 John Tổ,Lâm Đồng,VN,680428
2812,new,1728000000.0,14/08/1983,M,Quý cô Bảo Vũ,3 Jane Khu,Cần Thơ,VN,285141
1524,new,1728086400.0,01/01/2001,M,Quý cô Ánh Bùi,825 John Số,Hà Nội,VN,669585
4164,update,1728086400.0,14/07/2002,M,Minh Lê,86 John Ngõ,Hải Phòng,VN,267737
3319,new,1728086400.0,27/08/1967,M,Thành Trí Lê,71 Nguyễn Làng,Đồng Nai,VN,175471
4277,new,1728086400.0,11/07/1994,M,Duyên Trần,222 Mai Đường,Đà Nẵng,VN,836489
2123,new,1728086400.0,22/06/1995,M,Nhiên Hoàng Đặng,947 Phạm Hẻm,Hải Phòng,VN,811365
1963,new,1728172800.0,01/07/1972,M,Cô Hồng Lê,54 Jane Đường,Bắc Ninh,VN,229899
2711,new,1728172800.0,15/04/1998,M,Yến Nguyễn,68 Jane Dãy,Cần Thơ,VN,233448
4668,new,1728172800.0,17/10/2002,F,Chị Hạnh Hoàng,065 Jane Tổ,Cần Thơ,VN,733150
4680,new,1728172800.0,27/11/1986,M,Huy Bùi,5 John Làng,Bà Rịa - Vũng Tàu,VN,372227
2667,new,1728172800.0,20/05/1994,F,Cô Vi Phạm,68 Dương Làng,Bình Dương,VN,787662
3670,new,1728172800.0,30/08/1996,M,Chị Hạnh Đặng,8 Trần Khu,Bắc Ninh,VN,744052
3939,update,1728172800.0,03/04/2002,M,Hương Đặng,3 John Hẻm,Hồ Chí Minh,VN,867482
3131,new,1728172800.0,21/06/1997,F,Thành Trần,0 Jane Khu,Hà Nội,VN,129619
2155,new,1728172800.0,08/06/1992,F,Huy Phú Hoàng,838 Lê Hẻm,Hồ Chí Minh,VN,677906
3732,update,1728172800.0,28/01/1999,F,Bảo Phạm,140 John Làng,Quảng Ninh,VN,254007
3059,new,1728172800.0,30/07/1987,F,Thảo Hoàng,8 John Dãy,Lâm Đồng,VN,411650
1550,new,1728172800.0,14/03/2000,M,Quý ông Khoa Lê,351 Phạm Khu,Hải Dương,VN,939355
2108,new,1728172800.0,23/07/2006,F,Bà Khoa Hoàng,7 Bùi Khu,Bà Rịa - Vũng Tàu,VN,355074
3260,new,1728172800.0,15/07/2002,M,Quý cô Ngọc Đặng,69 Dương Khu,Bà Rịa - Vũng Tàu,VN,811658
1503,new,1728172800.0,30/09/1998,F,Nhiên Hoàng,84 John Làng,Bắc Ninh,VN,318176
1908,new,1728172800.0,08/08/1992,F,Quý ông Tùng Hoàng,8 Jane Số,Quảng Ninh,VN,762056
4460,new,1728172800.0,03/09/1998,F,Cô Yến Trần,2 John Số,Hải Phòng,VN,336393
2678,new,1728259200.0,08/06/2005,F,Bảo Trần,3 John Dãy,Hải Dương,VN,877480
1541,new,1728259200.0,27/10/2003,F,Cô Phương Trần,403 Dương Hẻm,Cần Thơ,VN,117146
2692,update,1728259200.0,04/03/1980,M,Vi Bùi,3 John Làng,Hồ Chí Minh,VN,973692
2677,new,1728259200.0,01/05/1989,M,Chị Vân Mai,29 Bùi Khu,Hồ Chí Minh,VN,594402
1492,new,1728259200.0,03/07/2003,M,Khoa Đức Đặng,855 Dương Hẻm,Hồ Chí Minh,VN,785054
3031,update,1728345600.0,17/07/1997,F,Phương Phú Phạm,27 Phạm Ngõ,Lâm Đồng,VN,272677
4459,new,1728345600.0,22/01/1969,F,Vân Mai,9 Đặng Tổ,Đồng Nai,VN,558271
2369,new,1728345600.0,23/04/2004,F,Tùng Lê,87 John Khu,Thừa Thiên Huế,VN,304261
1292,new,1728345600.0,28/01/2005,F,Hạnh Dương,4 John Làng,Bắc Ninh,VN,197497
3975,new,1728345600.0,12/03/1995,M,Thành Mai Nguyễn,23 Bùi Hẻm,Lâm Đồng,VN,473731
1279,update,1728345600.0,12/09/1984,M,Hương Trần,025 Jane Hẻm,Hải Phòng,VN,295591
2640,new,1728345600.0,03/12/2003,F,Lâm Bùi,2 Jane Đường,Bà Rịa - Vũng Tàu,VN,665254
4885,new,1728345600.0,24/07/1984,M,Minh Trí Lê,42 John Khu,Bà Rịa - Vũng Tàu,VN,376111
2491,update,1728345600.0,24/04/1977,M,Ông Hưng Phạm,62 Dương Số,Hải Phòng,VN,243566
1754,new,1728345600.0,24/02/2005,M,Quý cô Mai Vũ,3 Dương Đường,Hồ Chí Minh,VN,459355
2503,update,1728432000.0,07/08/1991,M,Cô Dương Dương,63 John Số,Huế,VN,727779
3729,new,1728432000.0,20/08/1995,M,Hạnh Phạm,88 Jane Làng,Quảng Ninh,VN,404769
3169,new,1728432000.0,13/04/2002,M,Chị Ánh Nguyễn,955 Phạm Ngõ,Hải Phòng,VN,561577
4351,new,1728518400.0,17/08/2001,F,Nhật Đặng,660 John Đường,Hồ Chí Minh,VN,209203
3142,new,1728518400.0,26/11/1984,F,Hồng Trần,108 Jane Số,Đà Nẵng,VN,161622
1241,new,1728518400.0,16/08/2000,F,Châu Hữu Vũ,05 Jane Dãy,Đà Nẵng,VN,714491
4970,new,1728604800.0,03/11/2005,M,Chị Mai Bùi,811 Mai Khu,Bắc Ninh,VN,813011
4037,new,1728604800.0,29/10/2000,F,Hà Quang Lê,160 Jane Tổ,Cần Thơ,VN,972084
3890,update,1728604800.0,21/07/1998,F,Chị Dương Phạm,9 John Làng,Cần Thơ,VN,447563
3467,new,1728604800.0,28/08/1998,M,Huy Tấn Mai,58 Hoàng Ngõ,Cần Thơ,VN,413332
4293,new,1728604800.0,26/08/1995,M,Thành Hoàng Phạm,6 John Ngõ,Nghệ An,VN,110260
1955,update,1728691200.0,11/08/2007,F,Khoa Trần,436 John Ngõ,Hà Nội,VN,589472
4984,new,1728691200.0,08/12/1997,M,Anh Dương,978 Đặng Làng,Cần Thơ,VN,302495
4169,new,1728691200.0,30/03/1987,M,Thảo Phạm,596 Jane Đường,Hải Dương,VN,507736
1974,new,1728691200.0,26/10/1971,F,Bà Vân Dương,80 Bùi Khu,Bà Rịa - Vũng Tàu,VN,700416
1703,new,1728691200.0,03/03/1990,F,Hồng Đặng,5 Jane Số,Hồ Chí Minh,VN,220825
2054,new,1728691200.0,03/03/2005,F,Cô Ánh Trần,039 Jane Đường,Đà Nẵng,VN,140436
1773,new,1728691200.0,16/08/2004,M,Quang Hải Bùi,0 Jane Đường,Bình Dương,VN,364073
2033,update,1728777600.0,30/12/1994,F,Nhật Dương,284 Lê Đường,Quảng Ninh,VN,919544
3692,update,1728777600.0,26/07/1996,M,Bà Thảo Dương,26 Dương Tổ,Hải Phòng,VN,867080
3076,new,1728777600.0,20/03/2004,M,Dũng Đặng,84 Đặng Hẻm,Bắc Ninh,VN,463256
2193,new,1728777600.0,17/02/2006,F,Hưng Bùi,8 Hoàng Hẻm,Hồ Chí Minh,VN,295817
1456,new,1728777600.0,08/04/1987,M,Thành Thế Hoàng,342 John Tổ,Đồng Nai,VN,775834
2795,new,1728777600.0,23/01/2007,M,Tú Thế Mai,331 Jane Đường,Đà Nẵng,VN,452459
3048,new,1728864000.0,17/06/1991,M,Lâm Bùi,550 Jane Ngõ,Hải Phòng,VN,188905
3502,new,1728864000.0,14/04/1990,F,Quý ông Nhiên Mai,97 John Đường,Thừa Thiên Huế,VN,838403
3950,new,1728864000.0,30/07/1995,M,Hưng Lê,22 John Khu,Nghệ An,VN,537247
3604,new,1728864000.0,05/04/1970,F,Trung Bùi,80 Vũ Khu,Khánh Hòa,VN,843610
4191,new,1728864000.0,11/02/2007,M,Thành Vũ,181 Jane Tổ,Thừa Thiên Huế,VN,368477
4701,new,1728864000.0,01/09/2002,F,Nhiên Lê,9 Jane Làng,Bình Dương,VN,493329
4835,new,1728864000.0,16/12/1970,F,Bác Khoa Vũ,108 Jane Số,Bà Rịa - Vũng Tàu,VN,767798
3544,new,1728864000.0,19/03/2006,F,Duyên Mai,263 John Hẻm,Hà Nội,VN,566528
2790,new,1728864000.0,16/09/2002,M,Cô Bảo Bùi,3 Hoàng Hẻm,Hải Dương,VN,305733
3849,update,1728864000.0,21/01/1996,F,Mai Dương,06 John Làng,Nha Trang,VN,953748
3147,new,1728950400.0,30/04/1989,M,Quý cô Thảo Trần,0 Jane Số,Đồng Nai,VN,816814
4350,new,1728950400.0,13/04/1985,M,Lâm Bùi,8 Phạm Hẻm,Đà Nẵng,VN,963549
3748,new,1728950400.0,18/11/2007,M,An Văn Hoàng,4 Dương Ngõ,Đà Nẵng,VN,866764
2971,new,1728950400.0,21/08/1973,F,Khoa Phạm,3 Đặng Dãy,Đà Nẵng,VN,673700
2267,new,1729036800.0,30/08/1996,F,Minh Trần,0 John Tổ,Quảng Ninh,VN,952785
4402,update,1729036800.0,03/07/1977,M,Ông Nhiên Hoàng,3 Đặng Khu,Bắc Ninh,VN,466434
2289,new,1729036800.0,15/11/1991,F,Cô Lan Dương,98 Hoàng Tổ,Khánh Hòa,VN,469999
3725,update,1729036800.0,25/12/1998,M,Bảo Phú Nguyễn,1 John Hẻm,Hồ Chí Minh,VN,203882
3996,new,1729036800.0,13/12/2000,M,Khoa Thị Hoàng,04 Jane Đường,Lâm Đồng,VN,468396
2338,update,1729123200.0,22/03/2004,M,Anh Quang Dương,067 Jane Đường,Hải Phòng,VN,805270
1603,update,1729123200.0,02/10/1997,M,Dũng Xuân Vũ,1 Phạm Dãy,Bắc Ninh,VN,373974
2575,update,1729123200.0,03/07/2002,M,Anh Tùng Nguyễn,4 Jane Hẻm,Quảng Ninh,VN,642706
4227,new,1729123200.0,21/03/1987,M,Hồng Trần,22 John Hẻm,Quảng Ninh,VN,737998
4630,new,1729123200.0,16/02/2002,M,Thảo Vũ,0 Jane Khu,Cần Thơ,VN,814456
4837,update,1729123200.0,18/03/2005,F,Cô Mai Bùi,500 Mai Tổ,Hồ Chí Minh,VN,660724
4644,new,1729123200.0,12/08/2000,F,Chị Phương Trần,5 Hoàng Làng,Hải Phòng,VN,112224
3536,new,1729123200.0,25/01/1980,M,Cô Khoa Lê,44 John Dãy,Đà Nẵng,VN,247150
4326,new,1729209600.0,07/01/1980,M,Chị Vân Bùi,071 Dương Hẻm,Hà Nội,VN,769219
3826,new,1729209600.0,10/03/1990,M,Quý cô Phương Dương,946 Jane Tổ,Bà Rịa - Vũng Tàu,VN,334216
4769,update,1729209600.0,13/12/2007,F,Bà An Hoàng,46 Jane Dãy,Bình Dương,VN,467396
2168,new,1729209600.0,25/11/2001,M,Bác Anh Dương,7 Hoàng Hẻm,Hải Dương,VN,916721
3908,new,1729209600.0,24/07/1988,F,Lâm Đức Nguyễn,98 Dương Đường,Hải Phòng,VN,417481
1140,new,1729209600.0,15/07/1986,M,Duyên Vũ,54 John Khu,Khánh Hòa,VN,897879
4730,new,1729209600.0,16/10/2006,M,Mai Dương,010 Lê Dãy,Khánh Hòa,VN,953145
2901,new,1729296000.0,18/01/2004,M,Quý ông Huy Nguyễn,80 Lê Số,Khánh Hòa,VN,171169
2267,update,1729296000.0,30/08/1996,F,Minh Trần,166 Jane Dãy,Huế,VN,201850
4364,update,1729296000.0,03/08/1979,M,Khoa Hoàng Vũ,895 Đặng Dãy,Đà Nẵng,VN,845076
4637,update,1729296000.0,02/12/2007,M,Anh Nam Hoàng,857 Vũ Tổ,Hà Nội,VN,458582
2627,new,1729296000.0,19/03/1997,F,Anh Phúc Phạm,9 John Khu,Bắc Ninh,VN,672227
1138,new,1729296000.0,08/01/1990,F,Hưng Trần,7 Jane Hẻm,Đồng Nai,VN,949939
2094,new,1729296000.0,14/05/2006,M,Hà Mai,45 Jane Hẻm,Đà Nẵng,VN,913033
2917,new,1729296000.0,28/06/1998,M,Nhật Dương,6 Jane Tổ,Bình Dương,VN,504675
3791,new,1729296000.0,26/09/2006,M,Châu Hữu Phạm,042 Nguyễn Làng,Lâm Đồng,VN,470079
2025,new,1729296000.0,22/08/1965,F,Anh Trung Nguyễn,261 Lê Làng,Đà Nẵng,VN,410927
1275,new,1729382400.0,30/11/1981,F,Quý cô Ngọc Trần,10 Hoàng Dãy,Bắc Ninh,VN,375537
1150,new,1729382400.0,11/06/2001,F,Bác Minh Đặng,63 Trần Ngõ,Hồ Chí Minh,VN,518024
2178,new,1729468800.0,26/03/2002,F,Quý cô Khoa Đặng,6 Jane Tổ,Hà Nội,VN,879250
1559,new,1729468800.0,26/03/1999,M,Châu Hoàng Hoàng,23 Trần Dãy,Đồng Nai,VN,745625
3317,new,1729468800.0,07/11/1995,F,Mai Lê,518 Trần Làng,Nghệ An,VN,234829
2911,new,1729468800.0,09/08/2002,M,Chị Vi Lê,05 Jane Hẻm,Hà Nội,VN,203392
3039,new,1729468800.0,21/05/1991,M,Bảo Dương,37 Trần Làng,Cần Thơ,VN,910501
3786,update,1729468800.0,05/09/1974,F,Nhiên Thị Trần,0 John Dãy,Đà Nẵng,VN,150442
1977,new,1729468800.0,19/03/2007,M,Bác Quang Hoàng,874 Jane Dãy,Đồng Nai,VN,745906
3198,update,1729468800.0,25/07/2002,F,Quý cô Linh Hoàng,17 John Dãy,Nghệ An,VN,359380
2403,new,1729468800.0,13/05/1992,F,Chi Nguyễn,444 Jane Tổ,Hải Dương,VN,552575
3370,new,1729468800.0,26/10/1989,M,Huy Mai,88 Jane Hẻm,Hồ Chí Minh,VN,266005
2949,new,1729468800.0,26/12/2000,F,Anh Huy Hoàng,827 Phạm Số,Hải Dương,VN,143086
2482,new,1729555200.0,15/03/2003,F,Chị Nhật Phạm,923 John Hẻm,Bà Rịa - Vũng Tàu,VN,835752
3074,new,1729641600.0,08/04/2005,F,Dũng Thị Bùi,9 Đặng Khu,Nghệ An,VN,166077
1999,new,1729641600.0,15/03/2004,M,Kim Mai Bảo Hoàng,921 John Tổ,Hải Phòng,VN,876401
1455,new,1729641600.0,11/07/1988,M,Hải Bùi,77 Bùi Ngõ,Hà Nội,VN,889922
4878,new,1729641600.0,25/12/1989,F,Tùng Dương,91 Mai Khu,Hà Nội,VN,309744
1799,new,1729641600.0,09/03/1993,M,Nhật Vũ,757 Đặng Làng,Đà Nẵng,VN,971108
2567,update,1729641600.0,07/06/1991,F,Lâm Hoàng Trần,134 Jane Đường,Huế,VN,571845
1695,new,1729641600.0,07/04/1980,F,Linh Mai,6 Trần Khu,Hồ Chí Minh,VN,585082
3067,new,1729641600.0,19/03/2002,M,Chị Dương Nguyễn,3 Jane Làng,Đà Nẵng,VN,515355
2008,new,1729641600.0,24/01/1997,M,Tùng Hải Bùi,719 Mai Đường,Hồ Chí Minh,VN,622847
1881,update,1729728000.0,08/05/2000,F,Tùng Hoàng,46 John Khu,Hồ Chí Minh,VN,642558
1962,new,1729728000.0,19/04/1980,M,Trung Hoàng,5 Nguyễn Khu,Bình Dương,VN,525385
4983,new,1729728000.0,27/08/1984,F,Anh Quang Dương,2 Vũ Số,Hải Phòng,VN,200473
1396,new,1729728000.0,17/08/1998,M,Quý cô Lâm Vũ,58 John Khu,Hải Dương,VN,252467
4823,new,1729728000.0,21/09/2003,M,Nhật Nguyễn,283 Mai Đường,Hồ Chí Minh,VN,678270
2310,new,1729728000.0,28/06/1998,M,Ông Tú Bùi,554 Hoàng Ngõ,Khánh Hòa,VN,119642
3759,new,1729728000.0,11/05/1982,M,Ông Anh Mai,6 Đặng Dãy,Đà Nẵng,VN,709133
4517,new,1729728000.0,29/12/2002,M,Chị Mai Vũ,78 Hoàng Dãy,Bắc Ninh,VN,391110
3277,new,1729728000.0,17/04/2006,F,Anh Anh Mai,13 Đặng Khu,Hồ Chí Minh,VN,258494
4055,new,1729728000.0,30/11/1998,F,Bà Kim Mai,30 John Khu,Lâm Đồng,VN,585065
1750,new,1729728000.0,03/12/1988,M,Hưng Dương,7 Jane Đường,Hồ Chí Minh,VN,390998
4796,new,1729728000.0,30/06/1987,M,Chị Hạnh Phạm,321 Jane Đường,Quảng Ninh,VN,485437
4136,new,1729814400.0,05/03/1973,M,Linh Vũ,38 John Đường,Bà Rịa - Vũng Tàu,VN,740940
1159,update,1729814400.0,21/03/1996,F,Anh Thế Vũ,401 Đặng Đường,Hà Nội,VN,297362
2156,new,1729814400.0,11/04/1992,F,Nhật Lê,9 John Hẻm,Quảng Ninh,VN,987959
2226,new,1729814400.0,14/07/1987,F,Nhiên Hoàng Đặng,052 Bùi Số,Cần Thơ,VN,332460
4640,new,1729814400.0,28/07/1995,F,An Mai,44 Lê Số,Thừa Thiên Huế,VN,450026
2444,new,1729900800.0,19/08/1983,M,Châu Nguyễn,0 Lê Ngõ,Bắc Ninh,VN,747021
4454,new,1729900800.0,01/07/1995,F,Chị Bảo Lê,852 Lê Đường,Đồng Nai,VN,729420
2858,update,1729900800.0,11/04/2002,M,Bác Nhiên Trần,7 Jane Làng,Thừa Thiên Huế,VN,836073
1918,update,1729900800.0,18/02/1989,F,Nhiên Trần,246 Hoàng Đường,Quảng Ninh,VN,553882
3346,new,1729900800.0,16/05/2006,M,Ánh Nguyễn,900 Mai Làng,Đà Nẵng,VN,466635
3071,new,1729900800.0,13/08/1980,M,Quý ông Thành Phạm,43 Mai Đường,Bắc Ninh,VN,392024
3313,new,1729987200.0,08/06/1979,F,Lâm Trần,94 Lê Ngõ,Hải Phòng,VN,273151
1959,new,1729987200.0,17/12/1973,F,Chị Hạnh Trần,2 Jane Làng,Nghệ An,VN,893684
2782,update,1729987200.0,20/10/1983,M,Anh Anh Bùi,7 Trần Khu,Nha Trang,VN,202763
1127,new,1729987200.0,08/06/1995,F,Hạnh Mai,774 John Dãy,Nghệ An,VN,760660
4558,new,1729987200.0,22/05/2002,M,Châu Thị Hoàng,060 Dương Dãy,Cần Thơ,VN,818500
3879,new,1729987200.0,12/04/1991,F,Bác Hoàng Dương,903 Jane Làng,Lâm Đồng,VN,400336
1816,new,1729987200.0,26/07/1998,M,Tú Thị Bùi,58 Lê Số,Hồ Chí Minh,VN,734605
2147,new,1730073600.0,17/06/1997,M,Nam Bùi,90 Trần Số,Hà Nội,VN,159162
2548,new,1730073600.0,27/02/1996,M,Quý cô Hà Trần,286 Jane Dãy,Hải Phòng,VN,930882
4026,new,1730073600.0,14/02/2000,F,Phương Vũ,611 Jane Ngõ,Nghệ An,VN,534480
1705,new,1730073600.0,11/04/1990,M,Thành Trần,593 Jane Làng,Hà Nội,VN,346873
1743,new,1730073600.0,08/04/1992,F,An Đức Vũ,761 John Tổ,Nghệ An,VN,178660
3901,new,1730073600.0,15/01/1980,M,Thành Xuân Bùi,2 John Hẻm,Nghệ An,VN,959174
4757,new,1730073600.0,10/08/2004,F,Nhật Lê,582 Jane Khu,Hồ Chí Minh,VN,415025
2456,new,1730073600.0,17/03/2005,M,Vi Nguyễn,0 Phạm Dãy,Hồ Chí Minh,VN,897540
3261,new,1730160000.0,08/01/2004,F,Bà Hải Dương,14 Trần Dãy,Hà Nội,VN,390934
2498,new,1730160000.0,21/12/2001,F,Chị Vi Bùi,675 John Làng,Nghệ An,VN,213499
1630,new,1730160000.0,06/07/1998,F,Bác Nhiên Dương,7 Jane Tổ,Đà Nẵng,VN,442937
2625,new,1730160000.0,05/09/2003,M,Cô Nhật Mai,143 Jane Khu,Bà Rịa - Vũng Tàu,VN,112422
1619,new,1730160000.0,19/08/2004,F,Nhật Đặng,232 Mai Đường,Đà Nẵng,VN,998202
2631,update,1730246400.0,12/02/1987,F,Bác Quang Mai,0 Phạm Khu,Đà Nẵng,VN,376018
2641,new,1730246400.0,07/04/1980,F,Chị Thảo Lê,488 Vũ Ngõ,Nghệ An,VN,770545
3641,new,1730246400.0,30/12/1994,M,Tùng Tấn Mai,104 Bùi Tổ,Nghệ An,VN,126300
2021,new,1730246400.0,24/03/1998,F,Bà Hà Vũ,8 Vũ Đường,Hải Phòng,VN,699979
1814,new,1730246400.0,02/03/2000,F,Chị Dương Hoàng,883 Jane Số,Bà Rịa - Vũng Tàu,VN,709893
4865,update,1730246400.0,06/06/2003,M,Chị Ngọc Đặng,6 Jane Đường,Huế,VN,999101
3906,new,1730246400.0,25/11/2002,F,Hạnh Mai,5 Hoàng Số,Bình Dương,VN,798384
3429,update,1730332800.0,06/09/1998,M,Anh Đức Hoàng,10 Nguyễn Làng,Hồ Chí Minh,VN,611963
4867,new,1730332800.0,19/06/1994,M,Hưng Văn Lê,71 Jane Dãy,Lâm Đồng,VN,612662
2570,new,1730332800.0,01/10/2000,M,Chị Lan Lê,2 Phạm Tổ,Hải Phòng,VN,150502
4636,new,1730332800.0,30/05/1993,M,Thành Tấn Dương,388 Lê Dãy,Cần Thơ,VN,754149
3588,new,1730332800.0,20/12/2001,M,Bác Trọng Trần,493 Jane Làng,Thừa Thiên Huế,VN,880558
1751,new,1730419200.0,02/12/1983,M,Châu Đặng,4 Lê Hẻm,Đồng Nai,VN,707576
1501,update,1730419200.0,01/02/1980,M,Anh Nam Bùi,88 Jane Ngõ,Đà Nẵng,VN,430836
4045,new,1730419200.0,18/12/1992,F,Hạnh Quang Bùi,4 John Khu,Lâm Đồng,VN,423201
3501,update,1730419200.0,19/08/2006,M,Yến Mai,854 Jane Ngõ,Nha Trang,VN,795136
1216,new,1730419200.0,10/12/2004,F,Cô Chi Trần,2 Lê Tổ,Thừa Thiên Huế,VN,686383
4623,new,1730419200.0,24/02/1979,F,Hải Lê,325 John Số,Hà Nội,VN,335281
1187,new,1730419200.0,25/02/1965,F,Quý ông Bảo Hoàng,56 John Ngõ,Hải Phòng,VN,965426
3720,new,1730505600.0,02/09/2003,F,Kim Hoàng Dương,0 Lê Dãy,Bà Rịa - Vũng Tàu,VN,702353
1862,update,1730505600.0,26/08/1992,M,Thành Dương,9 John Đường,Huế,VN,730507
3947,new,1730505600.0,09/07/2001,F,Bảo Phạm,774 Jane Dãy,Hồ Chí Minh,VN,594789
3981,new,1730505600.0,28/08/1980,M,Thành Mai,7 Jane Hẻm,Hồ Chí Minh,VN,966165
1618,new,1730505600.0,09/08/2003,F,Khoa Hữu Trần,3 Jane Ngõ,Bắc Ninh,VN,263845
4817,new,1730505600.0,24/09/1996,F,Bà Bảo Trần,31 Hoàng Ngõ,Bình Dương,VN,967212
2823,new,1730505600.0,04/08/1977,F,Quý ông Tú Phạm,00 John Tổ,Đà Nẵng,VN,395205
1941,new,1730505600.0,30/04/2007,F,Khoa Lê,68 Phạm Dãy,Hồ Chí Minh,VN,229437
2308,update,1730505600.0,10/08/1995,M,Nam Mai Bùi,24 Bùi Làng,Nghệ An,VN,226098
2752,update,1730505600.0,02/07/1982,F,Chị Nhật Hoàng,2 Jane Tổ,Đà Nẵng,VN,808480
1102,new,1730592000.0,04/07/2006,F,Nam Bùi,0 Lê Ngõ,Lâm Đồng,VN,828091
4430,new,1730592000.0,18/03/1983,F,Bác Trung Trần,1 John Tổ,Hà Nội,VN,123678
4315,new,1730592000.0,24/05/1989,F,Bảo Vũ,9 Phạm Tổ,Hải Dương,VN,458505
4566,new,1730678400.0,15/09/1996,M,Bảo Mai,15 Hoàng Số,Quảng Ninh,VN,985666
3733,new,1730678400.0,11/05/1991,F,Ánh Nguyễn,7 Hoàng Đường,Bà Rịa - Vũng Tàu,VN,828901
2774,new,1730678400.0,04/09/1967,M,Nhiên Hoàng,685 John Khu,Hồ Chí Minh,VN,206448
4230,update,1730764800.0,09/06/1984,M,Quý cô Phương Trần,00 Jane Khu,Đà Nẵng,VN,478782
3559,new,1730764800.0,14/06/1986,M,Quý cô Hải Nguyễn,5 John Số,Đà Nẵng,VN,826137
3616,new,1730764800.0,31/05/2005,F,Châu Thị Dương,67 Jane Hẻm,Cần Thơ,VN,687403
2806,new,1730764800.0,24/09/1996,M,Quý ông Bảo Hoàng,73 Hoàng Khu,Hải Phòng,VN,553628
1857,new,1730764800.0,08/05/2006,F,Bà Hạnh Trần,81 John Làng,Bắc Ninh,VN,184547
1413,new,1730764800.0,08/05/1968,F,Chị Thành Lê,82 Jane Khu,Hà Nội,VN,718845
4372,new,1730764800.0,27/04/2005,F,Bác Huy Trần,33 Jane Đường,Bắc Ninh,VN,120510
1895,new,1730851200.0,19/02/1967,F,Dương Nguyễn,5 Đặng Khu,Hồ Chí Minh,VN,756237
3016,update,1730851200.0,09/07/1979,M,Khoa Hoàng Nguyễn,1 John Dãy,Nghệ An,VN,790911
2774,update,1730937600.0,04/09/1967,M,Tú Nguyễn,685 John Khu,Hồ Chí Minh,VN,206448
2023,new,1730937600.0,03/07/2007,M,Anh Hữu Mai,661 Lê Dãy,Khánh Hòa,VN,402724
3741,update,1730937600.0,11/10/1983,F,Nam Mai Bảo Lê,699 Trần Làng,Nghệ An,VN,666601
1376,new,1730937600.0,31/10/1985,F,Hương Hoàng,37 Jane Số,Đồng Nai,VN,851213
4957,new,1730937600.0,02/04/1983,F,Lâm Vũ,573 John Làng,Lâm Đồng,VN,985891
1411,new,1730937600.0,27/04/2000,F,Châu Mai,4 Jane Khu,Đồng Nai,VN,257965
1781,new,1730937600.0,30/05/1984,M,Bác Dũng Mai,41 Hoàng Hẻm,Thừa Thiên Huế,VN,445890
4237,new,1730937600.0,06/07/1974,F,Huy Tấn Vũ,34 John Hẻm,Thừa Thiên Huế,VN,977083
3015,new,1730937600.0,18/02/1974,M,Quý ông Nhiên Hoàng,75 John Dãy,Bà Rịa - Vũng Tàu,VN,631817
1948,new,1730937600.0,20/04/2006,M,Khoa Dương,588 Jane Hẻm,Hải Phòng,VN,388109
3445,new,1730937600.0,16/07/2006,F,Dũng Vũ,25 Jane Tổ,Đồng Nai,VN,877511
2845,new,1731024000.0,08/01/2007,F,Thành Bảo Phạm,899 Đặng Dãy,Nghệ An,VN,569350
4927,new,1731024000.0,12/01/1969,M,Ngọc Vũ,60 Mai Đường,Cần Thơ,VN,468667
4611,update,1731024000.0,18/06/1984,F,Cô Phương Dương,355 Bùi Hẻm,Nha Trang,VN,587361
1484,new,1731024000.0,21/10/2006,M,Khoa Quang Lê,85 Phạm Đường,Đà Nẵng,VN,710514
1506,new,1731024000.0,02/11/1968,M,Nhật Đức Vũ,90 Bùi Đường,Hải Dương,VN,659991
1793,new,1731024000.0,07/02/1984,F,Tùng Hoàng,78 John Hẻm,Hồ Chí Minh,VN,670947
2446,new,1731110400.0,28/12/1990,F,Vũ Bùi,1 Mai Làng,Khánh Hòa,VN,128253
4991,new,1731110400.0,02/02/2004,M,Quý ông Hưng Lê,8 Vũ Số,Nghệ An,VN,429120
3658,new,1731110400.0,07/12/1986,M,Lâm Dương,552 Jane Hẻm,Bà Rịa - Vũng Tàu,VN,528898
4902,new,1731110400.0,22/01/1995,F,Châu Phạm,4 John Hẻm,Lâm Đồng,VN,411386
2376,new,1731110400.0,16/09/1974,F,Nhật Lê,81 John Đường,Nghệ An,VN,700188
1613,update,1731196800.0,20/04/2004,M,Khoa Đức Bùi,768 John Tổ,Đà Nẵng,VN,283576
3455,new,1731196800.0,26/12/2007,F,Quý cô Nhật Hoàng,179 Đặng Đường,Hồ Chí Minh,VN,532427
3311,new,1731196800.0,02/09/2005,F,Chị Chi Hoàng,604 Lê Đường,Nghệ An,VN,437449
1270,new,1731196800.0,01/04/2005,F,Chị Phương Nguyễn,019 Lê Làng,Hải Phòng,VN,159709
2479,update,1731196800.0,29/09/1993,F,Minh Mai Bảo Trần,086 Phạm Số,Huế,VN,719693
4645,new,1731196800.0,28/05/1995,M,Dương Phạm,6 Jane Ngõ,Quảng Ninh,VN,595492
3619,new,1731196800.0,07/11/1995,F,Khoa Dương,89 Lê Ngõ,Khánh Hòa,VN,950205
3643,new,1731283200.0,27/09/1996,M,Thành Xuân Bùi,22 Jane Số,Hồ Chí Minh,VN,689859
3212,new,1731283200.0,30/05/1998,F,Chị Hạnh Dương,1 Jane Tổ,Bình Dương,VN,633356
3161,new,1731283200.0,25/02/1985,F,Lâm Trần,9 Jane Làng,Hải Dương,VN,429255
4819,new,1731283200.0,13/11/1984,F,Bà An Phạm,428 John Dãy,Bà Rịa - Vũng Tàu,VN,978257
2792,new,1731369600.0,22/04/1985,M,Vân Phạm,53 Jane Khu,Đồng Nai,VN,111654
3727,update,1731369600.0,01/06/2006,M,Khoa Dương,183 Jane Dãy,Hồ Chí Minh,VN,969550
1578,new,1731369600.0,01/05/1983,M,Bảo Hoàng,6 Jane Ngõ,Quảng Ninh,VN,294310
2884,new,1731369600.0,18/06/1983,M,Anh Hoàng,3 Đặng Làng,Bắc Ninh,VN,281158
3082,new,1731456000.0,24/01/1995,M,Hải Phạm,35 Jane Tổ,Hải Phòng,VN,380299
4317,new,1731456000.0,16/12/1998,M,Quý cô Chi Vũ,206 Đặng Ngõ,Nghệ An,VN,721699
2520,new,1731456000.0,26/06/1998,M,Bà Xuân Mai,32 Trần Ngõ,Nghệ An,VN,565578
4524,update,1731456000.0,05/02/2004,M,Minh Thế Trần,6 Jane Dãy,Hải Dương,VN,516591
3679,new,1731456000.0,08/02/2006,M,Bà Nhật Phạm,868 Jane Dãy,Hà Nội,VN,830127
2518,new,1731542400.0,29/11/1997,M,Bà Thành Bùi,1 John Đường,Bình Dương,VN,811865
4809,new,1731542400.0,07/08/1997,M,Vân Đặng,175 John Đường,Nghệ An,VN,458848
1371,update,1731542400.0,09/09/1973,M,Bác Dũng Bùi,44 Jane Đường,Cần Thơ,VN,476304
4094,new,1731542400.0,21/06/2004,F,Anh Tùng Vũ,5 Dương Đường,Lâm Đồng,VN,312800
2704,new,1731542400.0,22/04/2003,F,Ông Bảo Nguyễn,87 John Ngõ,Hà Nội,VN,949223
1237,new,1731542400.0,28/04/2003,F,An Hoàng,694 Vũ Ngõ,Hải Dương,VN,824482
4092,new,1731628800.0,08/04/1995,F,Quý cô Dương Lê,06 Jane Làng,Hà Nội,VN,454334
1800,new,1731628800.0,17/08/2002,F,An Bùi,93 John Số,Hải Phòng,VN,749231
3200,new,1731628800.0,10/11/2003,F,Ông Nhiên Đặng,7 John Hẻm,Hà Nội,VN,490683
3178,new,1731628800.0,28/03/1991,M,Hà Mai Bảo Đặng,50 Dương Số,Cần Thơ,VN,259104
3141,new,1731715200.0,30/01/1996,M,Hạnh Bảo Mai,62 John Khu,Lâm Đồng,VN,434325
4786,new,1731715200.0,06/03/1997,F,Bà Hạnh Dương,721 John Số,Cần Thơ,VN,306066
2111,new,1731715200.0,03/11/1995,F,Bà Vân Đặng,92 John Dãy,Bà Rịa - Vũng Tàu,VN,692250
1664,new,1731715200.0,05/10/1990,M,Khoa Nguyễn,486 Nguyễn Tổ,Bắc Ninh,VN,216182
3926,new,1731715200.0,14/05/1982,F,Cô Nhật Đặng,65 Hoàng Khu,Đà Nẵng,VN,303424
1254,new,1731715200.0,23/08/1982,F,Lan Hoàng,32 John Khu,Hồ Chí Minh,VN,520002
2390,new,1731801600.0,09/04/1980,M,Vân Phạm,05 John Dãy,Đà Nẵng,VN,782943
1363,new,1731801600.0,19/01/1991,M,Nhật Bảo Nguyễn,1 Jane Làng,Hải Dương,VN,999426
2743,new,1731801600.0,21/01/1987,F,Thành Thị Hoàng,71 John Ngõ,Thừa Thiên Huế,VN,907159
1224,new,1731801600.0,05/03/2004,M,Hạnh Lê,00 Trần Tổ,Đồng Nai,VN,874300
4800,new,1731888000.0,16/11/1980,F,Cô An Nguyễn,9 Jane Dãy,Cần Thơ,VN,436753
2523,new,1731888000.0,08/12/1996,F,Quang Vũ,4 Lê Số,Hà Nội,VN,990982
3319,update,1731888000.0,27/08/1967,M,Bà Thảo Vũ,71 Nguyễn Làng,Đồng Nai,VN,175471
2043,update,1731888000.0,19/01/1988,M,Tú Phạm,879 Mai Làng,Bà Rịa - Vũng Tàu,VN,539619
4022,new,1731888000.0,12/10/2006,M,Bác Hoàng Dương,103 John Đường,Bắc Ninh,VN,113589
4463,new,1731888000.0,02/06/2005,F,Phương Đức Bùi,058 Jane Tổ,Quảng Ninh,VN,915351
4679,new,1731888000.0,15/09/1983,M,Huy Hải Lê,26 Jane Hẻm,Hải Phòng,VN,272826
4162,new,1731888000.0,05/03/1983,F,Anh Lê,06 John Dãy,Khánh Hòa,VN,997759
2786,new,1731888000.0,29/09/1979,M,Hạnh Nguyễn,268 Hoàng Đường,Nghệ An,VN,773121
3521,new,1731974400.0,30/09/1976,F,Mai Phạm,4 Jane Tổ,Khánh Hòa,VN,183270
1653,new,1731974400.0,07/05/1997,F,Quang Trần,34 John Khu,Đồng Nai,VN,583297
2691,update,1731974400.0,28/01/2005,F,Hà Lê,4 Đặng Ngõ,Nghệ An,VN,543237
1768,new,1731974400.0,12/03/2003,F,Hải Tấn Lê,6 Jane Hẻm,Hải Dương,VN,304780
3091,new,1731974400.0,10/11/1998,M,Quang Dương,228 John Khu,Bình Dương,VN,553066
2391,new,1731974400.0,18/01/1985,F,Dũng Đức Phạm,449 Dương Ngõ,Thừa Thiên Huế,VN,865335
2091,new,1732060800.0,04/10/1965,M,Trung Đặng,9 John Đường,Cần Thơ,VN,196000
4187,new,1732060800.0,17/12/1971,F,Hải Nguyễn,97 Jane Tổ,Cần Thơ,VN,583246
1982,new,1732060800.0,19/10/2007,F,Bảo Trần,8 Dương Đường,Nghệ An,VN,298404
3274,update,1732060800.0,11/05/1983,F,Anh Dũng Vũ,5 Mai Khu,Thừa Thiên Huế,VN,854741
4626,new,1732060800.0,15/05/1986,F,Châu Đức Hoàng,7 John Số,Cần Thơ,VN,698266
3514,new,1732060800.0,01/01/1989,M,Nhật Bùi,775 John Khu,Đồng Nai,VN,774399
3267,new,1732147200.0,22/11/1991,M,Thành Vũ,188 John Hẻm,Cần Thơ,VN,857897
2932,new,1732147200.0,09/07/1993,F,Chị Nhật Dương,9 Jane Dãy,Hà Nội,VN,360079
4291,new,1732147200.0,13/04/1993,F,Minh Đặng,78 Lê Số,Cần Thơ,VN,585299
2273,update,1732147200.0,03/08/2003,M,Hạnh Lê,98 Hoàng Dãy,Hồ Chí Minh,VN,121133
2064,new,1732233600.0,21/09/2006,M,Thảo Dương,947 John Làng,Đồng Nai,VN,185815
3033,new,1732233600.0,01/08/1968,F,Nhật Nguyễn,6 Jane Tổ,Nghệ An,VN,264694
3971,update,1732233600.0,07/03/2007,M,Anh Thành Vũ,17 John Số,Hồ Chí Minh,VN,608759
3881,update,1732233600.0,12/04/1999,F,Anh Phúc Bùi,2 Dương Tổ,Bắc Ninh,VN,399032
4829,new,1732233600.0,23/08/1996,M,Anh Hoàng Phạm,68 John Khu,Thừa Thiên Huế,VN,297771
1535,new,1732233600.0,26/02/2000,M,Cô Hải Lê,6 Lê Số,Hồ Chí Minh,VN,569354
2783,new,1732233600.0,06/06/2007,M,Chị Duyên Mai,139 John Làng,Cần Thơ,VN,215751
2987,new,1732233600.0,30/03/2004,F,Trung Hoàng,577 John Hẻm,Đồng Nai,VN,751527
1745,new,1732233600.0,30/01/1984,F,Nhật Lê,85 John Dãy,Cần Thơ,VN,927811
4770,update,1732233600.0,11/04/1997,F,Nhật Trí Phạm,14 Jane Khu,Bắc Ninh,VN,382065
4607,new,1732320000.0,15/10/1997,M,Bác Bảo Bùi,3 Jane Khu,Hải Dương,VN,853683
2871,new,1732320000.0,16/02/1997,F,Chị Nhật Lê,192 Jane Đường,Nghệ An,VN,103160
3306,new,1732320000.0,23/11/1990,F,Trung Hoàng,0 John Hẻm,Đồng Nai,VN,518415
4975,new,1732320000.0,17/06/2003,M,Hồng Nguyễn,976 John Số,Hải Dương,VN,841082
4199,update,1732320000.0,28/06/1982,F,Nhật Vũ,7 Jane Hẻm,Vinh,VN,891550
2780,new,1732320000.0,01/02/1975,M,Khoa Thế Trần,84 Trần Tổ,Hải Dương,VN,862070
1873,new,1732320000.0,08/10/1995,M,Nhật Xuân Nguyễn,6 Jane Hẻm,Hà Nội,VN,887697
2573,new,1732320000.0,12/08/2004,F,Cô Nhật Vũ,719 John Đường,Bình Dương,VN,644860
1276,new,1732320000.0,16/03/1989,F,Bác Phúc Bùi,46 Vũ Dãy,Thừa Thiên Huế,VN,241431
3715,update,1732406400.0,08/03/2002,M,Chị Bảo Đặng,0 Vũ Dãy,Hải Phòng,VN,598006
4080,update,1732406400.0,17/08/2000,F,Ông Vũ Dương,65 Jane Hẻm,Hải Phòng,VN,523080
1882,new,1732406400.0,09/09/1966,F,Quý ông Trung Dương,1 Hoàng Dãy,Quảng Ninh,VN,388134
4377,new,1732406400.0,03/06/2002,M,Hồng Hoàng,42 Jane Tổ,Hải Phòng,VN,347656
4258,update,1732406400.0,23/01/1997,F,Lâm Bùi,306 Jane Tổ,Bình Dương,VN,407408
2355,new,1732406400.0,30/09/2001,M,Tùng Tấn Bùi,059 Jane Ngõ,Hải Phòng,VN,970150
2824,new,1732492800.0,15/07/1973,M,Quang Trí Phạm,5 John Hẻm,Cần Thơ,VN,758661
4466,new,1732492800.0,16/09/1992,M,Khoa Trần,517 John Khu,Bắc Ninh,VN,461897
4461,new,1732492800.0,03/10/1990,F,Quý cô Chi Dương,59 Jane Làng,Bắc Ninh,VN,478338
3945,update,1732492800.0,22/09/1998,M,Thành Đức Phạm,715 John Số,Hải Dương,VN,925488
1568,new,1732492800.0,04/10/1994,F,Vân Mai,078 Trần Dãy,Hồ Chí Minh,VN,982599
1162,update,1732492800.0,27/11/1997,M,Nhật Thế Đặng,080 John Làng,Bình Dương,VN,769414
1989,update,1732492800.0,27/01/1999,F,Ông Nhiên Dương,037 Mai Ngõ,Đồng Nai,VN,508469
3918,new,1732579200.0,29/10/1980,F,Anh Hoàng Hoàng,0 John Ngõ,Hà Nội,VN,103692
1829,new,1732579200.0,04/11/1995,F,Vi Đặng,39 Dương Số,Bắc Ninh,VN,231066
4218,update,1732579200.0,15/12/1996,M,Cô Hải Hoàng,389 John Số,Đà Nẵng,VN,229981
2531,new,1732579200.0,12/03/1991,F,Thảo Vũ,2 John Dãy,Nghệ An,VN,437151
3936,new,1732579200.0,13/06/2007,F,Linh Dương,85 Lê Ngõ,Quảng Ninh,VN,798030
3614,update,1732665600.0,11/05/1986,F,Vân Phạm,137 Hoàng Làng,Hải Phòng,VN,256426
3368,new,1732665600.0,25/04/1990,F,Nhật Nguyễn,49 John Đường,Khánh Hòa,VN,599819
3766,new,1732665600.0,26/04/1993,M,Mai Bùi,02 Vũ Dãy,Nghệ An,VN,765803
4921,new,1732665600.0,18/11/1966,F,Chị Lâm Nguyễn,26 Jane Ngõ,Cần Thơ,VN,963729
2278,update,1732665600.0,08/02/1998,M,Quang Phạm,14 Jane Đường,Bắc Ninh,VN,909123
4398,update,1732665600.0,18/05/1988,M,Khoa Thế Vũ,2 Vũ Tổ,Thừa Thiên Huế,VN,597247
3165,new,1732752000.0,12/04/2003,F,Chị Linh Dương,5 Jane Hẻm,Thừa Thiên Huế,VN,760602
4188,new,1732752000.0,10/03/2005,F,Trọng Hoàng,88 Trần Tổ,Cần Thơ,VN,923411
3243,new,1732752000.0,07/08/2002,M,Cô Vi Vũ,561 John Số,Lâm Đồng,VN,790943
4694,update,1732752000.0,13/09/1982,F,Hạnh Đặng,7 Jane Số,Hà Nội,VN,633732
4116,update,1732752000.0,02/04/2005,F,Khoa Đức Lê,2 Jane Đường,Bà Rịa - Vũng Tàu,VN,255509
1255,new,1732838400.0,23/12/1982,M,Hương Đặng,9 Jane Hẻm,Hải Phòng,VN,659755
3340,new,1732838400.0,23/02/1982,F,Lâm Đặng,14 John Dãy,Hồ Chí Minh,VN,150244
3806,new,1732838400.0,21/10/2001,F,Anh Đức Trần,598 John Ngõ,Cần Thơ,VN,954961
2805,update,1732838400.0,01/12/2003,F,Cô Linh Trần,89 Jane Dãy,Hải Phòng,VN,984458
4363,update,1732924800.0,22/09/2007,F,Bà Phương Vũ,05 Jane Làng,Bình Dương,VN,256806
2433,new,1732924800.0,27/07/1991,F,Dũng Thị Đặng,943 John Dãy,Cần Thơ,VN,255893
3017,new,1732924800.0,14/03/1998,F,Nhật Đặng,74 John Khu,Bình Dương,VN,671479
2387,new,1732924800.0,13/09/1984,F,Cô Hương Bùi,212 Đặng Số,Hải Phòng,VN,675673
1454,new,1732924800.0,07/03/1967,M,Hà Tấn Hoàng,505 Trần Khu,Khánh Hòa,VN,865403
3118,new,1732924800.0,03/12/1998,M,Huy Phạm,4 John Dãy,Khánh Hòa,VN,566641
3573,new,1732924800.0,16/06/1997,M,Hoàng Thị Hoàng,9 Mai Khu,Hà Nội,VN,344270
1007,new,1732924800.0,10/07/2004,M,Anh Nhiên Dương,425 John Hẻm,Lâm Đồng,VN,162187
2107,new,1733011200.0,31/08/2003,F,Thành Vũ,9 John Làng,Nghệ An,VN,124421
3167,update,1733011200.0,06/04/2001,M,Khoa Nguyễn,7 Jane Ngõ,Đà Nẵng,VN,946116
4016,new,1733011200.0,12/07/2000,F,Trọng Vũ,139 Mai Khu,Nghệ An,VN,546251
2153,new,1733011200.0,06/03/2005,M,Ông Hoàng Đặng,4 Jane Khu,Hải Phòng,VN,417310
3054,update,1733011200.0,07/10/1999,F,Quang Phạm,157 Jane Làng,Cần Thơ,VN,559586
4903,new,1733011200.0,27/06/1971,F,Trung Hoàng,643 Bùi Ngõ,Đồng Nai,VN,198415
2400,new,1733011200.0,27/06/1999,M,Chị Dương Hoàng,53 John Số,Bắc Ninh,VN,912470
1678,new,1733011200.0,25/07/2000,M,Ngọc Đặng,21 Jane Hẻm,Nghệ An,VN,117848
1312,update,1733011200.0,20/07/1997,M,Thành Đặng,9 Jane Số,Hải Dương,VN,933438
1687,update,1733011200.0,28/12/2000,M,Vũ Vũ,3 Mai Số,Cần Thơ,VN,668483
2089,new,1733097600.0,21/06/2005,F,Quý cô Nhật Mai,01 Phạm Khu,Khánh Hòa,VN,550647
3397,new,1733097600.0,30/07/1983,M,Bảo Lê,799 Mai Tổ,Quảng Ninh,VN,269457
4252,new,1733097600.0,26/11/2000,F,Cô Nhật Lê,41 Jane Số,Lâm Đồng,VN,588994
1944,new,1733097600.0,09/11/1988,M,Bác Bảo Vũ,83 Jane Khu,Đà Nẵng,VN,940081
4629,update,1733097600.0,23/09/1987,M,Phương Mai,3 Nguyễn Làng,Hải Phòng,VN,858138
2436,new,1733097600.0,26/02/1999,F,Vũ Trí Mai,61 John Khu,Hồ Chí Minh,VN,993701
1636,new,1733097600.0,18/01/1992,F,Quý cô Thành Bùi,006 Jane Ngõ,Thừa Thiên Huế,VN,433874
1936,update,1733097600.0,24/02/1984,F,Trung Đức Bùi,084 Bùi Đường,Hải Phòng,VN,505515
2841,new,1733097600.0,22/12/1992,M,Khoa Tấn Hoàng,682 Mai Số,Bình Dương,VN,810225
4347,new,1733184000.0,30/10/1994,M,Vân Nguyễn,6 John Khu,Lâm Đồng,VN,265479
2912,new,1733184000.0,06/04/1985,M,Khoa Quang Vũ,36 John Dãy,Bà Rịa - Vũng Tàu,VN,595042
2865,new,1733184000.0,16/02/1995,F,An Mai Bảo Mai,34 Mai Số,Đồng Nai,VN,148985
4839,new,1733184000.0,11/08/1996,F,Bảo Dương,11 Trần Dãy,Hồ Chí Minh,VN,166333
4010,update,1733184000.0,22/07/2006,F,Phương Lê,948 John Hẻm,Hồ Chí Minh,VN,647645
3084,new,1733270400.0,22/05/1983,M,Thành Xuân Dương,81 Vũ Hẻm,Lâm Đồng,VN,491963
3852,new,1733270400.0,21/10/1966,F,Quý cô Hà Trần,13 Bùi Số,Hải Dương,VN,519059
3276,new,1733270400.0,12/09/1976,F,Duyên Bùi,1 Jane Khu,Hồ Chí Minh,VN,781400
2270,new,1733270400.0,19/12/1965,M,An Mai Dương,85 Đặng Hẻm,Bình Dương,VN,768725
2428,new,1733356800.0,22/12/1989,M,Nam Tấn Nguyễn,981 John Khu,Cần Thơ,VN,217850
3935,new,1733356800.0,30/12/1988,F,Bà Mai Nguyễn,13 Mai Đường,Bắc Ninh,VN,710557
4437,update,1733443200.0,24/09/1975,M,Hà Đặng,4 Trần Đường,Hồ Chí Minh,VN,451384
2644,new,1733443200.0,18/11/1972,F,Bảo Mai Bùi,36 John Khu,Bình Dương,VN,256046
4824,update,1733443200.0,04/03/2007,M,Thảo Đặng,8 Jane Dãy,Hồ Chí Minh,VN,624370
1240,new,1733443200.0,23/03/1991,M,Hưng Mai,3 Jane Hẻm,Bà Rịa - Vũng Tàu,VN,497394
1180,update,1733443200.0,01/07/1984,M,Nhật Vũ,9 John Đường,Bình Dương,VN,141022
1280,update,1733443200.0,15/10/1993,M,Thành Phạm,96 Mai Ngõ,Bắc Ninh,VN,934892
3155,new,1733443200.0,11/02/1996,M,Bà Hương Đặng,705 Dương Hẻm,Hà Nội,VN,392931
2571,new,1733529600.0,22/04/1990,M,Linh Phạm,080 Vũ Dãy,Quảng Ninh,VN,101287
4030,new,1733529600.0,19/08/1981,F,Chi Nguyễn,0 John Hẻm,Bình Dương,VN,835648
1976,update,1733529600.0,01/04/2000,F,Anh Châu Vũ,5 John Làng,Hà Nội,VN,468028
1474,update,1733529600.0,05/10/1993,F,Bảo Văn Hoàng,512 Jane Tổ,Đà Nẵng,VN,169175
3722,new,1733529600.0,31/01/1981,M,Quý cô Ngọc Trần,7 Bùi Hẻm,Đà Nẵng,VN,534249
3239,new,1733529600.0,11/03/2004,M,Khoa Trần,91 Jane Hẻm,Thừa Thiên Huế,VN,945454
1555,update,1733529600.0,09/02/1991,F,Chi Bùi,73 Nguyễn Làng,Bà Rịa - Vũng Tàu,VN,568724
2976,new,1733529600.0,28/04/1987,M,Chị Bảo Vũ,57 Lê Làng,Đà Nẵng,VN,142168
1832,new,1733529600.0,27/02/2001,F,Quý cô Lâm Trần,463 John Tổ,Bình Dương,VN,560972
2655,new,1733529600.0,07/02/2005,M,Nhật Thế Dương,89 John Ngõ,Đà Nẵng,VN,142040
4746,new,1733529600.0,08/08/2007,M,Lâm Trí Trần,0 Jane Tổ,Đà Nẵng,VN,637459
2087,new,1733529600.0,06/10/1976,M,Ông Thành Phạm,03 Jane Đường,Bắc Ninh,VN,175940
1957,new,1733616000.0,06/01/2006,M,Hà Mai Vũ,203 Dương Khu,Nghệ An,VN,743868
4632,new,1733616000.0,10/01/1983,F,Bác Nam Vũ,659 Jane Đường,Đà Nẵng,VN,175891
3481,update,1733616000.0,21/09/1987,F,Bác Minh Trần,9 Hoàng Số,Vinh,VN,363208
4521,new,1733616000.0,09/12/1996,F,Nhật Thế Dương,356 Hoàng Đường,Lâm Đồng,VN,234477
3667,new,1733702400.0,30/11/1974,M,Quý cô Thành Đặng,7 Jane Làng,Nghệ An,VN,746487
4511,new,1733702400.0,24/03/1995,M,Minh Đức Bùi,0 Jane Ngõ,Lâm Đồng,VN,464689
4328,update,1733702400.0,28/11/2006,M,Cô Duyên Vũ,34 John Khu,Khánh Hòa,VN,250365
3365,update,1733702400.0,24/03/1989,M,Nhật Đặng,786 John Khu,Hồ Chí Minh,VN,748978
4870,new,1733702400.0,12/04/1998,M,Trung Mai Bảo Phạm,5 Jane Hẻm,Thừa Thiên Huế,VN,511234
2440,new,1733702400.0,30/08/1991,M,Anh Huy Trần,0 Jane Số,Bình Dương,VN,499326
1638,update,1733702400.0,06/03/2006,F,Linh Mai,65 Dương Khu,Lâm Đồng,VN,681011
4274,new,1733702400.0,05/11/2002,M,Hương Lê,59 Bùi Làng,Cần Thơ,VN,575031
2377,new,1733702400.0,30/12/2000,F,Quý cô Lan Nguyễn,24 John Hẻm,Hà Nội,VN,436444
3695,new,1733788800.0,14/08/2006,F,Bác Dũng Trần,4 Phạm Đường,Lâm Đồng,VN,126097
4422,new,1733788800.0,13/09/1977,F,Thành Mai,81 Mai Khu,Cần Thơ,VN,826607
4099,new,1733788800.0,04/06/1992,F,Nhiên Hữu Đặng,93 Jane Ngõ,Hà Nội,VN,920926
2770,new,1733788800.0,10/05/1973,M,Thảo Đặng,7 Vũ Đường,Đà Nẵng,VN,650356
3321,update,1733788800.0,01/01/2006,M,Tùng Tấn Bùi,67 Hoàng Tổ,Bà Rịa - Vũng Tàu,VN,461106
1451,new,1733788800.0,26/01/2006,F,Vi Lê,8 John Khu,Hải Dương,VN,455111
1719,new,1733875200.0,30/12/2005,M,Bà Bảo Lê,66 Trần Số,Hải Phòng,VN,821731
4879,new,1733875200.0,01/05/1993,M,Tú Đặng,6 Phạm Làng,Bình Dương,VN,602659
3856,new,1733875200.0,09/03/2005,F,Quý ông Quang Đặng,409 Bùi Tổ,Hải Dương,VN,697551
3141,update,1733875200.0,30/01/1996,M,Phương Nguyễn,62 John Khu,Lâm Đồng,VN,434325
2394,update,1733875200.0,19/07/2001,M,Ông Vũ Phạm,472 Hoàng Khu,Hồ Chí Minh,VN,564706
4981,new,1733961600.0,03/11/1994,M,Quý cô Nhật Lê,068 Nguyễn Tổ,Đồng Nai,VN,892234
2777,new,1733961600.0,29/01/1984,M,Chị Nhật Trần,683 Jane Tổ,Hà Nội,VN,645183
1357,new,1733961600.0,24/05/2007,F,Bà Thành Dương,86 John Đường,Nghệ An,VN,609432
2697,update,1733961600.0,07/01/2002,M,Cô Xuân Đặng,1 John Khu,Vinh,VN,717585
1106,update,1733961600.0,24/08/2002,M,Bà Hải Dương,881 John Tổ,Bình Dương,VN,142223
3330,new,1733961600.0,15/04/1973,M,Cô Phương Đặng,09 John Ngõ,Khánh Hòa,VN,606346
1270,update,1733961600.0,01/04/2005,F,Chị Phương Nguyễn,399 Bùi Khu,Cần Thơ,VN,762576
2601,new,1734048000.0,25/09/2006,M,Bảo Xuân Đặng,5 Dương Làng,Bà Rịa - Vũng Tàu,VN,690070
3873,new,1734048000.0,02/04/1998,F,Cô Kim Bùi,08 Jane Đường,Khánh Hòa,VN,260110
2753,new,1734048000.0,03/01/1969,F,Quang Hoàng Đặng,0 Bùi Khu,Thừa Thiên Huế,VN,395810
3606,new,1734048000.0,28/05/2003,M,Khoa Đặng,70 Trần Số,Nghệ An,VN,871122
3791,update,1734048000.0,26/09/2006,M,Châu Hữu Phạm,144 Dương Số,Hà Nội,VN,675172
4641,new,1734048000.0,22/03/1977,M,Quý cô Hồng Dương,7 Bùi Ngõ,Hồ Chí Minh,VN,126740
3774,update,1734048000.0,18/02/1993,F,Trọng Lê,139 Jane Đường,Khánh Hòa,VN,806386
4166,new,1734134400.0,01/11/2006,F,Trọng Đức Đặng,461 Dương Đường,Hồ Chí Minh,VN,547945
2357,new,1734134400.0,25/09/1995,M,Bà Xuân Hoàng,1 John Hẻm,Bà Rịa - Vũng Tàu,VN,468064
3537,new,1734134400.0,12/01/1994,F,Hạnh Nguyễn,99 Bùi Tổ,Hải Phòng,VN,735947
2096,new,1734134400.0,28/11/1982,F,Hà Trí Nguyễn,6 Nguyễn Làng,Hải Phòng,VN,335087
1836,update,1734134400.0,30/09/1966,F,Hà Vũ,72 Dương Ngõ,Hà Nội,VN,663508
2318,new,1734220800.0,03/02/2000,M,Trọng Bảo Nguyễn,07 Jane Khu,Đà Nẵng,VN,433514
3122,new,1734220800.0,15/01/2000,F,Dương Bùi,008 John Hẻm,Cần Thơ,VN,164701
1259,new,1734220800.0,13/02/1984,M,Khoa Mai Mai,72 Jane Số,Đà Nẵng,VN,296319
4677,new,1734220800.0,01/03/1976,F,Nhiên Văn Lê,95 Vũ Khu,Nghệ An,VN,943135
4228,new,1734220800.0,16/04/1997,F,Thành Trần,9 Hoàng Làng,Hà Nội,VN,965004
4357,update,1734220800.0,14/05/1966,F,Trọng Phú Đặng,219 Jane Khu,Đồng Nai,VN,629886
3041,new,1734220800.0,05/09/1991,M,Anh Mai,40 Đặng Khu,Hà Nội,VN,195540
2492,new,1734220800.0,22/01/2006,F,Nhật Vũ,0 Jane Hẻm,Bình Dương,VN,193763
1388,new,1734220800.0,27/06/2007,F,Hà Hoàng,177 Jane Tổ,Hải Dương,VN,580838
4520,new,1734307200.0,14/04/2003,F,Bà Kim Lê,1 Vũ Hẻm,Hà Nội,VN,986792
1156,update,1734307200.0,28/03/1977,F,Cô Ngọc Phạm,05 Trần Số,Hồ Chí Minh,VN,708294
1503,update,1734307200.0,30/09/1998,F,Vi Hoàng,84 John Làng,Bắc Ninh,VN,318176
1958,new,1734307200.0,18/11/1973,F,Nhật Mai Bảo Phạm,99 Jane Làng,Đồng Nai,VN,961314
2923,new,1734393600.0,11/10/1988,M,Hà Vũ,614 Jane Số,Cần Thơ,VN,563512
4287,update,1734393600.0,25/02/2002,F,Quang Văn Nguyễn,8 John Dãy,Bình Dương,VN,647909
1938,update,1734393600.0,18/05/2004,F,Yến Lê,495 John Số,Hà Nội,VN,675604
1383,new,1734393600.0,14/10/1998,F,Chị Bảo Trần,843 John Số,Đà Nẵng,VN,898720
4008,new,1734393600.0,09/03/1992,F,Lâm Lê,114 John Dãy,Cần Thơ,VN,292827
1980,update,1734480000.0,09/11/1995,M,Nhật Bùi,920 Jane Dãy,Đồng Nai,VN,210915
1598,new,1734480000.0,17/07/2005,M,Chị An Phạm,54 Vũ Số,Khánh Hòa,VN,942583
3242,new,1734480000.0,27/09/1998,F,Bà Vân Dương,340 Jane Dãy,Lâm Đồng,VN,379031
4390,new,1734480000.0,28/01/1982,F,Quý cô Hà Dương,76 Jane Ngõ,Quảng Ninh,VN,122946
3877,new,1734480000.0,21/10/1981,M,Nam Hoàng Dương,84 Phạm Làng,Đồng Nai,VN,491988
2855,new,1734566400.0,27/11/1981,M,Kim Trần,790 Trần Đường,Quảng Ninh,VN,251227
4843,new,1734566400.0,05/07/1976,F,Linh Trần,0 Dương Hẻm,Hải Dương,VN,680974
3584,new,1734566400.0,26/10/1989,M,Nhật Nguyễn,15 John Hẻm,Quảng Ninh,VN,787811
4365,update,1734566400.0,14/12/1989,F,Ông Phúc Nguyễn,720 Jane Làng,Huế,VN,100281
1596,update,1734566400.0,19/12/1994,F,Bác Anh Mai,736 Jane Khu,Vinh,VN,355486
3528,new,1734652800.0,13/01/2001,F,Anh Hưng Lê,53 Vũ Khu,Hồ Chí Minh,VN,162311
1468,new,1734652800.0,20/03/2004,M,Nhật Lê,450 Jane Tổ,Hà Nội,VN,204760
1442,update,1734652800.0,03/07/2003,F,Anh Quang Hoàng,3 Hoàng Tổ,Huế,VN,646971
2981,new,1734652800.0,20/08/1989,M,Quý cô Hạnh Phạm,23 Jane Đường,Cần Thơ,VN,826379
2574,new,1734652800.0,22/02/2005,F,Chi Nguyễn,7 John Ngõ,Thừa Thiên Huế,VN,840889
3434,new,1734739200.0,11/05/1989,F,Bác Huy Dương,87 Trần Ngõ,Đà Nẵng,VN,143192
2749,new,1734739200.0,10/05/2001,M,Lâm Lê,3 Jane Tổ,Hải Phòng,VN,654198
1665,new,1734739200.0,10/09/2002,M,Ngọc Lê,15 Jane Làng,Quảng Ninh,VN,939393
2058,new,1734739200.0,31/05/2007,F,Cô Thảo Đặng,334 John Hẻm,Lâm Đồng,VN,121238
3367,update,1734739200.0,05/05/1986,F,Bảo Đức Phạm,7 John Hẻm,Cần Thơ,VN,859616
1426,update,1734739200.0,13/07/1989,M,Nam Lê,6 John Dãy,Hải Phòng,VN,999898
1461,new,1734739200.0,21/08/2002,M,Hải Đặng,300 Phạm Tổ,Nghệ An,VN,491354
3778,new,1734739200.0,07/07/1997,M,Quý cô Nhật Phạm,381 Bùi Tổ,Lâm Đồng,VN,427829
3352,new,1734739200.0,19/05/1994,M,Bà Dương Hoàng,7 Bùi Số,Quảng Ninh,VN,947831
1421,new,1734825600.0,14/04/2005,M,Chị Thành Đặng,4 Jane Đường,Bình Dương,VN,806038
1942,new,1734825600.0,28/07/1973,F,Chị Hồng Nguyễn,84 Jane Dãy,Bình Dương,VN,434831
3510,new,1734825600.0,12/09/1991,F,Anh Quang Nguyễn,2 Jane Khu,Bắc Ninh,VN,790534
4707,new,1734825600.0,25/08/1998,F,Lâm Đức Đặng,53 Jane Số,Bình Dương,VN,937139
2181,new,1734825600.0,04/06/1980,F,Quang Hoàng,48 John Khu,Lâm Đồng,VN,375317
2228,new,1734825600.0,08/02/2004,F,An Hữu Vũ,37 Jane Hẻm,Hà Nội,VN,862287
3084,update,1734825600.0,22/05/1983,M,Thành Xuân Dương,384 Hoàng Số,Vinh,VN,913299
4236,new,1734825600.0,17/10/2005,M,Quý ông Châu Bùi,772 Phạm Tổ,Cần Thơ,VN,156060
2011,new,1734825600.0,11/01/2007,F,Thành Đặng,9 Jane Tổ,Khánh Hòa,VN,169460
4512,new,1734912000.0,06/05/2004,F,Quý ông Hoàng Dương,66 Jane Làng,Lâm Đồng,VN,142994
3247,update,1734912000.0,24/11/2003,F,Cô Hạnh Phạm,161 Lê Làng,Hải Phòng,VN,694404
3864,new,1734912000.0,06/10/1989,F,Nhật Trí Dương,04 Nguyễn Hẻm,Bắc Ninh,VN,668884
2588,new,1734998400.0,30/01/1999,F,Hưng Quang Mai,2 Hoàng Hẻm,Nghệ An,VN,379700
2347,new,1734998400.0,05/04/1969,M,Ông Tùng Nguyễn,9 Jane Ngõ,Quảng Ninh,VN,969300
3532,new,1734998400.0,03/07/1986,F,Hà Mai Bảo Hoàng,760 Jane Khu,Cần Thơ,VN,448770
4111,update,1734998400.0,21/09/2004,F,Bác Phúc Mai,577 Mai Tổ,Hải Phòng,VN,656430
2800,new,1734998400.0,14/02/1994,M,Vân Vũ,45 John Khu,Bình Dương,VN,190347
3443,new,1735084800.0,10/11/2000,F,Thảo Mai,9 John Ngõ,Nghệ An,VN,967756
3655,new,1735084800.0,19/04/1995,F,Nam Thế Bùi,4 Hoàng Tổ,Nghệ An,VN,592541
2994,new,1735084800.0,04/11/2002,M,Kim Vũ,77 Jane Ngõ,Hà Nội,VN,816179
1494,new,1735084800.0,10/03/1965,M,Lâm Trần,9 Jane Khu,Đà Nẵng,VN,713796
2717,new,1735084800.0,25/05/1987,F,Quý ông Vũ Lê,96 Đặng Số,Cần Thơ,VN,776441
2545,new,1735084800.0,01/03/1989,F,Hoàng Trí Lê,882 Nguyễn Ngõ,Hải Phòng,VN,990786
1691,new,1735171200.0,20/11/2005,M,Bà Hà Mai,03 Nguyễn Ngõ,Hải Dương,VN,391653
2368,new,1735171200.0,18/08/1995,F,Minh Bùi,621 Nguyễn Đường,Bà Rịa - Vũng Tàu,VN,623472
4335,new,1735171200.0,14/06/1996,F,Cô Nhật Dương,361 John Khu,Bình Dương,VN,277598
1262,new,1735171200.0,26/04/1994,M,Quý ông Trung Hoàng,61 Mai Làng,Hồ Chí Minh,VN,919516
2532,new,1735171200.0,25/01/1995,F,An Hoàng,087 Bùi Số,Hải Dương,VN,464395
2151,new,1735171200.0,20/09/1997,M,Chị Thành Phạm,94 Mai Hẻm,Bà Rịa - Vũng Tàu,VN,450305
2598,new,1735171200.0,31/10/2005,M,Tú Hải Lê,1 Phạm Số,Đà Nẵng,VN,597968
2783,update,1735171200.0,06/06/2007,M,Chị Duyên Mai,355 Jane Khu,Hồ Chí Minh,VN,803249
3050,new,1735171200.0,16/04/2007,M,Hạnh Hoàng Vũ,460 Lê Dãy,Hải Phòng,VN,795348
4594,update,1735257600.0,29/03/2005,M,Trung Dương,47 Phạm Làng,Bắc Ninh,VN,663389
2880,new,1735257600.0,14/05/1995,M,Khoa Mai Nguyễn,6 Jane Làng,Đồng Nai,VN,770240
2487,new,1735257600.0,20/09/2004,M,Phúc Thế Hoàng,3 Jane Tổ,Bình Dương,VN,664751
1634,new,1735257600.0,27/03/1983,M,Linh Đặng,953 Phạm Tổ,Quảng Ninh,VN,832124
4413,update,1735257600.0,14/05/1987,M,Xuân Lê,043 Lê Làng,Cần Thơ,VN,887589
3994,new,1735257600.0,09/12/1993,F,Phúc Nguyễn,1 John Tổ,Quảng Ninh,VN,647735
3418,new,1735344000.0,03/11/1995,F,Tú Phú Dương,92 John Đường,Quảng Ninh,VN,166588
3289,new,1735344000.0,12/02/1990,F,Hưng Phạm,302 John Làng,Bà Rịa - Vũng Tàu,VN,937390
1659,update,1735344000.0,07/04/2006,M,Quý ông Hưng Trần,933 Jane Hẻm,Thừa Thiên Huế,VN,685534
4588,new,1735344000.0,14/09/1989,M,Mai Phạm,4 John Khu,Khánh Hòa,VN,958493
2607,update,1735344000.0,13/09/1998,M,Ông Dũng Vũ,77 John Ngõ,Hà Nội,VN,524389
1732,update,1735344000.0,29/01/2002,M,Cô Phương Vũ,1 Nguyễn Hẻm,Cần Thơ,VN,906504
3868,new,1735344000.0,28/11/1999,F,Nam Mai Đặng,3 Hoàng Khu,Hải Dương,VN,844757
1082,new,1735430400.0,26/06/1973,F,Nhật Đặng,79 Lê Ngõ,Bà Rịa - Vũng Tàu,VN,141781
3589,update,1735430400.0,21/09/1983,M,Quý cô Khoa Vũ,84 John Làng,Hải Phòng,VN,224901
1193,update,1735430400.0,19/06/2005,M,Linh Đặng,561 Lê Đường,Nghệ An,VN,810730
3872,update,1735430400.0,12/02/2007,M,Minh Nguyễn,918 John Số,Bình Dương,VN,374610
3514,update,1735430400.0,01/01/1989,M,Tùng Hữu Mai,775 John Khu,Đồng Nai,VN,774399
2977,update,1735516800.0,08/03/2003,F,Dũng Mai Đặng,096 John Ngõ,Hà Nội,VN,286940
4734,update,1735516800.0,17/03/1995,F,Quý cô Hà Dương,15 Trần Hẻm,Hồ Chí Minh,VN,106701
2909,new,1735516800.0,25/06/1981,F,Bà Hải Bùi,9 John Làng,Hải Dương,VN,843398
4505,new,1735516800.0,06/05/1984,F,Bà Nhật Lê,1 Hoàng Dãy,Đồng Nai,VN,861117
3075,new,1735516800.0,02/06/1991,F,Cô Thảo Phạm,640 Nguyễn Dãy,Hồ Chí Minh,VN,159532
1549,new,1735516800.0,08/09/1990,M,Hà Phạm,7 John Đường,Quảng Ninh,VN,771404
3417,new,1735516800.0,16/09/1980,M,Quang Lê,94 Jane Tổ,Hải Phòng,VN,550631
2237,new,1735516800.0,30/06/2001,F,Nhật Lê,94 Jane Ngõ,Lâm Đồng,VN,103813
3931,update,1735516800.0,06/07/1998,F,Phúc Đức Dương,0 Nguyễn Đường,Cần Thơ,VN,318343
4948,new,1735516800.0,24/10/1990,M,Chị Phương Đặng,3 Vũ Làng,Cần Thơ,VN,695027
3623,update,1735516800.0,19/08/2001,M,Bác Nam Nguyễn,19 Nguyễn Khu,Huế,VN,814737
3093,update,1735516800.0,05/09/2000,M,Anh Hữu Hoàng,543 Dương Số,Đồng Nai,VN,473712
4252,update,1735603200.0,26/11/2000,F,Ông Anh Hoàng,41 Jane Số,Lâm Đồng,VN,588994
2080,new,1735603200.0,30/12/1984,F,Ngọc Trần,13 Phạm Dãy,Hải Phòng,VN,481595
2642,new,1735603200.0,14/10/1998,M,Anh Huy Phạm,61 Phạm Ngõ,Bình Dương,VN,461103
3962,new,1735603200.0,19/04/1990,M,Quý ông Nhiên Phạm,36 Lê Ngõ,Bắc Ninh,VN,807197
2868,new,1735689600.0,30/11/1990,M,Thành Hải Dương,978 Phạm Ngõ,Lâm Đồng,VN,785952
4064,new,1735689600.0,14/10/2007,M,Vi Dương,001 Lê Tổ,Hải Dương,VN,825637
4286,new,1735689600.0,22/04/1991,M,Ông Huy Phạm,31 Trần Hẻm,Bắc Ninh,VN,612933
3467,update,1735776000.0,28/08/1998,M,Huy Tấn Mai,916 Phạm Làng,Vinh,VN,368350
4281,new,1735776000.0,28/03/1978,F,Cô Chi Đặng,53 Lê Tổ,Nghệ An,VN,884870
1782,new,1735776000.0,21/07/1989,F,Bà Xuân Lê,6 John Đường,Bình Dương,VN,715865
3523,new,1735776000.0,21/11/1998,F,Linh Hoàng,9 Bùi Tổ,Bắc Ninh,VN,776112
2759,update,1735776000.0,04/01/2006,M,Quý ông Quang Phạm,3 John Dãy,Lâm Đồng,VN,924229
1964,new,1735776000.0,22/12/1996,F,Thảo Phạm,6 Trần Đường,Hải Phòng,VN,845298
1292,update,1735776000.0,28/01/2005,F,Hạnh Dương,55 John Hẻm,Huế,VN,116624
3273,new,1735862400.0,16/09/1999,F,Quang Trần,7 Mai Đường,Đà Nẵng,VN,600542
2890,new,1735862400.0,27/12/1982,M,Hải Hoàng,5 Jane Dãy,Hải Dương,VN,541405
4949,new,1735862400.0,03/09/2001,F,Trọng Hoàng,24 Đặng Khu,Đồng Nai,VN,223455
3004,new,1735862400.0,12/08/1997,F,Minh Mai Bảo Phạm,0 Lê Ngõ,Đồng Nai,VN,754997
2130,new,1735948800.0,24/04/1987,F,Khoa Đặng,38 Lê Tổ,Bắc Ninh,VN,933580
1436,new,1735948800.0,06/09/1972,F,Khoa Mai,20 Jane Số,Đà Nẵng,VN,754681
3108,new,1735948800.0,27/12/1965,M,Hương Phạm,03 Hoàng Đường,Thừa Thiên Huế,VN,157846
1629,new,1735948800.0,19/02/2000,M,Cô Vân Nguyễn,18 John Làng,Bắc Ninh,VN,884524
3000,new,1735948800.0,22/04/1989,M,Dũng Tấn Trần,84 Jane Tổ,Cần Thơ,VN,107557
3958,new,1735948800.0,23/09/2007,M,Ông Anh Đặng,2 Lê Khu,Lâm Đồng,VN,546246
1605,new,1736035200.0,15/10/1971,F,Tùng Tấn Mai,17 John Làng,Hải Phòng,VN,646374
2636,new,1736035200.0,01/05/2003,F,Anh Lê,136 Phạm Số,Đà Nẵng,VN,111306
2035,new,1736035200.0,19/09/2003,F,Phương Thế Mai,341 Jane Hẻm,Lâm Đồng,VN,820875
2572,update,1736035200.0,08/09/1984,M,Thành Hoàng Bùi,39 Jane Hẻm,Quảng Ninh,VN,878511
1104,new,1736121600.0,01/06/2007,M,Vũ Xuân Bùi,6 John Tổ,Đà Nẵng,VN,226408
2365,new,1736121600.0,10/05/2003,F,Hương Nguyễn,184 Jane Tổ,Thừa Thiên Huế,VN,278164
1894,new,1736121600.0,26/09/1967,M,Chị An Trần,73 John Hẻm,Bà Rịa - Vũng Tàu,VN,508618
1628,new,1736121600.0,16/07/2006,M,Hưng Nguyễn,09 Jane Hẻm,Quảng Ninh,VN,250465
2334,new,1736121600.0,28/01/1995,M,Phương Phú Bùi,041 Jane Khu,Quảng Ninh,VN,463813
3746,update,1736121600.0,29/09/1988,F,Cô Lâm Trần,206 John Dãy,Lâm Đồng,VN,703754
2161,new,1736208000.0,24/06/2005,F,Lâm Quang Phạm,21 Trần Tổ,Nghệ An,VN,864003
4212,new,1736208000.0,27/06/1968,F,Bà Kim Phạm,36 Jane Đường,Hải Phòng,VN,773271
3377,new,1736208000.0,18/11/1996,M,Thành Mai Phạm,9 Vũ Ngõ,Quảng Ninh,VN,597130
4828,new,1736208000.0,24/09/1996,F,Lâm Đức Đặng,4 Vũ Dãy,Nghệ An,VN,579439
1795,update,1736208000.0,28/01/1981,F,Bác Châu Đặng,82 Jane Làng,Hải Dương,VN,344067
1269,new,1736208000.0,07/10/2007,M,Anh Trung Dương,208 Đặng Đường,Đà Nẵng,VN,241746
4141,update,1736294400.0,29/03/2000,F,Khoa Dương,7 Jane Hẻm,Huế,VN,343319
4120,update,1736294400.0,16/08/1973,M,Thành Phạm,197 Jane Dãy,Hà Nội,VN,388120
2700,new,1736294400.0,16/07/1995,F,Nhật Dương,619 Jane Đường,Đà Nẵng,VN,758212
2962,update,1736294400.0,04/10/1970,F,Phương Dương,148 Jane Ngõ,Bình Dương,VN,572069
4445,new,1736294400.0,18/01/1998,M,An Hoàng,238 Phạm Làng,Quảng Ninh,VN,441680
2538,new,1736294400.0,27/10/1976,M,Lâm Thị Phạm,578 Dương Khu,Quảng Ninh,VN,292416
3923,update,1736294400.0,20/02/2000,M,Chi Phạm,17 Trần Làng,Bắc Ninh,VN,319006
1626,update,1736294400.0,22/11/2006,M,Ngọc Trần,08 Lê Tổ,Bắc Ninh,VN,411966
3278,new,1736380800.0,31/08/1985,F,Quý cô Nhật Lê,2 John Đường,Khánh Hòa,VN,943478
1453,new,1736380800.0,10/11/1998,F,Quang Vũ,55 John Đường,Đà Nẵng,VN,108064
4998,new,1736380800.0,28/11/1991,F,Chị Khoa Vũ,21 Vũ Dãy,Hà Nội,VN,498930
4873,new,1736380800.0,26/03/2004,F,Cô Hà Phạm,1 Hoàng Ngõ,Quảng Ninh,VN,543373
2050,new,1736380800.0,25/10/1981,F,Hạnh Trí Đặng,6 Trần Dãy,Đồng Nai,VN,255318
1720,new,1736380800.0,10/11/1973,M,Hồng Dương,29 John Hẻm,Nghệ An,VN,284463
4232,new,1736380800.0,18/03/1999,F,Hà Xuân Bùi,16 John Đường,Đồng Nai,VN,579106
3382,new,1736467200.0,29/01/2001,F,Quý cô Hải Trần,1 John Ngõ,Bà Rịa - Vũng Tàu,VN,769504
1876,update,1736467200.0,11/06/2004,M,Vũ Dương,99 Vũ Tổ,Hải Phòng,VN,295281
1912,new,1736467200.0,21/07/2005,F,Ánh Mai,5 Mai Khu,Thừa Thiên Huế,VN,999902
2398,update,1736467200.0,26/05/1971,F,An Mai,17 Đặng Dãy,Lâm Đồng,VN,606070
4698,new,1736467200.0,05/12/2001,F,Bảo Văn Nguyễn,7 Mai Ngõ,Bà Rịa - Vũng Tàu,VN,615787
2037,update,1736553600.0,20/11/1990,F,Nhiên Thị Nguyễn,8 John Đường,Nha Trang,VN,230536
2629,new,1736553600.0,07/04/1987,F,Anh Phúc Nguyễn,5 John Số,Lâm Đồng,VN,623931
1831,update,1736553600.0,10/02/2000,M,Dương Lê,8 Trần Tổ,Hồ Chí Minh,VN,749062
2998,new,1736553600.0,19/03/1984,F,Quý cô Hà Bùi,3 Jane Đường,Bình Dương,VN,280132
1345,new,1736553600.0,18/06/1988,F,Phương Tấn Mai,0 John Số,Bà Rịa - Vũng Tàu,VN,605646
4534,new,1736553600.0,23/08/2006,M,Dũng Hải Bùi,9 Lê Tổ,Đồng Nai,VN,612063
3683,new,1736553600.0,20/08/1986,F,Anh Hoàng Lê,417 John Đường,Hải Phòng,VN,643546
3524,new,1736640000.0,05/03/2003,M,Nhiên Dương,5 Phạm Hẻm,Bắc Ninh,VN,607907
3509,new,1736640000.0,27/06/1994,M,Quý ông Minh Mai,01 Jane Ngõ,Lâm Đồng,VN,198586
3295,new,1736640000.0,22/04/1999,F,Trọng Phú Mai,1 Dương Tổ,Hải Dương,VN,215913
1289,update,1736640000.0,24/11/1971,F,Bảo Phú Trần,6 John Tổ,Hồ Chí Minh,VN,762674
2383,new,1736640000.0,28/08/2000,F,Bảo Vũ,9 Trần Khu,Cần Thơ,VN,234953
4340,new,1736726400.0,05/01/2000,M,Bảo Lê,315 Vũ Tổ,Hồ Chí Minh,VN,671666
2270,update,1736726400.0,19/12/1965,M,Trọng Phú Đặng,85 Đặng Hẻm,Bình Dương,VN,768725
3163,update,1736726400.0,05/03/2005,F,Khoa Hữu Vũ,54 Bùi Tổ,Hồ Chí Minh,VN,856205
1327,new,1736726400.0,02/04/1984,F,Quang Trí Phạm,173 Mai Dãy,Bình Dương,VN,817857
2274,new,1736726400.0,23/04/2002,F,Ánh Trần,72 Hoàng Dãy,Đồng Nai,VN,460356
4419,new,1736812800.0,04/01/1999,F,Hà Thị Trần,038 Lê Đường,Bà Rịa - Vũng Tàu,VN,180634
3952,new,1736812800.0,15/03/1986,M,Chị Vân Đặng,394 Vũ Đường,Đà Nẵng,VN,322466
3689,new,1736812800.0,28/02/1999,M,Thành Lê,38 Nguyễn Hẻm,Khánh Hòa,VN,141617
4650,new,1736812800.0,01/02/2005,F,Cô Hải Lê,7 Vũ Làng,Hà Nội,VN,896155
2703,new,1736899200.0,15/03/2007,F,Kim Đức Bùi,9 Dương Khu,Bà Rịa - Vũng Tàu,VN,970437
1092,new,1736899200.0,21/07/2003,M,Hoàng Xuân Bùi,9 Đặng Tổ,Bà Rịa - Vũng Tàu,VN,996051
2934,new,1736899200.0,06/05/1996,F,Thành Phạm,9 Vũ Dãy,Cần Thơ,VN,106556
1672,new,1736985600.0,25/11/2002,M,Chi Trần,5 Hoàng Khu,Hồ Chí Minh,VN,930068
3237,new,1736985600.0,12/04/1998,F,Dũng Hoàng Phạm,60 Bùi Làng,Hải Phòng,VN,692206
3987,update,1736985600.0,03/06/1998,M,Tùng Đức Phạm,200 John Dãy,Vinh,VN,253245
4670,new,1736985600.0,26/08/1992,F,Trung Trí Hoàng,964 John Đường,Hà Nội,VN,279702
3854,new,1736985600.0,22/09/2004,F,Bà Chi Trần,71 Mai Hẻm,Khánh Hòa,VN,699402
3292,new,1736985600.0,30/04/1999,F,Dương Đặng,229 John Số,Lâm Đồng,VN,729652
4622,update,1736985600.0,31/03/2006,F,Kim Văn Hoàng,54 Đặng Khu,Đà Nẵng,VN,857402
1865,update,1736985600.0,12/09/1971,F,Dũng Lê,796 Jane Ngõ,Hà Nội,VN,932839
3838,update,1737072000.0,26/10/2002,M,Thành Nguyễn,08 Nguyễn Làng,Đà Nẵng,VN,146854
3986,new,1737072000.0,05/06/1996,F,Hưng Nguyễn,625 Jane Dãy,Đà Nẵng,VN,414024
2077,update,1737072000.0,26/06/2007,M,Bà Nhật Lê,0 Jane Tổ,Bà Rịa - Vũng Tàu,VN,939723
1252,new,1737072000.0,16/01/1999,F,Tú Vũ,27 Jane Hẻm,Hà Nội,VN,741015
2059,new,1737072000.0,17/09/1989,F,Dũng Bảo Phạm,339 Jane Làng,Cần Thơ,VN,390590
4240,new,1737072000.0,15/09/2003,F,Bà Dương Đặng,3 Nguyễn Ngõ,Hồ Chí Minh,VN,970833
4648,new,1737244800.0,22/07/2005,F,Lâm Đức Bùi,61 Nguyễn Khu,Hồ Chí Minh,VN,829067
3562,new,1737244800.0,11/05/2002,F,Cô Dương Lê,5 Dương Khu,Hải Phòng,VN,748709
2364,new,1737244800.0,14/06/1986,F,Xuân Đặng,7 Bùi Ngõ,Khánh Hòa,VN,929701
3354,new,1737244800.0,17/12/2005,F,Nhật Hoàng,097 Jane Ngõ,Hải Dương,VN,187031
3747,update,1737244800.0,25/06/2003,F,Vi Đặng,180 Hoàng Khu,Cần Thơ,VN,844760
4376,new,1737244800.0,02/08/2006,F,Ông Châu Lê,82 Phạm Tổ,Hà Nội,VN,162372
3411,new,1737331200.0,18/12/2006,M,Thành Dương,57 Đặng Khu,Bà Rịa - Vũng Tàu,VN,408811
3828,update,1737331200.0,03/07/2004,M,Trọng Nguyễn,1 Vũ Hẻm,Cần Thơ,VN,951514
1100,new,1737331200.0,28/08/2004,M,Hạnh Tấn Bùi,5 Vũ Làng,Hải Dương,VN,371681
1554,new,1737331200.0,14/06/2000,M,Vân Phạm,435 Jane Tổ,Hải Phòng,VN,504356
2611,new,1737331200.0,29/06/2000,F,Dũng Dương,6 Jane Khu,Hải Phòng,VN,289563
4285,new,1737331200.0,13/04/1984,M,Chị Hải Đặng,652 Phạm Hẻm,Hải Dương,VN,633284
1377,new,1737331200.0,10/08/1982,F,Bà Nhật Hoàng,41 Jane Ngõ,Bắc Ninh,VN,188530
4965,update,1737331200.0,29/03/2004,M,Chị Kim Dương,5 John Tổ,Nha Trang,VN,151513
4161,update,1737417600.0,15/12/1999,M,Kim Văn Mai,5 Jane Tổ,Hà Nội,VN,330721
3207,update,1737417600.0,05/07/1983,M,Nhật Nguyễn,02 Jane Đường,Nha Trang,VN,456002
3837,new,1737417600.0,24/04/1989,M,Quang Hoàng,809 Jane Làng,Bắc Ninh,VN,670952
1068,new,1737417600.0,09/09/2004,M,Nhật Hải Hoàng,9 Đặng Làng,Nghệ An,VN,869015
4972,new,1737417600.0,24/02/2001,M,Vi Vũ,7 Phạm Làng,Bắc Ninh,VN,978653
1013,new,1737417600.0,19/09/2001,F,Anh Quang Bùi,071 John Làng,Hồ Chí Minh,VN,123104
3639,new,1737417600.0,10/07/1970,M,Bà Vi Mai,446 John Dãy,Khánh Hòa,VN,582204
1504,new,1737417600.0,19/04/1999,F,Bảo Hải Lê,63 Bùi Khu,Nghệ An,VN,617781
1683,new,1737504000.0,20/04/2000,M,Kim Hải Đặng,285 Đặng Hẻm,Hải Phòng,VN,779560
2151,update,1737504000.0,20/09/1997,M,Chị Thành Phạm,780 Trần Hẻm,Hà Nội,VN,642508
4751,update,1737504000.0,30/03/2007,M,Quý cô Bảo Nguyễn,5 Lê Khu,Hải Dương,VN,992041
4025,new,1737504000.0,08/10/1992,F,Thành Bùi,7 Nguyễn Khu,Hồ Chí Minh,VN,739625
1194,update,1737504000.0,30/09/1997,F,Hải Hải Lê,3 Bùi Khu,Cần Thơ,VN,901845
4777,update,1737504000.0,25/05/1993,F,Chị Mai Hoàng,22 Đặng Khu,Hải Phòng,VN,801073
4666,new,1737504000.0,30/06/1985,M,Cô Linh Phạm,62 Jane Làng,Bà Rịa - Vũng Tàu,VN,138519
3216,update,1737504000.0,31/05/2001,M,Vi Nguyễn,187 Phạm Số,Cần Thơ,VN,754280
2724,new,1737590400.0,15/11/1994,F,Chị Yến Đặng,0 John Đường,Lâm Đồng,VN,539737
2579,new,1737590400.0,22/07/2003,M,Huy Mai Bảo Phạm,230 Phạm Dãy,Thừa Thiên Huế,VN,385344
4427,new,1737676800.0,10/06/2002,F,Chị Nhật Đặng,63 John Khu,Bình Dương,VN,310587
2554,new,1737676800.0,27/11/1984,M,Ông Nam Nguyễn,9 Nguyễn Số,Đồng Nai,VN,508312
2127,new,1737676800.0,03/06/1999,F,Bà Nhật Dương,512 Bùi Dãy,Cần Thơ,VN,269084
2173,new,1737676800.0,05/04/1997,F,Vũ Vũ,813 Jane Hẻm,Đà Nẵng,VN,399461
2702,new,1737676800.0,09/10/1982,M,Hà Đặng,8 Phạm Tổ,Quảng Ninh,VN,671963
4059,new,1737676800.0,04/02/1996,F,Hưng Dương,90 Jane Tổ,Bà Rịa - Vũng Tàu,VN,479841
1615,new,1737676800.0,12/11/1998,M,Khoa Xuân Phạm,6 Jane Đường,Bình Dương,VN,475505
1780,new,1737676800.0,21/09/2004,M,Vũ Hoàng,92 Jane Đường,Khánh Hòa,VN,639976
4635,new,1737676800.0,23/08/2000,F,Hồng Phạm,777 Jane Hẻm,Nghệ An,VN,864791
4065,update,1737676800.0,29/11/1981,F,Xuân Dương,9 Jane Đường,Đồng Nai,VN,167746
4502,new,1737763200.0,31/01/1995,F,Chị Linh Phạm,081 Jane Ngõ,Đà Nẵng,VN,908719
1488,new,1737763200.0,18/07/1997,M,Cô Kim Hoàng,9 John Số,Đà Nẵng,VN,464754
2826,new,1737763200.0,01/10/1988,M,Quý cô Thảo Đặng,81 Mai Dãy,Hà Nội,VN,514875
4846,update,1737763200.0,24/09/1997,F,Ông Khoa Nguyễn,26 John Tổ,Thừa Thiên Huế,VN,511428
2946,new,1737763200.0,08/08/2006,M,Cô Hương Trần,84 John Đường,Thừa Thiên Huế,VN,758849
2884,update,1737763200.0,18/06/1983,M,Lâm Mai Bảo Dương,3 Đặng Làng,Bắc Ninh,VN,281158
1362,update,1737763200.0,28/04/1984,M,Quý ông Trọng Đặng,29 Mai Đường,Huế,VN,727090
3728,new,1737763200.0,09/12/2001,F,Anh Huy Bùi,47 Trần Hẻm,Hà Nội,VN,599039
2534,new,1737849600.0,24/05/2006,F,Hạnh Nguyễn,3 John Số,Thừa Thiên Huế,VN,640761
1025,update,1737849600.0,28/07/2000,F,Trung Lê,04 John Ngõ,Hà Nội,VN,986091
1026,update,1737849600.0,06/05/1982,F,Chị Dương Phạm,800 Vũ Hẻm,Khánh Hòa,VN,739993
2914,update,1737849600.0,29/08/2004,M,Quý ông Trung Trần,83 Nguyễn Số,Hải Phòng,VN,696007
4002,new,1737936000.0,30/03/1986,F,Quý cô Chi Lê,73 Vũ Đường,Quảng Ninh,VN,218513
3825,new,1737936000.0,30/11/2001,M,Duyên Dương,8 Đặng Làng,Thừa Thiên Huế,VN,734383
2233,update,1737936000.0,02/08/2004,M,Tùng Lê,02 Trần Dãy,Cần Thơ,VN,315584
3369,new,1737936000.0,03/09/1993,F,Ông Trọng Bùi,8 Phạm Ngõ,Hải Dương,VN,873760
3668,new,1737936000.0,27/03/2004,M,Thành Trần,1 Trần Hẻm,Hồ Chí Minh,VN,418338
1756,new,1737936000.0,16/11/1999,F,An Phạm,66 Đặng Dãy,Hà Nội,VN,666356
1077,new,1738022400.0,30/11/1984,M,Tùng Đặng,9 Vũ Khu,Cần Thơ,VN,686796
2993,new,1738022400.0,12/10/2005,M,Quý cô Hải Dương,291 Jane Tổ,Hải Phòng,VN,816626
2562,new,1738022400.0,13/08/2002,F,Vi Nguyễn,9 Trần Ngõ,Hải Phòng,VN,892083
1092,update,1738022400.0,21/07/2003,M,Hoàng Xuân Bùi,278 Jane Đường,Nha Trang,VN,767602
2871,update,1738108800.0,16/02/1997,F,Lâm Phú Dương,192 Jane Đường,Nghệ An,VN,103160
3289,update,1738108800.0,12/02/1990,F,Hưng Phạm,92 Jane Dãy,Cần Thơ,VN,884479
3446,new,1738108800.0,27/12/1973,F,Bảo Vũ,868 John Đường,Hải Phòng,VN,570558
4373,new,1738108800.0,12/05/2001,F,Quý ông Nhiên Vũ,9 Jane Hẻm,Lâm Đồng,VN,795344
1859,new,1738195200.0,25/11/2004,F,Hải Hoàng,044 John Khu,Bình Dương,VN,171920
3642,new,1738195200.0,13/09/1999,M,Cô Thành Vũ,73 Jane Khu,Bình Dương,VN,854858
4600,new,1738195200.0,04/08/1995,M,Nhật Dương,3 Jane Làng,Thừa Thiên Huế,VN,688835
3331,new,1738195200.0,15/11/1997,M,Nhật Trí Mai,936 John Tổ,Lâm Đồng,VN,197322
1336,new,1738195200.0,07/08/1968,F,Lâm Đức Nguyễn,25 Phạm Hẻm,Cần Thơ,VN,824820
3007,new,1738195200.0,11/07/2006,M,Quang Trần,77 Jane Tổ,Hải Phòng,VN,879972
2804,new,1738195200.0,27/06/2006,M,Nhật Đặng,95 Đặng Hẻm,Quảng Ninh,VN,727203
1197,update,1738195200.0,02/10/1988,M,Ngọc Đặng,43 John Khu,Hà Nội,VN,828716
4624,new,1738281600.0,25/08/1983,M,Ông Anh Bùi,0 John Dãy,Quảng Ninh,VN,160940
2766,new,1738281600.0,26/03/1966,M,Bảo Trần,8 Đặng Khu,Đà Nẵng,VN,915078
2873,new,1738281600.0,11/03/1968,F,Phúc Hoàng,55 John Tổ,Đồng Nai,VN,195912
3852,update,1738281600.0,21/10/1966,F,Quý cô Hà Trần,3 John Tổ,Huế,VN,217451
4692,new,1738281600.0,18/11/1990,M,Quý ông Tùng Hoàng,75 Phạm Ngõ,Đà Nẵng,VN,644919
4071,new,1738281600.0,27/09/1999,F,Nam Hoàng,210 Lê Làng,Hà Nội,VN,115035
1791,new,1738281600.0,27/07/1970,F,Châu Hải Nguyễn,50 Jane Khu,Hải Phòng,VN,812915
3870,new,1738281600.0,25/12/2005,F,An Mai,55 Jane Dãy,Cần Thơ,VN,729457
3338,new,1738281600.0,23/04/2004,M,Quý cô Duyên Mai,16 John Làng,Khánh Hòa,VN,835113
3327,new,1738368000.0,13/01/2002,F,Bảo Nguyễn,5 Lê Dãy,Hải Dương,VN,830818
2828,new,1738368000.0,02/10/1995,F,Hương Bùi,86 Trần Tổ,Bà Rịa - Vũng Tàu,VN,423801
1729,update,1738368000.0,28/03/2002,F,Chị Dương Đặng,6 Dương Tổ,Huế,VN,291917
1258,new,1738368000.0,14/11/2004,F,Bác Bảo Mai,51 Lê Tổ,Nghệ An,VN,178017
2091,update,1738454400.0,04/10/1965,M,Trung Đặng,84 John Khu,Cần Thơ,VN,151438
2872,new,1738454400.0,25/06/2003,F,Bà Hải Phạm,33 Jane Dãy,Hải Dương,VN,617246
4231,update,1738454400.0,19/09/1985,F,Hà Mai Bảo Nguyễn,13 John Làng,Hải Phòng,VN,872566
3925,new,1738454400.0,06/03/2001,M,Lan Trần,1 Jane Tổ,Đà Nẵng,VN,787427
1058,new,1738454400.0,29/04/1999,F,Quý cô Hải Dương,4 Trần Ngõ,Hồ Chí Minh,VN,548910
4693,new,1738540800.0,10/03/1975,F,Quý cô Hà Lê,7 Jane Dãy,Thừa Thiên Huế,VN,107143
3371,new,1738540800.0,10/09/1985,M,Nhật Xuân Mai,500 Hoàng Hẻm,Bình Dương,VN,717647
4797,new,1738540800.0,29/12/2004,M,Duyên Trần,8 John Hẻm,Nghệ An,VN,974323
2422,new,1738540800.0,17/09/2004,F,Cô Hà Dương,2 Đặng Hẻm,Đồng Nai,VN,825698
4958,new,1738540800.0,11/07/1969,F,Minh Dương,29 Đặng Tổ,Hải Phòng,VN,337829
2363,new,1738540800.0,17/02/2001,M,Bà Linh Trần,802 John Ngõ,Hà Nội,VN,519777
2592,new,1738627200.0,23/01/2004,M,Bác Tú Dương,679 Vũ Làng,Bình Dương,VN,747361
4564,new,1738627200.0,16/10/1998,M,Nhiên Trí Bùi,557 Đặng Tổ,Hải Phòng,VN,937172
2594,update,1738627200.0,04/10/1995,M,Bảo Vũ,67 Mai Làng,Hải Dương,VN,892329
1283,update,1738627200.0,10/04/2001,M,Trung Nguyễn,590 Trần Khu,Hải Phòng,VN,438990
1797,new,1738627200.0,21/11/1996,M,Chi Bùi,49 Nguyễn Đường,Bắc Ninh,VN,378129
3468,new,1738627200.0,26/05/1998,F,Phúc Thị Nguyễn,4 Jane Tổ,Đồng Nai,VN,926485
2073,new,1738627200.0,14/04/1996,F,Hưng Vũ,1 Bùi Làng,Bắc Ninh,VN,187166
2875,update,1738627200.0,25/10/1983,M,Quý ông Phúc Phạm,34 Dương Tổ,Bà Rịa - Vũng Tàu,VN,563456
2404,update,1738713600.0,21/09/1993,M,Chị Thành Vũ,333 Hoàng Khu,Đà Nẵng,VN,200031
2136,new,1738713600.0,14/10/1998,F,Chị Hà Mai,2 Trần Số,Nghệ An,VN,304052
4159,new,1738713600.0,25/10/2004,M,An Mai,69 Jane Hẻm,Nghệ An,VN,747527
1885,update,1738713600.0,13/01/2006,M,Mai Mai,28 Lê Tổ,Cần Thơ,VN,518259
4002,update,1738713600.0,30/03/1986,F,Quý cô Chi Lê,23 Trần Số,Cần Thơ,VN,225834
1425,new,1738713600.0,14/03/2006,M,An Lê,2 Jane Đường,Đồng Nai,VN,147716
2169,new,1738713600.0,04/05/2003,F,Phương Trí Hoàng,477 Hoàng Tổ,Đồng Nai,VN,791414
3644,new,1738713600.0,18/04/1986,M,Nhật Lê,342 Jane Ngõ,Bình Dương,VN,874863
2397,new,1738713600.0,08/03/1988,M,Ông Tú Trần,4 Trần Làng,Hà Nội,VN,660071
1475,new,1738800000.0,24/05/2001,F,Cô Yến Dương,747 John Số,Hà Nội,VN,580327
4841,new,1738800000.0,23/01/2006,M,Anh Vũ Vũ,765 John Dãy,Đồng Nai,VN,409420
2920,new,1738800000.0,17/12/2004,M,Hạnh Dương,634 John Đường,Bắc Ninh,VN,107666
3197,new,1738800000.0,06/08/1995,F,Bác Trọng Đặng,8 Lê Khu,Đà Nẵng,VN,971453
3798,new,1738800000.0,27/04/1993,F,Bảo Hoàng Hoàng,687 Mai Dãy,Đà Nẵng,VN,265873
4033,new,1738800000.0,23/09/1998,F,Phúc Vũ,4 Mai Khu,Khánh Hòa,VN,995034
3080,new,1738800000.0,19/06/2006,F,Nhiên Đức Đặng,91 Phạm Hẻm,Bắc Ninh,VN,735909
4429,update,1738800000.0,26/05/2007,M,Hương Bùi,898 Mai Số,Bình Dương,VN,670236
3672,new,1738886400.0,29/12/2005,M,Bảo Lê,405 Lê Đường,Cần Thơ,VN,463545
2874,new,1738886400.0,26/11/2002,M,Nhật Hải Vũ,71 Trần Số,Bà Rịa - Vũng Tàu,VN,620461
1302,update,1738886400.0,17/05/1999,F,Cô Thành Bùi,03 John Đường,Hồ Chí Minh,VN,817774
4021,update,1738886400.0,28/06/2001,F,Kim Vũ,9 Dương Tổ,Đồng Nai,VN,592345
4513,new,1738886400.0,18/08/1992,F,Ông Anh Phạm,6 Bùi Làng,Hà Nội,VN,536584
1350,new,1738886400.0,30/03/2007,M,Hà Dương,195 John Ngõ,Hà Nội,VN,955017
3328,new,1738886400.0,21/10/1981,M,Vân Lê,43 Dương Số,Hà Nội,VN,174066
2134,new,1738886400.0,05/05/1982,M,Anh Dũng Đặng,658 Nguyễn Số,Lâm Đồng,VN,386296
2560,new,1738972800.0,15/08/1992,M,Yến Lê,08 John Dãy,Lâm Đồng,VN,845097
4069,update,1738972800.0,20/02/2004,F,Nhật Nguyễn,71 Đặng Khu,Huế,VN,481147
4088,new,1738972800.0,20/11/1997,F,Tùng Bảo Mai,74 Jane Làng,Quảng Ninh,VN,970090
1771,new,1738972800.0,06/11/2005,M,Xuân Đặng,513 Phạm Dãy,Hồ Chí Minh,VN,886719
1158,new,1738972800.0,11/07/1998,M,Châu Xuân Vũ,8 Vũ Đường,Hải Dương,VN,731313
2423,new,1738972800.0,01/01/1998,F,Minh Hoàng Đặng,78 John Dãy,Hà Nội,VN,638635
4423,new,1738972800.0,13/06/2005,F,Chị An Phạm,8 Jane Khu,Cần Thơ,VN,182198
4644,update,1738972800.0,12/08/2000,F,Chị Nhật Lê,5 Hoàng Làng,Hải Phòng,VN,112224
3681,update,1738972800.0,10/04/2007,M,Nam Bảo Phạm,285 Jane Tổ,Hải Phòng,VN,517761
4145,new,1738972800.0,21/04/2005,M,Ông Bảo Vũ,3 Jane Tổ,Hà Nội,VN,229457
1761,new,1739059200.0,20/02/1996,F,Hạnh Hải Vũ,606 Lê Số,Hải Phòng,VN,193474
3052,update,1739059200.0,15/09/1977,M,Thành Bùi,5 Jane Hẻm,Nha Trang,VN,674768
4719,new,1739059200.0,22/02/2002,F,Khoa Hoàng Hoàng,70 Bùi Dãy,Khánh Hòa,VN,997153
2937,new,1739059200.0,07/08/1974,F,Khoa Hải Phạm,77 Vũ Tổ,Bình Dương,VN,347618
3884,new,1739059200.0,04/02/2001,F,Nam Phạm,11 Bùi Dãy,Nghệ An,VN,904239
2276,new,1739059200.0,10/11/1969,M,Dũng Hữu Đặng,768 Bùi Số,Cần Thơ,VN,335540
1433,new,1739145600.0,21/02/1998,F,Huy Dương,2 Jane Ngõ,Quảng Ninh,VN,519219
4451,new,1739145600.0,03/08/1997,M,Châu Văn Mai,4 Bùi Số,Cần Thơ,VN,169808
1326,update,1739145600.0,05/03/1987,M,Cô Ánh Đặng,2 Mai Số,Bình Dương,VN,460968
3086,update,1739145600.0,21/08/2004,M,Vũ Đức Lê,8 John Hẻm,Khánh Hòa,VN,803714
2545,update,1739145600.0,01/03/1989,F,Cô Nhật Mai,882 Nguyễn Ngõ,Hải Phòng,VN,990786
1366,update,1739145600.0,20/09/2001,F,Quý cô Hà Mai,95 Mai Hẻm,Hải Phòng,VN,964770
2723,update,1739232000.0,11/03/2007,M,Khoa Dương,779 John Số,Cần Thơ,VN,567844
1432,new,1739232000.0,31/08/1988,F,Hải Thế Lê,95 Dương Tổ,Quảng Ninh,VN,213157
4079,new,1739232000.0,06/09/1997,F,Hương Vũ,178 Lê Tổ,Đà Nẵng,VN,608879
3610,new,1739232000.0,11/12/1974,M,Hà Phú Phạm,4 Vũ Tổ,Bình Dương,VN,410104
4572,new,1739232000.0,27/08/1987,M,Hạnh Đức Bùi,3 Jane Số,Hải Phòng,VN,566116
2352,new,1739232000.0,27/04/1995,F,Tùng Đức Bùi,853 Phạm Khu,Cần Thơ,VN,969488
3793,new,1739232000.0,11/05/2000,M,Vũ Bùi,5 Bùi Dãy,Hà Nội,VN,251671
4855,new,1739232000.0,21/08/1996,F,Cô Kim Lê,162 John Khu,Đồng Nai,VN,515483
2045,new,1739318400.0,03/06/1987,M,Lâm Xuân Vũ,1 John Tổ,Khánh Hòa,VN,367087
2160,new,1739318400.0,12/06/1970,F,Bảo Hải Trần,0 Phạm Khu,Bà Rịa - Vũng Tàu,VN,420815
2675,new,1739318400.0,10/10/1972,F,Phúc Hoàng Bùi,94 Vũ Dãy,Quảng Ninh,VN,419083
2850,update,1739318400.0,02/11/1989,M,Cô Hải Vũ,79 Lê Hẻm,Bắc Ninh,VN,227628
1006,update,1739318400.0,23/07/1997,M,Hồng Hoàng,8 Đặng Đường,Vinh,VN,260925
4144,new,1739404800.0,02/09/1996,M,Dũng Lê,1 Đặng Tổ,Hà Nội,VN,871066
3453,new,1739404800.0,04/01/1976,F,Dương Mai,12 Jane Số,Đà Nẵng,VN,986337
4426,update,1739404800.0,14/05/1991,M,Dũng Phú Lê,87 Vũ Đường,Huế,VN,383109
3062,new,1739404800.0,17/08/1987,F,Bà Chi Bùi,2 Phạm Tổ,Nghệ An,VN,236450
4175,new,1739404800.0,07/03/2004,F,Cô Dương Dương,9 Dương Hẻm,Đồng Nai,VN,344875
4085,new,1739404800.0,03/11/1988,M,Bác Dũng Mai,1 John Dãy,Đà Nẵng,VN,963363
4826,new,1739404800.0,20/03/1968,F,Bà Nhật Phạm,33 John Khu,Hải Phòng,VN,972868
1690,update,1739404800.0,19/03/2000,F,Vân Dương,847 Dương Ngõ,Hồ Chí Minh,VN,797301
1888,new,1739491200.0,11/02/1965,M,Chi Đặng,75 Lê Số,Bà Rịa - Vũng Tàu,VN,697348
1728,new,1739491200.0,07/10/2007,M,Bà Dương Hoàng,7 Nguyễn Đường,Hải Dương,VN,334923
3064,new,1739491200.0,19/12/1969,M,Chị Lan Dương,663 John Hẻm,Hải Dương,VN,549620
3234,new,1739491200.0,18/04/1987,M,Cô Lâm Vũ,027 Mai Tổ,Đà Nẵng,VN,291661
4863,update,1739491200.0,10/05/1983,F,Nam Mai Bùi,207 Jane Số,Nha Trang,VN,909821
2808,update,1739577600.0,29/06/2003,F,Duyên Vũ,34 Jane Khu,Đà Nẵng,VN,581683
2015,new,1739577600.0,03/04/1989,M,Bảo Đức Phạm,329 Phạm Đường,Đồng Nai,VN,607789
2879,new,1739577600.0,12/06/1998,F,Thành Lê,7 Dương Ngõ,Khánh Hòa,VN,110102
2676,new,1739664000.0,04/11/1980,F,Hoàng Hoàng Mai,2 Lê Khu,Bắc Ninh,VN,143553
3175,new,1739664000.0,06/05/1980,M,Xuân Lê,77 John Đường,Quảng Ninh,VN,692426
1395,new,1739664000.0,16/02/1982,F,Quý cô Chi Lê,043 Lê Số,Bắc Ninh,VN,487595
1392,new,1739664000.0,13/06/1999,M,Bà An Nguyễn,49 Jane Đường,Cần Thơ,VN,331412
1103,new,1739664000.0,30/12/2000,F,Ông Hoàng Đặng,4 John Làng,Cần Thơ,VN,283728
1082,update,1739664000.0,26/06/1973,F,Nhật Đặng,5 Bùi Khu,Nha Trang,VN,399419
2021,update,1739750400.0,24/03/1998,F,Bà Hà Vũ,1 Dương Dãy,Hà Nội,VN,401223
2324,new,1739750400.0,18/09/1988,M,Dương Bùi,329 Jane Làng,Đà Nẵng,VN,755173
1458,new,1739750400.0,05/07/1986,M,Huy Hoàng Đặng,254 Mai Dãy,Bắc Ninh,VN,732072
1558,new,1739750400.0,26/03/1998,F,Hồng Mai,313 John Làng,Lâm Đồng,VN,466983
3907,new,1739750400.0,17/03/1985,M,Dũng Nguyễn,892 Lê Hẻm,Bắc Ninh,VN,501001
1871,new,1739750400.0,10/06/1990,M,Phúc Đức Vũ,0 Jane Khu,Quảng Ninh,VN,928318
3730,new,1739750400.0,13/03/1982,F,Trọng Nguyễn,75 Dương Đường,Hà Nội,VN,898162
4882,new,1739836800.0,11/01/2001,M,Chị Kim Đặng,867 Vũ Làng,Cần Thơ,VN,116172
3518,new,1739836800.0,08/08/1993,F,Bà Lan Trần,033 John Dãy,Cần Thơ,VN,395145
3314,new,1739836800.0,01/05/1997,M,Quang Thế Nguyễn,479 Jane Dãy,Hải Phòng,VN,877828
4082,new,1739836800.0,24/12/1984,F,Bà Xuân Đặng,0 Mai Làng,Đồng Nai,VN,872786
2818,new,1739836800.0,24/12/1989,M,Quý ông Nhiên Bùi,8 Đặng Số,Hải Phòng,VN,272007
3674,new,1739836800.0,13/11/1999,M,Bà Bảo Hoàng,00 Jane Ngõ,Khánh Hòa,VN,838937
2816,update,1739836800.0,11/04/1989,M,Chị Hương Phạm,4 Jane Số,Hải Phòng,VN,243863
3656,new,1739836800.0,29/07/1982,M,Khoa Hải Mai,14 Jane Hẻm,Quảng Ninh,VN,798586
4115,update,1739923200.0,17/05/1981,F,Hương Phạm,1 Phạm Làng,Hồ Chí Minh,VN,254341
4854,new,1739923200.0,11/02/1979,F,Thành Văn Phạm,10 Nguyễn Dãy,Hồ Chí Minh,VN,666077
3117,new,1739923200.0,10/05/2005,F,Tú Lê,035 Vũ Dãy,Khánh Hòa,VN,579747
3009,new,1740009600.0,24/09/1998,M,Chị Hương Dương,74 Trần Số,Hải Phòng,VN,128024
2540,new,1740009600.0,30/03/2000,M,Phương Thế Nguyễn,84 Phạm Số,Lâm Đồng,VN,956409
3733,update,1740009600.0,11/05/1991,F,Tùng Lê,7 Hoàng Đường,Bà Rịa - Vũng Tàu,VN,828901
1048,new,1740096000.0,26/11/1995,M,An Trí Bùi,80 Bùi Đường,Bà Rịa - Vũng Tàu,VN,350067
3972,new,1740096000.0,01/04/2005,M,Thảo Trần,7 Dương Số,Hải Dương,VN,889683
3566,new,1740096000.0,05/07/1966,F,Quý cô Kim Lê,18 Nguyễn Số,Bà Rịa - Vũng Tàu,VN,744091
2366,update,1740096000.0,15/08/1996,F,Nhật Mai Bảo Đặng,468 Bùi Hẻm,Hà Nội,VN,699337
4668,update,1740096000.0,17/10/2002,F,Dũng Trí Lê,065 Jane Tổ,Cần Thơ,VN,733150
2115,update,1740096000.0,27/10/2002,F,Quang Quang Mai,295 Lê Hẻm,Cần Thơ,VN,307947
4922,new,1740182400.0,05/12/2005,M,Bảo Xuân Bùi,46 John Đường,Cần Thơ,VN,498384
1674,new,1740182400.0,29/01/1985,M,Thành Hải Dương,1 John Tổ,Đồng Nai,VN,847573
1174,new,1740182400.0,27/03/1994,M,Kim Vũ,8 Vũ Đường,Khánh Hòa,VN,534883
3803,new,1740182400.0,19/08/1995,F,Cô Nhật Nguyễn,280 John Đường,Thừa Thiên Huế,VN,416379
2275,new,1740182400.0,29/05/2006,F,Khoa Tấn Vũ,08 John Ngõ,Bà Rịa - Vũng Tàu,VN,870290
4224,new,1740182400.0,26/11/1991,M,Chị Phương Nguyễn,1 John Tổ,Lâm Đồng,VN,299684
3928,new,1740182400.0,12/12/2005,F,Chị Nhật Đặng,926 Jane Làng,Lâm Đồng,VN,313422
4906,new,1740182400.0,11/09/2004,F,Chị Thảo Vũ,390 Đặng Khu,Hải Dương,VN,477827
1037,update,1740182400.0,08/04/1999,M,Cô Khoa Đặng,47 John Dãy,Nha Trang,VN,338226
2821,update,1740268800.0,17/03/2007,F,Hương Dương,660 John Ngõ,Hải Dương,VN,247780
2621,new,1740268800.0,30/03/1992,F,Chị Thảo Đặng,07 John Tổ,Thừa Thiên Huế,VN,760703
3683,update,1740355200.0,20/08/1986,F,Anh Hoàng Lê,943 John Ngõ,Hà Nội,VN,511596
2947,new,1740355200.0,01/05/1995,M,Bà An Mai,886 Jane Ngõ,Khánh Hòa,VN,408116
3424,new,1740355200.0,25/07/1968,M,Nhật Hoàng,333 Hoàng Ngõ,Bắc Ninh,VN,465394
3285,new,1740355200.0,20/02/1982,F,Linh Đặng,8 Trần Ngõ,Quảng Ninh,VN,280079
2265,new,1740355200.0,03/03/2005,M,Kim Thế Phạm,60 Nguyễn Làng,Hải Dương,VN,144359
3550,new,1740355200.0,15/09/2000,F,Anh Vũ,92 Jane Khu,Bà Rịa - Vũng Tàu,VN,829581
2353,update,1740355200.0,06/12/1995,M,Huy Đặng,148 Mai Khu,Hải Phòng,VN,343072
1368,new,1740355200.0,07/11/1967,M,Dương Dương,8 Jane Ngõ,Hà Nội,VN,627104
2079,update,1740441600.0,30/01/2007,F,Anh Anh Phạm,16 Bùi Làng,Cần Thơ,VN,109322
2980,new,1740441600.0,21/02/2003,M,Hạnh Mai Bảo Nguyễn,70 John Khu,Hải Phòng,VN,328047
4591,new,1740441600.0,18/06/1991,M,Quý cô Hương Vũ,35 Dương Hẻm,Hà Nội,VN,776183
3640,new,1740441600.0,17/07/1983,F,Cô Dương Trần,7 Nguyễn Khu,Hồ Chí Minh,VN,187335
2950,new,1740441600.0,03/12/2003,M,Ngọc Đặng,04 Trần Hẻm,Hà Nội,VN,467944
3466,new,1740528000.0,02/08/1989,M,Bà Dương Mai,669 Đặng Khu,Quảng Ninh,VN,576879
2143,new,1740528000.0,19/01/1999,M,Quý cô Vi Lê,65 Jane Đường,Bình Dương,VN,965237
4711,new,1740528000.0,03/08/1990,M,Bảo Trần,100 Hoàng Hẻm,Bình Dương,VN,564064
4179,update,1740528000.0,07/07/1983,F,Bảo Dương,1 Bùi Làng,Hải Phòng,VN,689704
3159,new,1740528000.0,29/04/1971,F,Thảo Phạm,481 Lê Số,Đồng Nai,VN,669096
4395,new,1740528000.0,24/11/2002,F,Quý ông Bảo Lê,6 Bùi Làng,Đồng Nai,VN,271428
2093,new,1740528000.0,28/02/2006,F,Thảo Hoàng,15 John Tổ,Bắc Ninh,VN,975189
3600,new,1740528000.0,21/04/1966,M,Khoa Bùi,366 Jane Ngõ,Đồng Nai,VN,941193
1645,new,1740528000.0,22/08/2002,F,Anh Tú Lê,69 Đặng Hẻm,Đồng Nai,VN,949232
4816,new,1740528000.0,16/01/1999,F,Quý cô Nhật Lê,385 Jane Dãy,Bà Rịa - Vũng Tàu,VN,506924
3297,new,1740614400.0,27/02/1999,M,Bà Hồng Dương,445 Dương Hẻm,Hà Nội,VN,791400
3229,new,1740614400.0,10/10/1991,F,Khoa Hải Vũ,1 Jane Hẻm,Khánh Hòa,VN,255041
1846,new,1740614400.0,26/10/2001,M,Bà Nhật Bùi,681 Đặng Số,Bắc Ninh,VN,932469
1189,update,1740614400.0,18/10/1985,M,Khoa Tấn Mai,53 John Đường,Hải Dương,VN,755316
4326,update,1740614400.0,07/01/1980,M,Chị Vân Bùi,590 Jane Khu,Huế,VN,153838
4456,update,1740614400.0,20/12/1981,M,Chi Bùi,55 Bùi Dãy,Hải Dương,VN,125439
3706,new,1740614400.0,13/12/1990,M,Dũng Mai Bảo Mai,851 John Dãy,Đồng Nai,VN,394445
2620,new,1740614400.0,22/09/2000,M,Bác Quang Mai,4 Đặng Ngõ,Khánh Hòa,VN,700034
3139,update,1740614400.0,06/12/2001,F,Quang Hoàng,1 Trần Dãy,Nha Trang,VN,670981
2296,new,1740700800.0,28/02/2006,M,Ngọc Phạm,102 Mai Đường,Khánh Hòa,VN,409134
1740,new,1740700800.0,08/05/2003,M,Lâm Thị Hoàng,17 Jane Dãy,Quảng Ninh,VN,797184
3406,new,1740700800.0,07/03/2002,F,Vũ Đặng,710 Trần Làng,Bà Rịa - Vũng Tàu,VN,531071
1623,new,1740700800.0,11/06/1991,M,Nhật Vũ,2 Đặng Đường,Nghệ An,VN,998040
4377,update,1740700800.0,03/06/2002,M,Hồng Hoàng,6 Jane Số,Hà Nội,VN,634417
2794,update,1740700800.0,17/02/1989,F,Hạnh Phú Nguyễn,4 Jane Làng,Hồ Chí Minh,VN,957358
1287,new,1740700800.0,29/04/2006,F,Huy Hữu Dương,42 Hoàng Đường,Thừa Thiên Huế,VN,917920
3665,new,1740700800.0,06/01/1993,F,Bà Duyên Bùi,26 Hoàng Ngõ,Hải Dương,VN,484939
4176,update,1740700800.0,12/03/1991,M,Khoa Phạm,111 Jane Dãy,Nha Trang,VN,382848
3676,new,1740700800.0,19/08/1999,F,Anh Anh Nguyễn,6 Vũ Số,Lâm Đồng,VN,111645
4421,new,1740700800.0,08/04/1996,F,Thảo Trần,0 Jane Dãy,Quảng Ninh,VN,887744
3186,new,1740700800.0,25/04/1995,F,Lâm Văn Vũ,26 Jane Dãy,Đà Nẵng,VN,773281
4143,update,1740787200.0,30/08/2004,M,Nhật Đức Mai,9 Mai Đường,Đà Nẵng,VN,302741
2886,new,1740787200.0,18/07/1996,F,Anh Nguyễn,7 Đặng Làng,Lâm Đồng,VN,778920
1679,new,1740787200.0,21/02/1988,F,Bà Duyên Lê,552 Jane Tổ,Hải Dương,VN,669876
2899,new,1740787200.0,06/08/1997,F,Hoàng Hải Hoàng,53 John Dãy,Đồng Nai,VN,252023
4822,new,1740873600.0,18/01/1972,F,Ông Minh Bùi,287 John Ngõ,Bà Rịa - Vũng Tàu,VN,702778
4910,update,1740873600.0,07/09/2007,M,Nhật Xuân Hoàng,622 John Tổ,Hải Phòng,VN,933585
4495,new,1740873600.0,17/02/1986,F,Nhật Bảo Đặng,6 Jane Khu,Đồng Nai,VN,893801
4818,new,1740873600.0,27/08/2000,F,Quý ông Nam Nguyễn,2 Jane Khu,Bà Rịa - Vũng Tàu,VN,837677
2223,update,1740873600.0,26/01/2006,M,Vi Phạm,5 John Ngõ,Bình Dương,VN,167412
1265,new,1740960000.0,11/05/2005,M,Hà Mai Phạm,41 Vũ Đường,Bà Rịa - Vũng Tàu,VN,175942
3032,update,1740960000.0,29/05/1989,F,Quý ông Vũ Dương,411 Vũ Số,Thừa Thiên Huế,VN,691285
1412,new,1740960000.0,04/03/2002,M,Chị Ngọc Mai,81 Vũ Số,Hà Nội,VN,682703
1413,update,1741046400.0,08/05/1968,F,Hạnh Đặng,82 Jane Khu,Hà Nội,VN,718845
4032,new,1741046400.0,19/11/1990,F,Chị Xuân Phạm,54 Bùi Tổ,Khánh Hòa,VN,243288
1673,new,1741046400.0,27/03/2001,M,Quý cô Phương Trần,9 Jane Ngõ,Cần Thơ,VN,403785
3809,new,1741046400.0,18/02/1992,M,Bà Vân Mai,621 Dương Số,Nghệ An,VN,453863
3209,new,1741046400.0,01/05/1989,F,Nhật Mai Bảo Nguyễn,18 Jane Hẻm,Bà Rịa - Vũng Tàu,VN,685844
4793,new,1741046400.0,28/06/1983,M,Tùng Xuân Đặng,50 John Hẻm,Quảng Ninh,VN,211235
3208,new,1741046400.0,04/02/1994,F,Nhật Hoàng Bùi,338 Đặng Dãy,Cần Thơ,VN,166444
2973,update,1741132800.0,02/09/1979,F,Quý cô Hải Mai,54 Phạm Dãy,Nha Trang,VN,993996
4678,new,1741132800.0,07/01/1986,F,Tùng Bảo Vũ,6 Phạm Dãy,Đà Nẵng,VN,676165
2596,new,1741132800.0,01/01/1995,F,Trọng Hữu Lê,699 Jane Khu,Nghệ An,VN,105329
4374,new,1741132800.0,25/07/1993,F,Cô Hương Mai,06 Jane Làng,Bình Dương,VN,186556
4178,update,1741132800.0,08/10/2003,M,Chị Hà Hoàng,45 Jane Dãy,Hồ Chí Minh,VN,476085
4234,new,1741132800.0,12/09/1987,M,Quý cô Lâm Lê,23 Jane Đường,Bà Rịa - Vũng Tàu,VN,952635
3103,new,1741132800.0,12/04/1973,F,Lâm Trí Bùi,873 Jane Làng,Thừa Thiên Huế,VN,724076
3773,new,1741132800.0,17/02/2006,F,Yến Lê,766 Jane Làng,Cần Thơ,VN,542233
4879,update,1741132800.0,01/05/1993,M,Tú Đặng,107 John Hẻm,Huế,VN,537223
4445,update,1741219200.0,18/01/1998,M,Quý cô Hương Dương,238 Phạm Làng,Quảng Ninh,VN,441680
4183,new,1741219200.0,15/11/2002,M,Ông Quang Mai,89 Mai Hẻm,Thừa Thiên Huế,VN,681682
2788,new,1741219200.0,10/10/2004,M,Ngọc Trần,867 Jane Ngõ,Hải Phòng,VN,246971
4163,new,1741219200.0,22/01/2007,M,Mai Phạm,9 Jane Số,Nghệ An,VN,718054
1908,update,1741219200.0,08/08/1992,F,Quý ông Tùng Hoàng,418 Jane Ngõ,Vinh,VN,727505
1083,new,1741219200.0,25/05/2007,F,Chi Phạm,871 Bùi Ngõ,Lâm Đồng,VN,256149
1808,new,1741305600.0,19/05/2002,F,Quý ông Hưng Phạm,8 Bùi Đường,Cần Thơ,VN,732119
1057,new,1741305600.0,30/10/2003,F,Anh Hoàng Trần,03 Jane Ngõ,Hải Phòng,VN,592534
2996,new,1741305600.0,02/05/1992,M,Bác Tú Đặng,1 John Số,Bà Rịa - Vũng Tàu,VN,731894
3342,new,1741305600.0,11/01/1967,M,Ông Phúc Lê,209 John Làng,Đà Nẵng,VN,289258
1860,new,1741305600.0,04/05/1971,F,An Đức Nguyễn,44 Jane Dãy,Hải Dương,VN,406764
3836,update,1741305600.0,03/12/2006,F,Cô Thảo Nguyễn,754 John Tổ,Vinh,VN,939995
2219,new,1741305600.0,20/06/1997,M,Minh Đặng,489 Jane Số,Khánh Hòa,VN,371635
2177,new,1741305600.0,22/01/1982,F,Hưng Mai,446 John Làng,Bình Dương,VN,167235
4976,new,1741305600.0,23/04/1979,F,Bác Nam Vũ,0 Jane Tổ,Thừa Thiên Huế,VN,269888
3081,new,1741392000.0,22/02/1999,M,Quý ông Nhiên Dương,22 Dương Ngõ,Quảng Ninh,VN,467364
3787,new,1741392000.0,30/07/1999,F,Yến Trần,1 Trần Hẻm,Hải Dương,VN,604517
1138,update,1741392000.0,08/01/1990,F,Hưng Trần,182 Mai Hẻm,Cần Thơ,VN,534431
2472,new,1741392000.0,11/03/2001,M,Vi Phạm,04 Phạm Khu,Bà Rịa - Vũng Tàu,VN,722777
3839,new,1741392000.0,20/03/1990,F,Minh Phạm,462 Phạm Hẻm,Hà Nội,VN,443436
2785,new,1741392000.0,10/06/2001,F,Kim Phạm,4 Dương Số,Đà Nẵng,VN,292082
2162,new,1741392000.0,09/01/2001,M,Phương Xuân Nguyễn,21 Trần Số,Khánh Hòa,VN,327265
2957,new,1741392000.0,15/09/1984,F,Bà Nhật Vũ,37 Jane Tổ,Đồng Nai,VN,954909
2221,new,1741392000.0,14/02/1999,M,Quý ông Anh Dương,8 John Số,Hồ Chí Minh,VN,391890
4850,new,1741392000.0,10/05/1995,F,Quý cô Hà Vũ,2 John Tổ,Hải Phòng,VN,418302
2013,new,1741392000.0,18/03/1986,F,Hà Mai,0 Jane Khu,Bắc Ninh,VN,796229
1698,new,1741392000.0,13/03/1997,M,Chị Hương Nguyễn,226 Jane Số,Đà Nẵng,VN,946928
4436,new,1741478400.0,26/03/1982,M,Yến Trần,2 Nguyễn Đường,Bà Rịa - Vũng Tàu,VN,852077
3182,new,1741478400.0,20/11/1994,M,Phúc Đức Phạm,3 Nguyễn Ngõ,Hà Nội,VN,361150
1527,new,1741478400.0,10/04/1999,F,Tùng Nguyễn,73 John Làng,Hải Dương,VN,883840
1640,new,1741478400.0,10/12/1973,F,Thảo Nguyễn,93 Nguyễn Đường,Bà Rịa - Vũng Tàu,VN,629839
1901,update,1741478400.0,19/11/1998,M,Mai Hoàng,77 Nguyễn Đường,Nghệ An,VN,631876
3206,new,1741478400.0,08/03/2002,F,Bác Phúc Bùi,9 Trần Khu,Bà Rịa - Vũng Tàu,VN,558473
2661,new,1741478400.0,19/04/1982,M,Quý cô Vi Phạm,75 Phạm Dãy,Bắc Ninh,VN,381635
1785,new,1741564800.0,11/03/1998,M,Cô Hà Trần,566 Phạm Khu,Đồng Nai,VN,724586
4923,new,1741564800.0,21/09/2007,M,Lâm Đức Hoàng,93 John Ngõ,Đà Nẵng,VN,477156
1173,new,1741564800.0,25/01/1996,F,Anh Nhiên Phạm,369 Phạm Đường,Hồ Chí Minh,VN,315230
2191,new,1741564800.0,05/10/1997,F,Khoa Tấn Lê,6 Dương Tổ,Thừa Thiên Huế,VN,320275
2311,new,1741564800.0,16/08/1985,M,Thành Lê,53 Dương Số,Bắc Ninh,VN,546768
2049,new,1741564800.0,01/04/1980,M,Duyên Trần,417 Hoàng Hẻm,Bà Rịa - Vũng Tàu,VN,387329
2047,new,1741651200.0,30/05/2004,M,Bà Thành Đặng,396 Đặng Khu,Hải Dương,VN,609112
2113,new,1741651200.0,02/11/1997,M,Hồng Phạm,293 Jane Ngõ,Hải Phòng,VN,959239
2186,new,1741651200.0,17/07/1986,M,Chi Phạm,92 John Tổ,Hà Nội,VN,190159
2184,update,1741651200.0,22/06/2007,F,Cô Lan Nguyễn,267 Jane Khu,Hà Nội,VN,375443
3976,new,1741737600.0,15/12/1999,F,Thành Vũ,34 Jane Tổ,Hải Phòng,VN,173719
3810,new,1741737600.0,25/07/2004,M,Cô Khoa Trần,55 Phạm Khu,Nghệ An,VN,176542
1407,new,1741737600.0,08/03/1997,F,Bà Phương Hoàng,23 Nguyễn Đường,Khánh Hòa,VN,436212
2556,new,1741737600.0,19/09/2002,M,Anh Khoa Mai,856 Jane Số,Hà Nội,VN,841701
4235,new,1741737600.0,04/07/1992,M,Trọng Trần,624 Hoàng Làng,Hà Nội,VN,663872
4338,new,1741737600.0,04/12/2004,M,Anh Bùi,57 Lê Số,Đồng Nai,VN,915597
2341,new,1741824000.0,21/04/2006,M,Cô Hà Trần,53 Jane Số,Bình Dương,VN,873643
3760,new,1741824000.0,16/08/2001,F,Khoa Dương,37 Lê Số,Cần Thơ,VN,204601
3456,new,1741824000.0,24/11/1990,F,Bà Thành Trần,48 Mai Dãy,Lâm Đồng,VN,201270
1351,update,1741824000.0,25/01/1990,F,Thành Văn Bùi,79 Nguyễn Ngõ,Nha Trang,VN,655107
2211,update,1741824000.0,28/10/2003,M,Hương Mai,88 Jane Ngõ,Vinh,VN,203548
4297,new,1741824000.0,12/10/1998,F,Dũng Mai,970 Jane Khu,Đồng Nai,VN,240224
1347,new,1741910400.0,11/12/1999,M,Anh Châu Đặng,90 Bùi Làng,Thừa Thiên Huế,VN,253534
1466,new,1741910400.0,16/12/2004,F,Chị Hà Nguyễn,149 Bùi Dãy,Hồ Chí Minh,VN,420944
1897,new,1741910400.0,15/01/2006,M,Hoàng Hữu Vũ,747 Dương Số,Đồng Nai,VN,793742
4563,new,1741910400.0,23/01/1975,M,Quý ông Thành Bùi,553 Bùi Hẻm,Quảng Ninh,VN,950635
4832,new,1741910400.0,12/02/2000,M,Bảo Phạm,90 Lê Hẻm,Đà Nẵng,VN,926128
1652,new,1741910400.0,21/04/1989,M,Cô Thảo Vũ,1 Hoàng Hẻm,Bình Dương,VN,611257
2781,new,1741996800.0,11/03/1989,F,Ông Hưng Hoàng,97 Đặng Khu,Lâm Đồng,VN,382869
4578,new,1741996800.0,06/09/1999,M,Quý cô Kim Phạm,266 Jane Tổ,Lâm Đồng,VN,240060
4831,new,1741996800.0,17/04/1983,M,Tùng Hoàng,3 John Làng,Hồ Chí Minh,VN,776568
2902,new,1741996800.0,01/11/1990,M,Hạnh Hữu Đặng,098 John Khu,Khánh Hòa,VN,199930
1101,new,1742083200.0,19/02/2004,F,Hạnh Bùi,4 John Đường,Hà Nội,VN,549898
2389,update,1742083200.0,16/03/2005,F,Phương Quang Mai,451 Vũ Làng,Cần Thơ,VN,372214
4418,new,1742083200.0,17/08/2001,M,Trung Dương,414 Nguyễn Ngõ,Nghệ An,VN,869691
3831,new,1742083200.0,22/07/1976,M,Minh Bùi,49 Jane Tổ,Bắc Ninh,VN,937280
1893,new,1742083200.0,16/10/1996,F,Anh Huy Vũ,82 Phạm Số,Đồng Nai,VN,616717
3273,update,1742169600.0,16/09/1999,F,Quang Trần,5 John Dãy,Hải Phòng,VN,983427
1820,new,1742169600.0,09/02/1971,M,Trọng Bảo Nguyễn,57 Lê Làng,Đà Nẵng,VN,255182
1762,new,1742169600.0,30/08/2004,F,Cô Duyên Bùi,43 Mai Làng,Bắc Ninh,VN,391442
2881,new,1742169600.0,27/05/1995,M,Vũ Mai,364 John Đường,Đà Nẵng,VN,171852
2822,new,1742169600.0,17/04/1978,F,Hạnh Đặng,058 Mai Hẻm,Bình Dương,VN,402991
1417,update,1742256000.0,28/07/1997,M,Quý ông Trọng Hoàng,581 Jane Số,Đà Nẵng,VN,314560
1004,update,1742256000.0,07/09/1986,M,Dương Phạm,88 John Khu,Đồng Nai,VN,674948
3979,new,1742256000.0,05/02/2004,F,Châu Bảo Mai,434 Jane Làng,Bà Rịa - Vũng Tàu,VN,819609
1079,new,1742256000.0,16/11/1991,F,Dương Lê,3 Jane Ngõ,Đồng Nai,VN,143409
1167,new,1742256000.0,06/05/2002,F,Mai Mai,95 Lê Số,Hà Nội,VN,316569
2187,new,1742256000.0,28/06/2004,F,Bà Ngọc Nguyễn,89 John Tổ,Hải Phòng,VN,561913
2216,new,1742342400.0,03/11/1977,M,Kim Phạm,72 Jane Khu,Nghệ An,VN,409062
4765,new,1742342400.0,31/08/2006,F,Bác Dũng Đặng,96 Dương Tổ,Bình Dương,VN,954898
3545,new,1742342400.0,19/06/2004,M,Chị Mai Dương,1 Bùi Khu,Khánh Hòa,VN,585574
2235,new,1742342400.0,13/06/1971,M,Châu Phạm,0 Dương Làng,Bình Dương,VN,573792
2611,update,1742342400.0,29/06/2000,F,Dũng Dương,2 Hoàng Làng,Hải Phòng,VN,542877
1835,new,1742342400.0,30/12/2002,F,Bà Mai Bùi,194 Vũ Dãy,Đồng Nai,VN,139698
1100,update,1742342400.0,28/08/2004,M,Phúc Mai,5 Vũ Làng,Hải Dương,VN,371681
3983,new,1742342400.0,14/02/2006,F,Cô Lâm Mai,4 Bùi Khu,Thừa Thiên Huế,VN,932090
4950,new,1742342400.0,07/11/1997,M,Nhật Hoàng,2 John Số,Hải Dương,VN,782782
2727,update,1742342400.0,08/02/2000,F,Hồng Hoàng,2 Jane Hẻm,Nha Trang,VN,479919
1958,update,1742342400.0,18/11/1973,F,Nhật Mai Bảo Phạm,156 Dương Tổ,Đà Nẵng,VN,597720
4545,new,1742428800.0,28/08/1972,F,Nhật Đức Lê,31 Dương Tổ,Khánh Hòa,VN,461476
1358,new,1742428800.0,19/07/1976,M,Trọng Nguyễn,6 Lê Khu,Thừa Thiên Huế,VN,587621
3933,new,1742428800.0,25/10/1981,F,Cô Dương Phạm,6 John Tổ,Bắc Ninh,VN,657201
2528,new,1742515200.0,02/03/2003,M,Phương Thị Nguyễn,795 Jane Dãy,Hải Phòng,VN,225695
4409,new,1742515200.0,24/10/1995,F,Phúc Đức Mai,852 Mai Hẻm,Khánh Hòa,VN,228912
2671,new,1742515200.0,12/10/2000,M,Cô Thành Mai,271 Vũ Số,Hải Phòng,VN,214489
3087,new,1742515200.0,09/06/1973,F,Chị Khoa Dương,54 Phạm Khu,Đà Nẵng,VN,575553
1405,new,1742515200.0,13/04/1996,F,Chị Hải Đặng,913 Jane Số,Hải Dương,VN,570289
2737,update,1742515200.0,28/11/1970,M,Hải Văn Vũ,4 John Khu,Vinh,VN,939656
1870,new,1742515200.0,17/09/2002,M,Anh Bảo Bùi,34 Jane Dãy,Cần Thơ,VN,465290
2469,new,1742601600.0,23/04/1998,F,Nhật Mai Lê,194 Nguyễn Hẻm,Khánh Hòa,VN,294531
2700,update,1742601600.0,16/07/1995,F,Quang Thị Dương,619 Jane Đường,Đà Nẵng,VN,758212
3684,new,1742601600.0,05/03/1984,F,Hưng Hoàng,477 Bùi Ngõ,Bình Dương,VN,493088
4771,update,1742601600.0,03/10/1999,M,Chi Bùi,8 Jane Hẻm,Thừa Thiên Huế,VN,809654
4312,new,1742601600.0,20/06/2004,F,An Dương,184 John Số,Khánh Hòa,VN,577900
4481,new,1742688000.0,24/11/2005,M,Bảo Vũ,777 Jane Dãy,Hồ Chí Minh,VN,792113
3669,new,1742688000.0,18/03/1981,M,Thành Trần,848 Bùi Hẻm,Hà Nội,VN,195898
1019,new,1742688000.0,05/10/1991,M,Hà Xuân Đặng,9 Lê Làng,Bắc Ninh,VN,479447
1044,new,1742688000.0,16/11/1987,F,Hồng Lê,327 John Làng,Đà Nẵng,VN,695982
2904,new,1742688000.0,18/07/2002,F,Cô Bảo Nguyễn,809 Bùi Số,Đồng Nai,VN,612538
1809,new,1742688000.0,06/09/1980,F,Bảo Đức Trần,28 Mai Khu,Lâm Đồng,VN,391892
2005,new,1742774400.0,19/04/2003,F,Ánh Mai,9 Dương Khu,Đồng Nai,VN,232861
3237,update,1742774400.0,12/04/1998,F,Dũng Hoàng Phạm,71 Mai Hẻm,Hồ Chí Minh,VN,666762
3035,new,1742774400.0,30/07/2004,M,Bác Tùng Mai,4 Vũ Làng,Bình Dương,VN,885937
1857,update,1742774400.0,08/05/2006,F,Trọng Bùi,81 John Làng,Bắc Ninh,VN,184547
3743,new,1742860800.0,23/10/2002,M,Minh Đặng,4 John Đường,Khánh Hòa,VN,737185
3419,update,1742860800.0,15/09/1998,M,Bác Minh Phạm,1 Jane Dãy,Hồ Chí Minh,VN,582410
2988,new,1742860800.0,25/03/2006,M,Cô Lâm Mai,04 John Làng,Khánh Hòa,VN,776174
2377,update,1742860800.0,30/12/2000,F,Quý cô Hương Trần,24 John Hẻm,Hà Nội,VN,436444
1204,new,1742860800.0,16/03/1999,M,Thành Quang Hoàng,34 Đặng Tổ,Hải Dương,VN,956311
4169,update,1742860800.0,30/03/1987,M,Tùng Mai Bảo Hoàng,596 Jane Đường,Hải Dương,VN,507736
4877,new,1742860800.0,05/02/2007,F,Nam Trần,152 John Khu,Thừa Thiên Huế,VN,523408
4539,new,1742860800.0,01/06/1981,F,Linh Bùi,88 Jane Dãy,Bắc Ninh,VN,996716
2166,new,1742947200.0,06/02/1996,M,Xuân Nguyễn,4 Mai Dãy,Bà Rịa - Vũng Tàu,VN,249432
3551,new,1742947200.0,19/02/2004,M,Quý cô Hạnh Vũ,24 Mai Làng,Quảng Ninh,VN,771229
4563,update,1742947200.0,23/01/1975,M,Quý cô Yến Phạm,553 Bùi Hẻm,Quảng Ninh,VN,950635
3603,new,1742947200.0,06/11/1998,M,Vũ Xuân Hoàng,85 Phạm Khu,Hồ Chí Minh,VN,740817
4385,new,1743033600.0,05/08/1999,M,Thảo Đặng,7 Lê Hẻm,Hà Nội,VN,377212
1444,new,1743033600.0,07/03/2000,M,Kim Bảo Lê,829 Lê Đường,Khánh Hòa,VN,506209
2539,new,1743033600.0,13/06/1997,F,Châu Mai,3 John Ngõ,Hồ Chí Minh,VN,507844
2820,new,1743033600.0,03/10/2006,F,Dũng Bùi,6 Jane Đường,Hà Nội,VN,158755
4149,new,1743033600.0,12/07/1967,F,An Mai,636 Hoàng Hẻm,Đà Nẵng,VN,495138
1462,new,1743033600.0,08/09/1985,F,Hưng Mai,0 Phạm Dãy,Hải Dương,VN,295039
3520,new,1743033600.0,24/06/2006,M,Bà Hải Bùi,6 Phạm Dãy,Hải Dương,VN,506106
4342,new,1743033600.0,21/01/2003,M,Khoa Dương,9 Trần Ngõ,Hà Nội,VN,959692
3269,new,1743033600.0,03/04/1980,F,Anh Thị Mai,815 Trần Tổ,Hà Nội,VN,988378
4054,new,1743120000.0,14/11/2003,M,Hạnh Trí Mai,287 Đặng Làng,Hải Phòng,VN,273358
3061,new,1743120000.0,13/12/1980,F,Quý cô Xuân Đặng,00 Hoàng Làng,Bắc Ninh,VN,985163
4818,update,1743120000.0,27/08/2000,F,Hạnh Lê,2 Jane Khu,Bà Rịa - Vũng Tàu,VN,837677
2776,new,1743120000.0,22/02/2003,F,Ông Châu Hoàng,615 John Làng,Bắc Ninh,VN,690782
2117,new,1743120000.0,06/06/2004,F,Châu Dương,02 Trần Dãy,Khánh Hòa,VN,727829
4581,update,1743120000.0,18/10/1990,F,Vũ Mai Bảo Nguyễn,96 Đặng Tổ,Hồ Chí Minh,VN,143525
1489,new,1743120000.0,30/05/1985,M,Hưng Dương,02 John Số,Nghệ An,VN,350071
2766,update,1743120000.0,26/03/1966,M,Bảo Trần,76 John Ngõ,Cần Thơ,VN,485544
1301,new,1743206400.0,16/05/1999,M,Quý cô Thành Vũ,799 John Ngõ,Đồng Nai,VN,778638
3547,new,1743206400.0,23/03/1995,F,Quang Bùi,640 Jane Đường,Thừa Thiên Huế,VN,390453
4159,update,1743206400.0,25/10/2004,M,Bác Vũ Lê,69 Jane Hẻm,Nghệ An,VN,747527
2349,new,1743206400.0,25/03/2000,M,Chị Lan Lê,374 Jane Số,Quảng Ninh,VN,411946
1244,update,1743292800.0,08/05/2005,F,Nhật Lê,805 Trần Hẻm,Hải Phòng,VN,435200
4153,new,1743292800.0,15/08/1996,F,Cô Bảo Lê,204 Jane Đường,Thừa Thiên Huế,VN,784415
4802,new,1743292800.0,20/06/1989,F,Anh Lê,26 Lê Tổ,Hải Dương,VN,283950
4604,new,1743292800.0,11/10/2007,M,Ánh Bùi,743 Hoàng Làng,Bà Rịa - Vũng Tàu,VN,474709
1153,new,1743379200.0,13/04/1998,F,Quý cô Vân Dương,27 Lê Ngõ,Đà Nẵng,VN,405452
4094,update,1743379200.0,21/06/2004,F,Anh Tùng Vũ,716 Vũ Khu,Hồ Chí Minh,VN,830506
4691,new,1743379200.0,27/12/1979,M,Quý ông Anh Hoàng,52 Nguyễn Số,Thừa Thiên Huế,VN,524643
4727,update,1743379200.0,06/06/1998,F,Anh Đặng,31 John Dãy,Vinh,VN,632112
1323,new,1743379200.0,11/08/1995,F,Hưng Hoàng Phạm,587 Phạm Dãy,Quảng Ninh,VN,840263
2036,update,1743465600.0,01/07/2005,F,Ông Châu Hoàng,3 Trần Tổ,Cần Thơ,VN,645700
2982,new,1743465600.0,16/07/1981,F,Cô Thành Phạm,922 Bùi Số,Nghệ An,VN,310202
3695,update,1743465600.0,14/08/2006,F,Bác Dũng Trần,81 Mai Ngõ,Vinh,VN,955181
2815,new,1743465600.0,20/02/2000,M,Bảo Thế Đặng,680 John Đường,Khánh Hòa,VN,558636
3845,new,1743465600.0,18/08/1984,F,Châu Xuân Lê,81 Dương Hẻm,Bà Rịa - Vũng Tàu,VN,622453
4404,new,1743465600.0,24/04/1982,M,Nhật Hữu Hoàng,9 Jane Khu,Hải Dương,VN,621721
1802,new,1743465600.0,25/08/1998,M,Bác Quang Mai,934 Trần Tổ,Khánh Hòa,VN,939964
3784,new,1743465600.0,11/05/1992,F,Nhật Dương,249 Nguyễn Số,Hải Phòng,VN,409378
2681,new,1743552000.0,17/06/1965,F,Phương Thế Hoàng,6 Jane Dãy,Cần Thơ,VN,891116
4039,new,1743552000.0,12/03/2007,M,Khoa Quang Phạm,7 Mai Hẻm,Đồng Nai,VN,636271
4339,new,1743552000.0,14/06/1998,F,Trọng Bùi,974 Nguyễn Dãy,Lâm Đồng,VN,541157
3787,update,1743552000.0,30/07/1999,F,Yến Trần,2 John Hẻm,Vinh,VN,971478
3564,new,1743552000.0,08/05/2004,F,Quang Văn Đặng,59 Nguyễn Đường,Nghệ An,VN,561428
1114,new,1743638400.0,15/08/1985,F,Anh Dương,919 John Ngõ,Hà Nội,VN,348118
1314,new,1743638400.0,27/04/2000,F,Quý cô Thành Phạm,48 Nguyễn Tổ,Bà Rịa - Vũng Tàu,VN,756796
2694,new,1743638400.0,09/02/1981,M,Linh Bùi,131 John Khu,Đồng Nai,VN,951278
3559,update,1743638400.0,14/06/1986,M,Quý cô Hải Nguyễn,628 Dương Ngõ,Đà Nẵng,VN,296966
1300,new,1743638400.0,14/09/2000,M,Chị Lan Mai,39 Phạm Đường,Bình Dương,VN,675847
1658,update,1743638400.0,21/04/1968,F,Cô Xuân Vũ,0 Mai Tổ,Lâm Đồng,VN,454955
1148,update,1743638400.0,23/08/1979,F,Ngọc Nguyễn,6 Lê Khu,Lâm Đồng,VN,187083
3088,new,1743724800.0,11/08/1981,M,Chi Mai,7 John Ngõ,Nghệ An,VN,655286
4308,new,1743724800.0,12/04/1996,M,Hà Đức Đặng,668 Phạm Dãy,Bình Dương,VN,310111
4465,new,1743724800.0,11/09/2007,M,Cô Khoa Lê,4 Trần Tổ,Khánh Hòa,VN,974458
1202,new,1743811200.0,16/06/2007,F,Phương Vũ,0 Hoàng Hẻm,Quảng Ninh,VN,787769
2306,new,1743811200.0,17/03/1986,M,Phương Trần,16 Hoàng Tổ,Cần Thơ,VN,220892
3546,new,1743811200.0,28/01/2003,F,Quý cô Nhật Hoàng,0 John Ngõ,Đồng Nai,VN,876704
3329,new,1743811200.0,08/11/1983,F,Bác Nam Vũ,4 John Khu,Hồ Chí Minh,VN,465495
4063,new,1743811200.0,16/11/1971,F,Lâm Đức Đặng,14 Jane Hẻm,Thừa Thiên Huế,VN,762281
4158,new,1743897600.0,19/07/1998,M,Chị Vân Vũ,066 John Tổ,Bắc Ninh,VN,193593
2124,new,1743897600.0,19/09/1988,F,Phương Xuân Bùi,8 Mai Số,Quảng Ninh,VN,155381
3995,new,1743897600.0,01/06/2007,F,Hải Bùi,7 Mai Đường,Hà Nội,VN,124293
1673,update,1743897600.0,27/03/2001,M,Quý cô Phương Trần,6 Đặng Ngõ,Huế,VN,415961
1072,new,1743897600.0,18/04/1997,F,Hạnh Lê,3 Jane Dãy,Hồ Chí Minh,VN,991015
4721,update,1743897600.0,07/07/2004,M,Thành Mai Bảo Đặng,655 John Đường,Đồng Nai,VN,448992
3427,update,1743897600.0,15/05/2003,M,Quý ông Thành Lê,5 John Ngõ,Nha Trang,VN,684257
3299,new,1743897600.0,03/04/2002,M,Vi Vũ,468 Đặng Làng,Hà Nội,VN,641554
1164,new,1743897600.0,30/12/2007,M,Quang Trí Đặng,7 Jane Ngõ,Hồ Chí Minh,VN,918759
2194,new,1743984000.0,28/02/1989,F,Ngọc Dương,609 Jane Ngõ,Bắc Ninh,VN,539893
1975,new,1743984000.0,07/08/1996,M,Ông Dũng Hoàng,19 Mai Tổ,Đà Nẵng,VN,400534
2952,new,1743984000.0,08/08/1999,M,Chị Lan Nguyễn,54 Lê Số,Cần Thơ,VN,924891
3662,update,1743984000.0,06/10/2001,F,Quý cô Vân Hoàng,23 Jane Tổ,Bắc Ninh,VN,792520
4500,new,1743984000.0,08/12/1997,F,Bảo Vũ,9 Phạm Tổ,Thừa Thiên Huế,VN,258239
2936,new,1744070400.0,31/08/2005,M,Khoa Hữu Bùi,781 John Tổ,Bà Rịa - Vũng Tàu,VN,728813
2676,update,1744070400.0,04/11/1980,F,Hoàng Thị Hoàng,2 Lê Khu,Bắc Ninh,VN,143553
1214,new,1744070400.0,12/01/1989,F,Nam Vũ,6 John Ngõ,Quảng Ninh,VN,149766
3355,new,1744070400.0,05/03/1998,F,Cô Thành Lê,0 Nguyễn Khu,Hồ Chí Minh,VN,365346
2750,new,1744070400.0,30/06/2006,F,Chị Chi Vũ,180 Lê Hẻm,Thừa Thiên Huế,VN,213983
1734,new,1744070400.0,04/06/1996,F,Châu Phạm,21 Jane Khu,Hải Phòng,VN,737744
2096,update,1744070400.0,28/11/1982,F,Quý cô Vi Bùi,6 Nguyễn Làng,Hải Phòng,VN,335087
1534,new,1744156800.0,28/03/2005,M,Kim Nguyễn,90 Lê Ngõ,Khánh Hòa,VN,306344
1355,new,1744156800.0,24/10/2001,F,Thành Hải Nguyễn,33 Vũ Hẻm,Hải Phòng,VN,142383
2464,new,1744156800.0,13/02/2006,F,Nhật Đức Đặng,78 Hoàng Tổ,Lâm Đồng,VN,133638
1930,new,1744156800.0,30/07/2007,F,Minh Mai Đặng,00 Trần Hẻm,Quảng Ninh,VN,547491
4812,new,1744243200.0,17/11/2002,M,Cô Kim Vũ,579 John Khu,Khánh Hòa,VN,921041
3686,new,1744243200.0,24/10/2001,F,Ông Nam Mai,32 Đặng Ngõ,Cần Thơ,VN,488508
2746,new,1744243200.0,14/01/1994,F,Vân Vũ,8 John Làng,Đồng Nai,VN,688199
4767,new,1744243200.0,01/05/1982,F,Quý cô Hải Đặng,441 John Ngõ,Bắc Ninh,VN,555360
2328,new,1744243200.0,17/04/1987,M,Kim Phạm,8 John Làng,Khánh Hòa,VN,188954
3322,new,1744329600.0,23/01/2004,M,Chị Ngọc Đặng,62 Phạm Hẻm,Đà Nẵng,VN,885609
1818,new,1744329600.0,04/05/1985,M,Hương Lê,79 Dương Làng,Đồng Nai,VN,446497
4033,update,1744329600.0,23/09/1998,F,Lâm Văn Dương,4 Mai Khu,Khánh Hòa,VN,995034
1342,new,1744329600.0,19/04/1987,M,Tú Trí Mai,63 Hoàng Số,Hồ Chí Minh,VN,156003
1020,new,1744329600.0,11/12/1966,F,Cô Hồng Phạm,693 Nguyễn Ngõ,Hồ Chí Minh,VN,108104
2112,new,1744329600.0,17/01/1997,F,Bác Tú Dương,531 Dương Số,Cần Thơ,VN,940669
4987,new,1744329600.0,16/01/1998,M,Tú Đặng,3 John Số,Quảng Ninh,VN,706577
2990,new,1744329600.0,29/08/1985,M,Thành Phú Phạm,4 Jane Số,Hồ Chí Minh,VN,293561
4319,new,1744416000.0,13/08/1976,M,Nhật Mai,53 Jane Số,Bình Dương,VN,656897
2356,new,1744416000.0,24/10/2000,F,Nam Lê,31 Dương Ngõ,Quảng Ninh,VN,308752
2709,new,1744502400.0,16/12/1995,F,Nhật Lê,1 John Hẻm,Bà Rịa - Vũng Tàu,VN,480577
3394,new,1744502400.0,17/09/1996,F,Hoàng Thế Nguyễn,292 Phạm Ngõ,Hồ Chí Minh,VN,428606
3291,new,1744502400.0,17/08/1977,M,Quý cô Hạnh Đặng,92 John Khu,Bắc Ninh,VN,295261
1072,update,1744502400.0,18/04/1997,F,Cô Xuân Đặng,3 Jane Dãy,Hồ Chí Minh,VN,991015
4451,update,1744502400.0,03/08/1997,M,Châu Văn Mai,9 Bùi Làng,Vinh,VN,512574
1745,update,1744588800.0,30/01/1984,F,Nhật Lê,9 Trần Hẻm,Hà Nội,VN,515037
1114,update,1744588800.0,15/08/1985,F,Anh Dương,8 John Làng,Hải Phòng,VN,149433
3553,new,1744588800.0,12/12/2007,M,Quý cô Yến Đặng,50 Trần Làng,Bà Rịa - Vũng Tàu,VN,695918
1500,new,1744675200.0,03/10/2007,M,Cô Linh Mai,41 Bùi Hẻm,Hải Dương,VN,609969
1253,new,1744675200.0,15/03/2005,M,Thành Văn Nguyễn,617 John Làng,Thừa Thiên Huế,VN,348527
1963,update,1744675200.0,01/07/1972,M,Cô Hồng Lê,9 Nguyễn Đường,Huế,VN,381256
3920,new,1744675200.0,25/09/2002,F,Thành Dương,323 Phạm Dãy,Bắc Ninh,VN,487847
4647,new,1744675200.0,27/06/1981,M,Bà Yến Phạm,48 Mai Hẻm,Hồ Chí Minh,VN,523877
3421,new,1744675200.0,19/12/2005,F,Tú Bảo Nguyễn,28 Đặng Khu,Bình Dương,VN,399450
2086,new,1744675200.0,05/07/1980,F,Chị Nhật Dương,3 Bùi Dãy,Quảng Ninh,VN,230501
2243,new,1744675200.0,22/04/1990,M,Anh Trung Hoàng,227 John Số,Khánh Hòa,VN,441218
2297,update,1744675200.0,24/06/2000,F,Châu Trí Nguyễn,724 Mai Dãy,Vinh,VN,540629
1926,new,1744675200.0,24/03/2003,F,Cô Khoa Hoàng,25 Bùi Đường,Đà Nẵng,VN,173405
2530,new,1744761600.0,17/05/1990,M,Dũng Hoàng,7 John Làng,Bắc Ninh,VN,482159
2447,new,1744761600.0,23/07/1991,F,Cô Ánh Trần,55 Trần Hẻm,Cần Thơ,VN,649338
1919,new,1744761600.0,15/02/1992,F,Ông Anh Bùi,6 John Tổ,Lâm Đồng,VN,728970
1588,new,1744848000.0,12/09/1990,M,Bà Kim Đặng,7 Nguyễn Đường,Bà Rịa - Vũng Tàu,VN,768267
3462,new,1744848000.0,15/11/2002,F,Hà Dương,33 Jane Dãy,Bình Dương,VN,770898
1787,new,1744848000.0,18/02/2001,F,Bảo Phạm,9 Jane Tổ,Bình Dương,VN,266127
4438,new,1744848000.0,17/01/2006,M,Bà Khoa Đặng,1 John Khu,Bình Dương,VN,863220
3801,new,1744848000.0,17/10/2006,F,Nhật Trí Dương,1 Bùi Làng,Hải Dương,VN,649483
1140,update,1744934400.0,15/07/1986,M,Thảo Nguyễn,54 John Khu,Khánh Hòa,VN,897879
2674,new,1744934400.0,28/04/1973,F,Bà Thảo Lê,322 Jane Ngõ,Bình Dương,VN,983761
1320,new,1744934400.0,04/09/2001,F,Cô Nhật Bùi,0 John Hẻm,Nghệ An,VN,464074
1099,new,1744934400.0,23/02/1985,F,Quang Thế Hoàng,5 Vũ Khu,Bình Dương,VN,290967
1546,new,1745020800.0,07/04/2006,M,Kim Trần,25 Lê Ngõ,Bắc Ninh,VN,280859
1937,new,1745020800.0,10/05/2006,F,Ông Huy Đặng,2 Vũ Hẻm,Đà Nẵng,VN,759800
4160,new,1745020800.0,01/12/2000,F,Chị Hương Nguyễn,4 Jane Dãy,Bình Dương,VN,917352
3042,update,1745020800.0,22/11/2002,F,Phương Văn Lê,44 Nguyễn Làng,Cần Thơ,VN,137765
4385,update,1745107200.0,05/08/1999,M,Thảo Đặng,43 John Dãy,Hải Phòng,VN,632365
4106,update,1745107200.0,26/10/2003,F,Anh Hoàng Dương,30 Lê Làng,Đà Nẵng,VN,933933
1589,new,1745107200.0,23/04/1992,F,Chị Nhật Trần,12 Jane Ngõ,Quảng Ninh,VN,146197
3185,new,1745107200.0,06/05/1971,F,Cô Lan Hoàng,8 John Hẻm,Bà Rịa - Vũng Tàu,VN,501059
4035,new,1745193600.0,15/09/1998,F,Dũng Hải Nguyễn,59 Jane Tổ,Đồng Nai,VN,516650
1573,new,1745193600.0,29/06/1991,M,Anh Trung Phạm,68 John Khu,Hải Dương,VN,452438
4423,update,1745193600.0,13/06/2005,F,Chị An Phạm,819 Jane Hẻm,Hà Nội,VN,246743
3306,update,1745193600.0,23/11/1990,F,An Vũ,0 John Hẻm,Đồng Nai,VN,518415
4784,update,1745193600.0,26/02/1998,M,Phương Xuân Lê,175 Jane Đường,Huế,VN,217017
4619,new,1745193600.0,23/05/2007,M,Bảo Trí Nguyễn,64 Jane Khu,Bình Dương,VN,685692
1287,update,1745280000.0,29/04/2006,F,Ánh Mai,42 Hoàng Đường,Thừa Thiên Huế,VN,917920
4177,new,1745280000.0,10/01/1989,M,Vân Phạm,1 Phạm Tổ,Bình Dương,VN,777931
2843,new,1745280000.0,28/11/2000,M,Quý ông Nam Mai,770 Jane Làng,Hải Dương,VN,931525
4673,new,1745280000.0,02/01/1997,M,Duyên Bùi,87 Jane Ngõ,Bình Dương,VN,687901
3060,new,1745280000.0,12/03/1995,M,Khoa Quang Dương,508 Jane Dãy,Lâm Đồng,VN,842989
2150,new,1745280000.0,03/09/2002,M,Ông Vũ Nguyễn,45 Nguyễn Đường,Đồng Nai,VN,412590
3903,new,1745280000.0,11/02/2003,F,Linh Lê,1 Phạm Tổ,Hà Nội,VN,342524
3431,new,1745366400.0,02/11/1984,F,Anh Hoàng,900 Dương Đường,Bình Dương,VN,610523
3222,new,1745366400.0,01/04/1993,M,Bảo Mai,2 Jane Hẻm,Khánh Hòa,VN,261474
4682,new,1745366400.0,18/10/1994,M,Thành Mai Bảo Nguyễn,4 John Số,Bắc Ninh,VN,932757
3686,update,1745366400.0,24/10/2001,F,Ông Nam Mai,4 John Ngõ,Hồ Chí Minh,VN,485493
2867,new,1745452800.0,31/05/1982,M,Nhiên Phạm,20 John Làng,Đà Nẵng,VN,911924
2164,new,1745452800.0,10/04/1990,F,Quý cô Khoa Lê,46 Jane Làng,Nghệ An,VN,625182
4903,update,1745452800.0,27/06/1971,F,Trung Hoàng,4 Lê Đường,Nha Trang,VN,698258
3390,new,1745452800.0,07/07/1999,M,Nhật Hoàng,443 Jane Số,Hồ Chí Minh,VN,848752
4140,update,1745452800.0,11/05/1990,M,Nhật Bùi,8 John Tổ,Nghệ An,VN,727938
4849,new,1745452800.0,04/05/1992,M,Hương Phạm,29 Jane Ngõ,Lâm Đồng,VN,240839
4137,new,1745452800.0,05/02/1988,M,Chị Phương Dương,653 Trần Dãy,Đồng Nai,VN,257366
4027,new,1745452800.0,13/12/1979,M,Duyên Hoàng,8 Dương Ngõ,Đồng Nai,VN,645331
3038,new,1745452800.0,11/05/1995,M,Cô Hương Trần,2 Vũ Làng,Đồng Nai,VN,718216
2099,new,1745539200.0,16/08/1977,M,Anh Vũ Bùi,4 John Tổ,Lâm Đồng,VN,286604
2203,new,1745539200.0,20/08/2005,M,Hà Phú Nguyễn,74 Đặng Làng,Đồng Nai,VN,500333
1325,new,1745539200.0,25/12/2002,M,Ông Nam Lê,6 Vũ Làng,Thừa Thiên Huế,VN,777520
1363,update,1745539200.0,19/01/1991,M,Nhật Bảo Nguyễn,13 Bùi Ngõ,Hồ Chí Minh,VN,709513
3218,new,1745539200.0,21/02/2000,M,Huy Phạm,052 Vũ Số,Đà Nẵng,VN,796405
4741,update,1745539200.0,20/02/1968,M,Lâm Mai,1 Jane Hẻm,Đà Nẵng,VN,473426
2542,new,1745539200.0,29/04/2003,M,Bác Khoa Đặng,94 John Đường,Đồng Nai,VN,833115
1845,new,1745625600.0,03/02/2004,M,Tú Đặng,200 John Làng,Lâm Đồng,VN,289417
2039,new,1745625600.0,17/07/2003,M,Cô Hải Dương,498 Jane Khu,Thừa Thiên Huế,VN,472227
2051,new,1745625600.0,25/03/1986,F,Vân Trần,4 Đặng Đường,Nghệ An,VN,141608
4935,update,1745625600.0,26/07/1998,M,Phương Đức Hoàng,5 Jane Tổ,Đà Nẵng,VN,225812
3023,new,1745712000.0,14/01/1999,M,Ánh Hoàng,076 Jane Ngõ,Lâm Đồng,VN,460732
4294,new,1745712000.0,15/05/2007,F,Cô Khoa Hoàng,511 Dương Dãy,Hà Nội,VN,558176
1267,new,1745712000.0,25/06/2004,M,Bà Yến Bùi,05 Phạm Dãy,Đồng Nai,VN,288979
1401,new,1745712000.0,13/02/1999,F,Nhật Nguyễn,55 Jane Dãy,Bình Dương,VN,845747
2419,new,1745712000.0,11/11/1986,M,Duyên Hoàng,654 Vũ Ngõ,Đồng Nai,VN,817950
1986,new,1745712000.0,28/04/2001,F,Bác Anh Bùi,056 Trần Đường,Hà Nội,VN,334402
2448,new,1745798400.0,18/07/1999,F,Quý cô Vân Bùi,5 Dương Làng,Đà Nẵng,VN,550778
3497,update,1745798400.0,18/03/1998,F,Nam Dương,7 John Tổ,Lâm Đồng,VN,691440
3568,new,1745798400.0,15/10/1997,F,Bà Ánh Trần,63 Jane Tổ,Thừa Thiên Huế,VN,776222
4344,new,1745798400.0,30/10/1999,M,Quang Dương,246 Trần Làng,Bình Dương,VN,107602
1305,new,1745798400.0,22/04/1971,M,Quý cô Lâm Bùi,04 Jane Dãy,Hồ Chí Minh,VN,651251
4907,new,1745798400.0,03/08/2002,F,Thành Trí Dương,10 John Dãy,Đà Nẵng,VN,495923
2500,new,1745884800.0,02/04/1989,M,Bác Tú Nguyễn,883 Trần Làng,Bắc Ninh,VN,182600
3894,new,1745884800.0,06/04/1998,F,Cô Nhật Phạm,5 Jane Làng,Bình Dương,VN,865215
4425,new,1745884800.0,10/05/2004,F,Quang Mai Mai,242 Dương Hẻm,Bắc Ninh,VN,351888
4650,update,1745884800.0,01/02/2005,F,Nhật Trí Lê,7 Vũ Làng,Hà Nội,VN,896155
1431,new,1745884800.0,24/01/2001,M,Quang Dương,4 Lê Số,Hồ Chí Minh,VN,427488
3789,new,1745884800.0,28/09/2002,M,Cô Hạnh Vũ,73 Dương Ngõ,Quảng Ninh,VN,642582
4963,new,1745884800.0,17/09/1969,M,Nhiên Trí Lê,999 Jane Ngõ,Cần Thơ,VN,451248
4603,new,1745884800.0,26/05/2001,M,Trọng Lê,89 Phạm Số,Bình Dương,VN,364054
4517,update,1745884800.0,29/12/2002,M,Quý cô Dương Bùi,78 Hoàng Dãy,Bắc Ninh,VN,391110
2314,new,1745884800.0,28/08/2000,F,Cô Khoa Đặng,0 Mai Làng,Hải Phòng,VN,761814
3357,new,1745884800.0,09/02/1983,F,Bà Vi Hoàng,006 Hoàng Làng,Hải Phòng,VN,204866
4696,new,1745971200.0,25/12/1997,M,Khoa Hải Đặng,618 John Tổ,Đồng Nai,VN,926090
4733,update,1745971200.0,05/08/1983,F,Quý ông Khoa Phạm,3 Jane Tổ,Vinh,VN,929377
4108,new,1745971200.0,05/08/1996,F,Chị Vân Vũ,6 Mai Đường,Lâm Đồng,VN,979124
2852,update,1745971200.0,12/07/1971,F,Vân Bùi,74 Phạm Hẻm,Đà Nẵng,VN,329958
3560,new,1746057600.0,25/11/2004,F,Dũng Thị Vũ,5 John Đường,Hồ Chí Minh,VN,877368
1271,new,1746057600.0,24/02/1970,F,Châu Vũ,075 Jane Hẻm,Hải Dương,VN,321820
2104,new,1746057600.0,04/01/1998,F,Ông Hoàng Hoàng,8 John Khu,Thừa Thiên Huế,VN,975441
3271,new,1746057600.0,18/03/1995,M,Phương Đặng,9 Lê Dãy,Bắc Ninh,VN,197304
2798,new,1746144000.0,01/05/1996,M,Bảo Dương,7 Vũ Ngõ,Bắc Ninh,VN,330056
2209,new,1746144000.0,16/04/1988,M,Tú Bùi,536 Đặng Đường,Hải Phòng,VN,437006
4341,new,1746144000.0,09/08/1969,F,Tùng Xuân Lê,963 Lê Dãy,Bà Rịa - Vũng Tàu,VN,832150
2745,new,1746144000.0,25/09/1997,M,Linh Đặng,228 John Dãy,Bắc Ninh,VN,922063
1078,new,1746144000.0,14/12/2006,F,Anh Minh Đặng,75 John Tổ,Thừa Thiên Huế,VN,611383
4922,update,1746144000.0,05/12/2005,M,Bác Hưng Đặng,46 John Đường,Cần Thơ,VN,498384
3601,new,1746144000.0,17/05/1986,F,Chị Vân Lê,500 Đặng Khu,Bà Rịa - Vũng Tàu,VN,485642
3248,new,1746230400.0,02/10/1997,F,Ông Quang Hoàng,394 John Số,Hải Dương,VN,860906
1592,new,1746230400.0,07/03/1996,F,Hồng Trần,6 Vũ Khu,Hải Phòng,VN,742589
1618,update,1746230400.0,09/08/2003,F,Khoa Hữu Trần,7 Jane Hẻm,Đà Nẵng,VN,792157
2146,new,1746230400.0,07/10/1997,M,Cô Thảo Mai,47 Phạm Khu,Hải Phòng,VN,186282
1752,new,1746230400.0,14/08/1996,F,Chị Hồng Trần,5 Nguyễn Dãy,Hải Dương,VN,638130
2870,new,1746230400.0,29/07/1993,F,Bảo Hoàng,854 Nguyễn Số,Hồ Chí Minh,VN,124471
3596,update,1746230400.0,18/02/1989,F,Lan Dương,750 Hoàng Hẻm,Hồ Chí Minh,VN,470647
1179,new,1746316800.0,16/01/1971,F,Nhật Trí Bùi,55 Vũ Dãy,Hải Dương,VN,982378
4989,new,1746316800.0,04/08/1983,F,Cô Dương Mai,78 Bùi Đường,Hải Phòng,VN,598261
3897,new,1746316800.0,27/06/1995,M,Hưng Phú Dương,43 John Hẻm,Khánh Hòa,VN,133993
1824,new,1746316800.0,04/05/1992,F,Hải Mai Vũ,5 Jane Khu,Hồ Chí Minh,VN,559456
3076,update,1746316800.0,20/03/2004,M,Dũng Đặng,9 Mai Hẻm,Đà Nẵng,VN,582637
1382,new,1746403200.0,21/03/1999,M,Hà Trần,54 Nguyễn Đường,Lâm Đồng,VN,925209
1844,new,1746403200.0,09/05/2007,F,Nhật Bùi,407 Jane Số,Đà Nẵng,VN,307452
2226,update,1746403200.0,14/07/1987,F,Nhiên Hoàng Đặng,24 John Làng,Hải Phòng,VN,962754
3899,new,1746403200.0,31/03/1982,F,Vũ Bảo Lê,3 Jane Làng,Quảng Ninh,VN,122991
1069,update,1746403200.0,19/12/2001,F,Quý ông Thành Vũ,8 Jane Số,Hà Nội,VN,535436
4601,update,1746489600.0,06/03/1984,F,Hưng Hải Nguyễn,825 Dương Tổ,Huế,VN,182124
2007,new,1746489600.0,11/11/2006,M,Lâm Lê,75 Vũ Dãy,Bắc Ninh,VN,997694
2511,new,1746489600.0,29/09/1978,F,Minh Thế Mai,956 John Tổ,Khánh Hòa,VN,704951
4909,update,1746489600.0,25/05/1996,M,Nhật Vũ,408 Jane Đường,Đồng Nai,VN,444608
1042,new,1746489600.0,15/12/1997,F,Nhật Tấn Nguyễn,9 Bùi Đường,Lâm Đồng,VN,204108
2526,new,1746489600.0,09/11/1995,F,Chị Hồng Vũ,6 John Hẻm,Hải Dương,VN,520182
3104,new,1746489600.0,16/03/2003,F,Lâm Đặng,4 John Ngõ,Đồng Nai,VN,466687
4869,new,1746576000.0,03/03/2000,F,Lâm Tấn Trần,73 John Khu,Hải Dương,VN,279182
2635,new,1746576000.0,02/08/1995,F,Phương Phạm,468 Jane Đường,Hải Dương,VN,900524
1449,new,1746576000.0,08/12/1979,F,Tùng Mai Bảo Phạm,7 John Hẻm,Đà Nẵng,VN,990272
2432,update,1746576000.0,05/10/2000,M,Tú Thị Trần,09 Dương Dãy,Vinh,VN,867107
3236,new,1746576000.0,05/12/2006,F,Khoa Trần,29 Hoàng Dãy,Bà Rịa - Vũng Tàu,VN,677714
4862,new,1746576000.0,19/05/1987,M,Cô Kim Nguyễn,00 John Khu,Lâm Đồng,VN,106704
1874,new,1746662400.0,29/04/1997,F,Chi Trần,523 John Làng,Đà Nẵng,VN,253691
2336,new,1746662400.0,08/02/2004,F,Hoàng Quang Trần,1 Jane Khu,Quảng Ninh,VN,190047
4556,new,1746662400.0,04/08/1986,F,Anh Phúc Hoàng,64 Nguyễn Số,Hà Nội,VN,223522
4447,new,1746662400.0,29/10/1977,F,Khoa Trần,887 John Hẻm,Thừa Thiên Huế,VN,717492
1265,update,1746662400.0,11/05/2005,M,Hà Mai Phạm,9 John Ngõ,Vinh,VN,729097
2680,new,1746662400.0,13/03/2003,F,Nhật Hải Vũ,7 Mai Làng,Bắc Ninh,VN,195314
2658,new,1746662400.0,10/10/2001,F,Chị Ngọc Mai,445 John Dãy,Cần Thơ,VN,556990
2581,new,1746662400.0,19/04/1993,F,Lâm Dương,686 John Hẻm,Lâm Đồng,VN,984076
3280,new,1746748800.0,11/06/1996,F,Chị Vi Phạm,9 Jane Tổ,Hải Phòng,VN,588948
2652,new,1746748800.0,22/05/1987,F,Nhiên Hoàng,3 Dương Hẻm,Đà Nẵng,VN,444776
2248,new,1746748800.0,05/06/1996,F,Kim Trí Mai,9 Hoàng Làng,Bà Rịa - Vũng Tàu,VN,376795
1848,update,1746748800.0,08/01/1999,M,Bà Hải Đặng,1 John Đường,Đồng Nai,VN,669615
2994,update,1746748800.0,04/11/2002,M,Anh Nam Dương,77 Jane Ngõ,Hà Nội,VN,816179
1830,new,1746748800.0,02/02/1976,F,Cô Ngọc Lê,482 John Khu,Đà Nẵng,VN,431034
2419,update,1746835200.0,11/11/1986,M,Ánh Lê,654 Vũ Ngõ,Đồng Nai,VN,817950
4213,new,1746835200.0,09/01/2005,F,Trọng Mai,19 Lê Dãy,Đồng Nai,VN,456756
2699,new,1746835200.0,05/10/1999,M,Cô Nhật Mai,7 Dương Dãy,Khánh Hòa,VN,766560
1130,new,1746835200.0,28/11/2005,F,Quang Đức Dương,4 Dương Đường,Bà Rịa - Vũng Tàu,VN,801938
1798,new,1746835200.0,24/02/2004,F,Quang Trần,253 Trần Dãy,Lâm Đồng,VN,803573
4885,update,1746921600.0,24/07/1984,M,Minh Trí Lê,215 Đặng Ngõ,Hải Phòng,VN,475407
4031,new,1746921600.0,03/03/1997,F,Bác Trọng Vũ,424 Hoàng Tổ,Đà Nẵng,VN,274520
4725,new,1746921600.0,10/05/1967,F,Duyên Phạm,0 Jane Dãy,Nghệ An,VN,886954
2798,update,1746921600.0,01/05/1996,M,Bảo Dương,7 Jane Số,Đà Nẵng,VN,868034
3353,new,1746921600.0,29/07/1991,M,Quý cô Vân Trần,66 John Ngõ,Thừa Thiên Huế,VN,211693
3361,new,1746921600.0,06/06/2001,M,Chị Hải Đặng,62 Nguyễn Dãy,Quảng Ninh,VN,462823
1578,update,1747008000.0,01/05/1983,M,Bảo Hoàng,790 Jane Làng,Đà Nẵng,VN,731574
1828,new,1747008000.0,26/01/1995,F,Tùng Nguyễn,4 Phạm Ngõ,Khánh Hòa,VN,840516
1269,update,1747008000.0,07/10/2007,M,Bà Kim Vũ,208 Đặng Đường,Đà Nẵng,VN,241746
1324,update,1747008000.0,07/02/1998,M,Thành Đức Đặng,7 Hoàng Hẻm,Đà Nẵng,VN,221776
4567,new,1747094400.0,10/06/2006,F,An Mai Bùi,171 Jane Tổ,Đà Nẵng,VN,410076
3892,new,1747094400.0,26/01/1984,M,Bác Bảo Dương,566 Dương Đường,Cần Thơ,VN,835838
4097,new,1747094400.0,19/04/2002,F,Cô Dương Trần,4 Bùi Làng,Quảng Ninh,VN,178531
3989,new,1747094400.0,14/01/2005,F,Lâm Phạm,2 Mai Ngõ,Hồ Chí Minh,VN,874069
1567,new,1747180800.0,07/12/2003,F,Chị Thành Lê,634 Bùi Khu,Bắc Ninh,VN,666060
4525,new,1747180800.0,01/07/2001,M,Chị Hương Vũ,34 John Tổ,Hải Dương,VN,443712
2559,new,1747180800.0,22/11/1994,M,Châu Xuân Vũ,985 Mai Tổ,Bắc Ninh,VN,285207
2804,update,1747180800.0,27/06/2006,M,Nhật Đặng,7 Jane Đường,Vinh,VN,330170
3591,new,1747180800.0,13/08/2000,F,Dũng Tấn Đặng,08 John Đường,Hà Nội,VN,555552
3555,new,1747180800.0,31/03/2005,M,Bác Quang Vũ,06 Jane Hẻm,Nghệ An,VN,679803
2716,update,1747180800.0,30/10/1996,M,Hương Đặng,491 Hoàng Làng,Nha Trang,VN,208809
1268,new,1747180800.0,15/07/1990,M,Chị Hương Dương,422 Phạm Tổ,Thừa Thiên Huế,VN,755465
1727,new,1747180800.0,27/09/1965,F,Ông Nhiên Bùi,4 Vũ Tổ,Thừa Thiên Huế,VN,885392
3737,new,1747267200.0,26/02/1995,F,Hưng Bùi,7 Trần Số,Hải Phòng,VN,260470
1914,new,1747267200.0,23/11/2003,M,An Trần,229 John Đường,Quảng Ninh,VN,280259
2329,update,1747267200.0,27/01/2003,M,Nam Mai Mai,5 Bùi Đường,Hà Nội,VN,701380
4041,update,1747267200.0,12/03/2007,M,Khoa Đặng,2 Mai Tổ,Huế,VN,352725
4984,update,1747267200.0,08/12/1997,M,Bảo Mai Bảo Vũ,978 Đặng Làng,Cần Thơ,VN,302495
4621,new,1747267200.0,04/02/2007,M,Quang Hoàng,0 Mai Ngõ,Nghệ An,VN,103125
3101,new,1747353600.0,08/02/1981,M,Bà Xuân Dương,256 John Số,Hải Dương,VN,139963
4488,new,1747353600.0,17/01/1992,M,Phương Lê,22 John Ngõ,Hải Phòng,VN,216481
4655,new,1747353600.0,27/04/1972,F,Nhật Xuân Mai,571 Jane Tổ,Đà Nẵng,VN,871382
3756,new,1747353600.0,01/10/2004,M,Vũ Văn Vũ,2 Jane Ngõ,Khánh Hòa,VN,596734
1899,new,1747353600.0,07/06/2004,M,Bảo Nguyễn,28 Lê Làng,Hải Phòng,VN,325239
3174,new,1747353600.0,29/04/1989,F,Quý ông Thành Vũ,121 John Số,Bắc Ninh,VN,400155
2485,new,1747353600.0,26/08/1997,F,Khoa Mai Bảo Dương,5 Phạm Tổ,Khánh Hòa,VN,522864
2643,new,1747353600.0,25/05/1980,M,Hà Mai Lê,9 John Tổ,Thừa Thiên Huế,VN,139227
3951,update,1747353600.0,21/06/1967,F,Phương Dương,6 John Ngõ,Cần Thơ,VN,105377
1774,new,1747353600.0,13/10/1989,F,Bà Hương Lê,338 John Tổ,Bình Dương,VN,909236
3459,new,1747353600.0,03/10/1992,M,Lâm Hải Mai,301 John Số,Lâm Đồng,VN,334953
2346,new,1747440000.0,24/07/1998,M,Hưng Phú Hoàng,678 Nguyễn Hẻm,Cần Thơ,VN,288226
4217,new,1747440000.0,27/07/1994,M,Thành Hoàng Mai,60 Đặng Tổ,Khánh Hòa,VN,581232
2147,update,1747440000.0,17/06/1997,M,Bác Minh Dương,90 Trần Số,Hà Nội,VN,159162
4851,new,1747440000.0,14/11/2000,F,Bảo Hoàng,94 Dương Đường,Bắc Ninh,VN,577853
2825,new,1747440000.0,24/02/1993,F,Quý cô Dương Mai,66 John Khu,Hải Dương,VN,712199
2041,new,1747440000.0,15/10/1996,F,Quý cô Hồng Mai,712 Nguyễn Dãy,Đà Nẵng,VN,550152
3482,new,1747440000.0,26/05/1999,M,Huy Lê,895 John Tổ,Quảng Ninh,VN,453798
2991,new,1747526400.0,15/11/1979,F,Châu Thị Đặng,207 Bùi Đường,Hà Nội,VN,693640
2004,new,1747526400.0,26/11/2000,M,Anh Trọng Trần,6 Jane Tổ,Hải Phòng,VN,239456
3826,update,1747526400.0,10/03/1990,M,Quý cô Phương Dương,9 Jane Số,Hồ Chí Minh,VN,911193
4464,new,1747526400.0,28/08/1995,M,Bác Huy Đặng,1 Bùi Đường,Bắc Ninh,VN,345373
1419,new,1747526400.0,31/08/2001,F,Bà Khoa Đặng,4 Lê Hẻm,Hải Dương,VN,601929
4557,new,1747526400.0,30/09/1997,M,Bác Vũ Phạm,10 Hoàng Hẻm,Hà Nội,VN,899648
2410,new,1747612800.0,14/08/2004,M,Thành Lê,18 Mai Khu,Đồng Nai,VN,697360
1860,update,1747612800.0,04/05/1971,F,Huy Thế Mai,44 Jane Dãy,Hải Dương,VN,406764
4713,new,1747612800.0,30/10/1995,M,Lâm Nguyễn,327 John Làng,Thừa Thiên Huế,VN,955692
1766,new,1747612800.0,13/10/2001,M,Huy Văn Bùi,66 John Dãy,Đà Nẵng,VN,465627
3693,new,1747612800.0,28/10/2005,M,Hương Lê,3 Jane Dãy,Đà Nẵng,VN,291081
1777,new,1747612800.0,19/08/1982,M,Chị Lan Đặng,003 John Ngõ,Quảng Ninh,VN,477572
3253,new,1747699200.0,16/10/1996,F,Anh Thành Mai,2 John Khu,Đà Nẵng,VN,694682
3203,new,1747699200.0,17/09/1992,F,Hải Hữu Vũ,503 Jane Hẻm,Hà Nội,VN,533153
3213,new,1747699200.0,21/11/1992,M,Vi Lê,56 Jane Đường,Bắc Ninh,VN,944657
3339,new,1747699200.0,09/08/2006,F,Châu Hải Phạm,509 Jane Tổ,Cần Thơ,VN,363275
2319,new,1747699200.0,07/04/1997,F,Duyên Phạm,8 Phạm Ngõ,Lâm Đồng,VN,236789
3194,new,1747699200.0,02/10/2003,M,Hà Đức Hoàng,03 John Khu,Nghệ An,VN,302460
1152,new,1747785600.0,27/04/1992,F,Huy Đặng,602 Hoàng Ngõ,Quảng Ninh,VN,675483
1400,new,1747785600.0,06/04/2007,F,Chị Xuân Nguyễn,520 Jane Khu,Bình Dương,VN,761606
4715,new,1747785600.0,07/01/1966,M,Minh Dương,657 John Làng,Hà Nội,VN,367157
1281,new,1747785600.0,29/04/1981,F,Dũng Thị Hoàng,69 Jane Làng,Khánh Hòa,VN,776101
4013,new,1747785600.0,17/05/1990,M,Vũ Mai Bảo Bùi,78 John Hẻm,Hải Dương,VN,552999
4767,update,1747785600.0,01/05/1982,F,Quý cô Hải Đặng,555 John Dãy,Hà Nội,VN,601801
4260,new,1747785600.0,25/12/2000,M,Ánh Vũ,304 Đặng Đường,Nghệ An,VN,788820
3190,update,1747785600.0,01/08/1995,F,Chị Duyên Trần,68 John Hẻm,Hải Dương,VN,416252
1040,new,1747785600.0,19/02/1990,F,Anh Thị Hoàng,8 Bùi Số,Bắc Ninh,VN,721846
4268,new,1747872000.0,02/10/1996,F,Bà Kim Mai,5 Vũ Tổ,Nghệ An,VN,381273
4227,update,1747872000.0,21/03/1987,M,Huy Đức Dương,22 John Hẻm,Quảng Ninh,VN,737998
1606,new,1747872000.0,22/04/1979,F,Quang Phạm,093 John Hẻm,Cần Thơ,VN,641822
2868,update,1747872000.0,30/11/1990,M,Thành Hải Dương,0 Phạm Số,Vinh,VN,785725
2653,new,1747872000.0,31/07/2007,M,Quý ông Trung Dương,792 Nguyễn Hẻm,Bà Rịa - Vũng Tàu,VN,597864
3005,new,1747958400.0,31/10/2005,M,Chị Nhật Mai,3 Jane Số,Bình Dương,VN,123035
3403,new,1747958400.0,04/11/1983,M,Bảo Mai,7 Đặng Số,Nghệ An,VN,946836
4554,new,1747958400.0,10/12/1996,F,Cô Ánh Dương,348 Jane Khu,Bắc Ninh,VN,777199
2502,new,1747958400.0,31/08/2004,F,Nhật Dương,227 Mai Tổ,Khánh Hòa,VN,527713
1135,update,1747958400.0,24/04/1992,M,Minh Lê,94 Lê Dãy,Đà Nẵng,VN,903899
3213,update,1747958400.0,21/11/1992,M,Quý cô Thảo Bùi,56 Jane Đường,Bắc Ninh,VN,944657
1823,new,1747958400.0,22/10/2003,F,Nhật Trí Mai,11 Jane Đường,Cần Thơ,VN,891468
4985,new,1747958400.0,04/07/2003,M,Anh Hoàng Trần,34 John Đường,Hải Phòng,VN,443958
3929,new,1747958400.0,11/12/1993,M,Bác Quang Phạm,8 Đặng Hẻm,Đồng Nai,VN,830573
2150,update,1747958400.0,03/09/2002,M,Ông Vũ Nguyễn,5 Bùi Làng,Hồ Chí Minh,VN,893232
2902,update,1748044800.0,01/11/1990,M,Hạnh Hữu Đặng,3 Vũ Khu,Đà Nẵng,VN,787455
3448,new,1748044800.0,06/08/1996,F,Phúc Phú Trần,66 John Làng,Cần Thơ,VN,207429
4190,new,1748044800.0,19/11/1984,M,Cô Xuân Mai,5 Phạm Ngõ,Hải Dương,VN,854461
1780,update,1748044800.0,21/09/2004,M,Vũ Hoàng,4 John Đường,Vinh,VN,604544
2527,new,1748044800.0,22/12/1980,M,Kim Quang Hoàng,3 Jane Dãy,Hải Phòng,VN,483103
3160,new,1748044800.0,04/12/2005,F,Ông Trung Trần,9 Dương Số,Hà Nội,VN,787804
4682,update,1748044800.0,18/10/1994,M,Thành Mai Bảo Nguyễn,937 Phạm Số,Hồ Chí Minh,VN,932337
4811,new,1748044800.0,22/05/1997,F,Vũ Vũ,625 Trần Số,Cần Thơ,VN,166570
1668,new,1748044800.0,14/08/1977,M,Chị Mai Bùi,46 Đặng Ngõ,Quảng Ninh,VN,435672
1757,update,1748044800.0,14/12/1996,M,Anh Nam Trần,623 Mai Dãy,Hải Dương,VN,270287
1035,new,1748131200.0,21/02/2000,F,Quý ông Trọng Vũ,7 Bùi Đường,Thừa Thiên Huế,VN,794771
1660,new,1748131200.0,25/07/1966,M,Quý ông Thành Phạm,5 Mai Làng,Hồ Chí Minh,VN,602486
4589,new,1748131200.0,07/01/1969,M,Chi Bùi,9 Jane Ngõ,Cần Thơ,VN,506718
1583,new,1748131200.0,26/12/2000,F,Hạnh Hoàng,0 John Hẻm,Nghệ An,VN,169535
4642,new,1748131200.0,09/04/1995,F,Anh Quang Lê,457 Phạm Dãy,Nghệ An,VN,976632
4680,update,1748131200.0,27/11/1986,M,Huy Bùi,717 Jane Khu,Huế,VN,194839
4586,update,1748131200.0,04/02/1965,M,Quý cô Kim Phạm,734 Vũ Ngõ,Nha Trang,VN,594367
1641,new,1748131200.0,19/07/1999,F,Nhật Phạm,06 Phạm Đường,Cần Thơ,VN,389740
1888,update,1748217600.0,11/02/1965,M,Dương Lê,75 Lê Số,Bà Rịa - Vũng Tàu,VN,697348
2277,new,1748217600.0,26/06/1968,M,Quý cô An Trần,321 Hoàng Ngõ,Đồng Nai,VN,476980
4655,update,1748217600.0,27/04/1972,F,Ánh Bùi,571 Jane Tổ,Đà Nẵng,VN,871382
3902,update,1748217600.0,29/12/1985,M,Chị An Mai,66 Jane Số,Quảng Ninh,VN,413725
2140,new,1748217600.0,08/04/1983,M,Anh Phúc Nguyễn,46 Bùi Hẻm,Đà Nẵng,VN,830118
4135,new,1748217600.0,12/03/1990,F,Hạnh Lê,98 Mai Dãy,Bà Rịa - Vũng Tàu,VN,899442
1034,new,1748304000.0,18/03/2002,M,Thành Trần,0 Trần Làng,Cần Thơ,VN,801787
3166,new,1748304000.0,22/01/1996,M,Chị Lâm Vũ,18 Jane Hẻm,Bà Rịa - Vũng Tàu,VN,454198
4561,new,1748304000.0,27/08/2005,M,Bảo Bùi,96 Jane Đường,Hà Nội,VN,143194
4047,new,1748304000.0,12/02/1994,M,Khoa Đức Phạm,3 Jane Làng,Hải Phòng,VN,579083
3503,new,1748304000.0,08/03/1990,M,Cô Thành Hoàng,8 Hoàng Số,Bà Rịa - Vũng Tàu,VN,761398
2453,new,1748304000.0,28/09/1985,F,Quý cô Hạnh Lê,5 Jane Số,Cần Thơ,VN,497211
2910,new,1748390400.0,24/02/1997,M,Ông Phúc Mai,08 John Hẻm,Bình Dương,VN,495733
1136,new,1748390400.0,03/03/2004,M,Cô Hải Mai,9 Bùi Đường,Đà Nẵng,VN,737876
4008,update,1748390400.0,09/03/1992,F,Lâm Lê,967 Vũ Ngõ,Hồ Chí Minh,VN,415562
4072,new,1748390400.0,01/04/1978,M,Nhiên Bùi,733 Hoàng Tổ,Bắc Ninh,VN,739232
3818,new,1748390400.0,21/12/1995,M,Duyên Phạm,8 John Ngõ,Hải Dương,VN,763183
4623,update,1748476800.0,24/02/1979,F,Nam Tấn Hoàng,325 John Số,Hà Nội,VN,335281
2943,new,1748476800.0,14/08/2004,F,Nhật Mai Bùi,24 Mai Hẻm,Thừa Thiên Huế,VN,587195
3628,update,1748476800.0,16/02/2004,M,Thành Trần,1 John Dãy,Đà Nẵng,VN,995801
2754,new,1748476800.0,27/06/2007,F,Linh Đặng,50 John Đường,Bình Dương,VN,423119
4506,new,1748476800.0,05/05/1999,M,Hưng Nguyễn,484 Vũ Hẻm,Khánh Hòa,VN,594137
1094,new,1748476800.0,20/01/2002,F,Chị Hương Dương,486 Đặng Đường,Nghệ An,VN,940067
1016,update,1748476800.0,06/06/1973,M,Quý cô Linh Lê,235 Jane Làng,Hải Dương,VN,328171
3007,update,1748476800.0,11/07/2006,M,Quang Trần,857 John Hẻm,Cần Thơ,VN,326950
4487,new,1748476800.0,29/05/1981,M,Chị Duyên Trần,7 Nguyễn Số,Khánh Hòa,VN,434879
3307,new,1748476800.0,06/08/1994,F,Anh Trí Bùi,7 Lê Dãy,Thừa Thiên Huế,VN,122142
3621,new,1748563200.0,03/06/1994,M,Châu Bùi,79 Hoàng Hẻm,Đồng Nai,VN,568086
4841,update,1748563200.0,23/01/2006,M,Anh Vũ Vũ,3 Dương Số,Hà Nội,VN,792722
4361,new,1748563200.0,15/09/2005,F,Quý cô Nhật Mai,2 Jane Tổ,Cần Thơ,VN,201682
3537,update,1748563200.0,12/01/1994,F,Hạnh Nguyễn,0 Mai Khu,Cần Thơ,VN,914812
3941,new,1748563200.0,19/07/1982,F,Chị Ánh Dương,4 Jane Đường,Hải Dương,VN,877132
2461,new,1748563200.0,11/03/1980,F,Hạnh Phạm,38 Trần Khu,Cần Thơ,VN,833333
3318,new,1748563200.0,01/11/2005,M,Quý ông Hưng Trần,579 Jane Số,Bắc Ninh,VN,667724
3294,new,1748649600.0,28/05/1995,M,Huy Hữu Nguyễn,21 Trần Ngõ,Thừa Thiên Huế,VN,310719
1335,new,1748649600.0,20/10/1997,F,Quý ông Nhiên Nguyễn,622 John Làng,Đồng Nai,VN,919237
4084,new,1748649600.0,05/02/1977,F,Hưng Tấn Dương,8 Nguyễn Số,Thừa Thiên Huế,VN,244414
4498,new,1748649600.0,12/01/1990,F,Bảo Bùi,366 Trần Làng,Đà Nẵng,VN,692722
2809,new,1748736000.0,04/08/2006,M,Bà Hà Phạm,5 Jane Tổ,Đà Nẵng,VN,348924
1642,new,1748736000.0,18/02/1996,M,Chị Hà Đặng,3 Lê Dãy,Hà Nội,VN,566384
3470,new,1748736000.0,12/04/2004,M,Bà Lan Lê,4 Đặng Số,Quảng Ninh,VN,236553
3994,update,1748736000.0,09/12/1993,F,Cô Hạnh Hoàng,1 John Tổ,Quảng Ninh,VN,647735
4572,update,1748822400.0,27/08/1987,M,An Phú Trần,3 Jane Số,Hải Phòng,VN,566116
3075,update,1748822400.0,02/06/1991,F,Cô Thảo Phạm,8 Jane Hẻm,Đà Nẵng,VN,462844
2250,new,1748822400.0,06/11/1992,F,Chị Nhật Bùi,76 Nguyễn Đường,Quảng Ninh,VN,758518
2630,new,1748822400.0,05/02/1966,F,Bảo Mai,4 Mai Ngõ,Thừa Thiên Huế,VN,538511
3797,new,1748822400.0,23/10/1992,M,Minh Hoàng Trần,30 Jane Ngõ,Đà Nẵng,VN,394950
4370,new,1748822400.0,11/09/1967,F,Bà Xuân Đặng,89 Jane Hẻm,Đà Nẵng,VN,830705
3869,new,1748822400.0,17/11/2004,F,Minh Mai Bùi,989 Jane Tổ,Hà Nội,VN,846082
2284,update,1748822400.0,09/12/1986,F,Bác Châu Mai,338 Phạm Làng,Quảng Ninh,VN,373506
1496,update,1748822400.0,15/07/2006,F,Bảo Thế Vũ,9 Dương Hẻm,Hồ Chí Minh,VN,926582
3999,new,1748908800.0,26/06/1995,M,Hạnh Đức Phạm,67 John Dãy,Thừa Thiên Huế,VN,862034
2066,new,1748908800.0,06/05/2001,M,Nhiên Vũ,073 Jane Khu,Bắc Ninh,VN,603622
4993,new,1748908800.0,25/10/1997,M,Hoàng Phạm,004 Jane Đường,Nghệ An,VN,773316
4130,new,1748908800.0,23/08/2005,M,Hải Đức Dương,18 John Dãy,Bình Dương,VN,142609
2259,update,1748908800.0,01/05/1998,M,Bác Nam Phạm,7 Trần Làng,Đồng Nai,VN,870571
2239,new,1748908800.0,26/03/1966,F,Cô Hồng Nguyễn,591 Phạm Làng,Khánh Hòa,VN,827951
1339,new,1748995200.0,06/07/1984,F,Dũng Hoàng,918 John Hẻm,Nghệ An,VN,143979
4435,update,1748995200.0,29/08/1970,M,Bác Vũ Vũ,4 Lê Đường,Hồ Chí Minh,VN,676925
3066,new,1748995200.0,12/03/1969,F,Nhật Phạm,89 John Tổ,Thừa Thiên Huế,VN,222432
4253,new,1748995200.0,05/08/1998,M,Quý cô Mai Phạm,344 Jane Hẻm,Đồng Nai,VN,543957
1897,update,1748995200.0,15/01/2006,M,Hoàng Hữu Vũ,66 Nguyễn Hẻm,Cần Thơ,VN,393239
2159,new,1748995200.0,30/05/1981,F,Cô Khoa Hoàng,337 Jane Dãy,Quảng Ninh,VN,564435
4573,new,1748995200.0,01/08/1991,F,Dũng Vũ,888 Jane Đường,Quảng Ninh,VN,332553
2002,new,1748995200.0,18/02/2004,M,Chị Hạnh Mai,3 Bùi Số,Khánh Hòa,VN,405945
2829,new,1749081600.0,12/07/2001,F,Nhiên Quang Phạm,023 Bùi Khu,Hồ Chí Minh,VN,674631
2984,new,1749081600.0,24/03/2005,F,Quý ông Anh Phạm,678 John Ngõ,Bình Dương,VN,655511
3527,new,1749081600.0,06/04/1996,F,Trọng Bảo Mai,29 Jane Hẻm,Quảng Ninh,VN,611113
3508,new,1749081600.0,13/08/2004,M,Hoàng Mai,96 Bùi Dãy,Cần Thơ,VN,376232
2711,update,1749081600.0,15/04/1998,M,Yến Nguyễn,54 Đặng Số,Hà Nội,VN,960228
3290,new,1749081600.0,31/08/2007,F,Cô Hà Đặng,141 Lê Khu,Hồ Chí Minh,VN,662877
3526,new,1749081600.0,12/12/1994,F,Nhật Mai Bảo Dương,5 Dương Đường,Hải Dương,VN,127927
1517,update,1749081600.0,17/11/1972,M,Cô Vi Đặng,4 Lê Số,Hồ Chí Minh,VN,943150
1981,update,1749168000.0,18/02/1997,F,Hải Hoàng,607 John Tổ,Đà Nẵng,VN,288454
2471,new,1749168000.0,17/11/1997,F,Lâm Dương,08 Trần Đường,Hải Dương,VN,993593
3024,new,1749168000.0,15/07/1986,M,Anh Đặng,5 Phạm Khu,Cần Thơ,VN,281123
3395,new,1749168000.0,07/02/2000,F,Hải Hoàng Hoàng,2 Mai Dãy,Hải Dương,VN,215285
4075,new,1749168000.0,30/04/2005,M,Quý cô An Phạm,476 Mai Khu,Hồ Chí Minh,VN,360195
3001,new,1749168000.0,02/08/2003,M,Cô Khoa Dương,2 Bùi Hẻm,Hải Dương,VN,362189
2715,new,1749168000.0,07/04/1992,M,Quý cô Vân Trần,006 Trần Hẻm,Nghệ An,VN,261560
4455,new,1749168000.0,08/08/1993,M,An Nguyễn,01 Bùi Làng,Hà Nội,VN,266799
3816,new,1749254400.0,15/08/1999,M,Quý cô Thảo Bùi,90 Trần Hẻm,Lâm Đồng,VN,775637
3583,new,1749254400.0,05/06/1998,F,Ông Tùng Nguyễn,54 John Tổ,Hà Nội,VN,187372
1331,update,1749254400.0,29/06/2002,M,Ông Thành Trần,31 Mai Hẻm,Hồ Chí Minh,VN,287760
1191,new,1749254400.0,10/09/1988,M,Anh Tùng Dương,2 Jane Làng,Đà Nẵng,VN,111498
2801,update,1749254400.0,30/10/2006,F,Anh Phúc Trần,5 Đặng Hẻm,Hồ Chí Minh,VN,491605
3220,new,1749254400.0,14/06/2000,M,An Tấn Mai,70 Jane Dãy,Hải Dương,VN,123842
4917,new,1749254400.0,09/04/1984,F,Chị Xuân Đặng,381 Hoàng Đường,Nghệ An,VN,193691
3379,new,1749340800.0,04/10/2003,M,Tú Hoàng Vũ,56 John Ngõ,Đồng Nai,VN,871369
1972,new,1749340800.0,06/10/1979,M,Cô Nhật Đặng,31 Jane Làng,Hải Phòng,VN,990371
4756,update,1749340800.0,30/05/2006,M,Quý ông Trung Đặng,474 Jane Làng,Nha Trang,VN,325245
1012,new,1749340800.0,25/09/1992,M,Quang Văn Hoàng,840 Phạm Hẻm,Quảng Ninh,VN,525616
4057,new,1749340800.0,23/08/1982,M,Cô Lâm Vũ,15 Mai Làng,Hồ Chí Minh,VN,190445
1847,new,1749340800.0,07/02/2006,F,Cô Ánh Vũ,6 John Khu,Hải Dương,VN,965889
1070,new,1749340800.0,30/08/1974,M,Trung Phú Hoàng,41 John Hẻm,Bà Rịa - Vũng Tàu,VN,873891
4066,new,1749340800.0,24/05/1994,M,Khoa Trần,3 Lê Số,Nghệ An,VN,247088
4301,new,1749340800.0,10/09/2002,M,Ngọc Dương,486 Dương Dãy,Quảng Ninh,VN,778584
1565,new,1749340800.0,25/11/1986,F,Cô Phương Phạm,374 Jane Đường,Hải Dương,VN,128566
4924,update,1749427200.0,06/02/2000,F,Khoa Hoàng,55 John Ngõ,Nghệ An,VN,799779
2756,new,1749427200.0,12/05/2004,F,Nhật Đặng,744 Jane Dãy,Đồng Nai,VN,714410
3610,update,1749427200.0,11/12/1974,M,Hà Phú Phạm,4 Hoàng Khu,Vinh,VN,163265
2632,update,1749427200.0,09/01/1998,F,Cô An Hoàng,058 Trần Đường,Đà Nẵng,VN,671413
2658,update,1749427200.0,10/10/2001,F,Xuân Mai,445 John Dãy,Cần Thơ,VN,556990
4349,new,1749427200.0,17/08/1992,M,Anh Vũ Mai,29 Đặng Hẻm,Bình Dương,VN,516385
2142,update,1749513600.0,26/10/2005,M,Ánh Vũ,64 John Khu,Bà Rịa - Vũng Tàu,VN,267833
2824,update,1749513600.0,15/07/1973,M,Quang Trí Phạm,261 Trần Ngõ,Hồ Chí Minh,VN,785868
3712,new,1749513600.0,28/10/1991,M,Bảo Hoàng,3 Phạm Dãy,Đà Nẵng,VN,786993
4677,update,1749513600.0,01/03/1976,F,Chị Yến Nguyễn,95 Vũ Khu,Nghệ An,VN,943135
2486,new,1749513600.0,08/10/2002,M,An Tấn Vũ,404 John Tổ,Hải Dương,VN,926911
1282,new,1749513600.0,23/10/1996,F,Phúc Trần,7 John Tổ,Bắc Ninh,VN,868623
3214,new,1749513600.0,12/04/2000,M,Nam Phú Vũ,52 Nguyễn Số,Hải Dương,VN,919482
3046,update,1749600000.0,06/03/1993,F,Châu Dương,8 Jane Số,Cần Thơ,VN,611121
4506,update,1749600000.0,05/05/1999,M,Quý cô Nhật Mai,484 Vũ Hẻm,Khánh Hòa,VN,594137
1058,update,1749600000.0,29/04/1999,F,Quý cô Hải Dương,5 John Dãy,Huế,VN,549325
4643,new,1749600000.0,03/12/1970,M,Bảo Vũ,484 John Tổ,Thừa Thiên Huế,VN,530075
1497,new,1749600000.0,18/06/2002,F,Ánh Lê,6 John Đường,Hải Dương,VN,366655
3641,update,1749600000.0,30/12/1994,M,Tùng Tấn Mai,587 Jane Tổ,Hải Phòng,VN,392637
4875,new,1749686400.0,01/09/1991,F,Linh Hoàng,3 Mai Tổ,Cần Thơ,VN,883833
3173,new,1749686400.0,09/12/1988,F,Quý cô Hải Đặng,47 John Số,Cần Thơ,VN,990917
3963,new,1749686400.0,22/03/2005,F,Anh Huy Mai,553 John Dãy,Lâm Đồng,VN,691412
4730,update,1749686400.0,16/10/2006,M,Mai Dương,3 Phạm Ngõ,Hà Nội,VN,234430
2438,new,1749686400.0,21/11/2003,M,Chị Nhật Dương,230 Hoàng Đường,Lâm Đồng,VN,932337
4871,new,1749686400.0,25/06/2007,M,Hải Trí Đặng,90 Bùi Khu,Khánh Hòa,VN,274375
3513,new,1749686400.0,14/09/2007,F,Ông Dũng Hoàng,1 John Tổ,Hải Dương,VN,474243
4494,new,1749772800.0,05/10/2003,F,Cô Thành Hoàng,033 John Hẻm,Bình Dương,VN,669703
4087,new,1749772800.0,10/09/1994,F,Bác Hoàng Dương,098 Mai Ngõ,Cần Thơ,VN,131297
1788,new,1749772800.0,04/09/1977,F,Ông Anh Nguyễn,844 Lê Ngõ,Hà Nội,VN,217536
3196,update,1749772800.0,01/03/1984,F,Phúc Lê,677 Đặng Dãy,Vinh,VN,256045
3239,update,1749859200.0,11/03/2004,M,Cô Mai Bùi,91 Jane Hẻm,Thừa Thiên Huế,VN,945454
1887,new,1749859200.0,05/09/1998,M,Bà Hà Đặng,76 Lê Đường,Đồng Nai,VN,716279
4017,new,1749859200.0,08/09/2003,F,Hà Hải Trần,015 Mai Hẻm,Khánh Hòa,VN,540305
4861,new,1749859200.0,10/09/2007,F,Lan Bùi,02 John Khu,Đồng Nai,VN,200962
1657,new,1749859200.0,10/10/2006,M,Cô Nhật Mai,845 John Ngõ,Lâm Đồng,VN,308969
2342,new,1749859200.0,27/01/2000,M,Hà Nguyễn,4 Phạm Tổ,Bà Rịa - Vũng Tàu,VN,987275
3901,update,1749859200.0,15/01/1980,M,Thành Xuân Bùi,1 Jane Hẻm,Hải Phòng,VN,343999
3861,new,1749859200.0,11/01/1989,M,Khoa Phạm,561 Bùi Dãy,Quảng Ninh,VN,371996
1925,new,1749859200.0,27/03/1967,F,Bà Nhật Dương,8 Mai Tổ,Bình Dương,VN,562561
2104,update,1749859200.0,04/01/1998,F,Ông Hoàng Hoàng,25 Jane Làng,Vinh,VN,363552
3603,update,1749859200.0,06/11/1998,M,Nhiên Dương,85 Phạm Khu,Hồ Chí Minh,VN,740817
4580,new,1749859200.0,06/10/1968,M,Nhật Bảo Phạm,04 Mai Đường,Lâm Đồng,VN,274199
4048,update,1749945600.0,24/07/1997,F,Anh Nam Dương,00 John Tổ,Quảng Ninh,VN,576809
1654,new,1749945600.0,20/05/1996,M,Dũng Tấn Vũ,19 Dương Khu,Hồ Chí Minh,VN,832071
2413,new,1749945600.0,07/04/2000,F,Kim Bảo Mai,8 Trần Ngõ,Khánh Hòa,VN,333220
2285,new,1749945600.0,11/12/1996,F,Tú Phạm,6 Đặng Hẻm,Bà Rịa - Vũng Tàu,VN,706536
3749,new,1749945600.0,31/03/1999,F,Bảo Vũ,133 John Tổ,Nghệ An,VN,791036
4638,new,1749945600.0,12/09/1986,F,Trọng Phú Dương,78 Hoàng Khu,Đồng Nai,VN,525488
2895,new,1749945600.0,03/03/2001,F,Hạnh Đặng,899 Jane Khu,Nghệ An,VN,126587
1886,update,1749945600.0,22/11/2001,F,Quý ông Trung Trần,7 Jane Đường,Hải Phòng,VN,857856
1631,update,1750032000.0,23/08/1979,M,Bà Yến Bùi,68 Hoàng Số,Nghệ An,VN,697049
2266,new,1750032000.0,22/10/1998,F,Châu Dương,25 Jane Đường,Đồng Nai,VN,814987
4921,update,1750032000.0,18/11/1966,F,Chị Lâm Nguyễn,26 Bùi Dãy,Huế,VN,689531
2748,update,1750032000.0,17/03/2002,M,Bác Huy Hoàng,42 Dương Tổ,Hồ Chí Minh,VN,730554
3425,new,1750118400.0,01/02/1985,M,Dũng Đặng,0 Mai Số,Đồng Nai,VN,351829
2955,new,1750118400.0,27/01/1966,M,Quý ông Khoa Mai,4 John Tổ,Bắc Ninh,VN,939525
1525,new,1750118400.0,18/12/1985,M,Thành Thị Đặng,2 John Dãy,Hải Dương,VN,182148
1688,new,1750118400.0,21/10/1986,M,Bà Hương Dương,349 John Số,Hải Dương,VN,399481
1940,new,1750118400.0,12/05/1981,F,Hải Trần,2 Đặng Ngõ,Nghệ An,VN,378310
1571,new,1750118400.0,19/10/1980,F,Trọng Mai,504 Dương Hẻm,Đồng Nai,VN,898490
2743,update,1750204800.0,21/01/1987,F,Thành Thị Hoàng,773 Vũ Ngõ,Nha Trang,VN,140225
2510,new,1750204800.0,23/05/1980,M,Bà Thành Nguyễn,519 John Đường,Thừa Thiên Huế,VN,349029
2331,new,1750204800.0,17/06/1995,F,Tú Dương,303 Hoàng Số,Thừa Thiên Huế,VN,589915
2675,update,1750204800.0,10/10/1972,F,Phúc Hoàng Bùi,3 Trần Ngõ,Nha Trang,VN,532970
4222,new,1750204800.0,30/08/1997,M,Nhiên Dương,5 John Đường,Hải Dương,VN,932650
3370,update,1750204800.0,26/10/1989,M,Linh Nguyễn,88 Jane Hẻm,Hồ Chí Minh,VN,266005
1905,new,1750204800.0,11/06/1992,F,Trọng Hữu Vũ,7 Bùi Tổ,Cần Thơ,VN,822036
3343,new,1750291200.0,13/05/1996,M,Nhiên Hải Hoàng,3 Jane Tổ,Cần Thơ,VN,955059
3151,new,1750291200.0,26/06/1998,M,Chị Lan Bùi,83 Hoàng Dãy,Quảng Ninh,VN,602268
4089,new,1750291200.0,10/02/1988,M,Phương Hoàng,235 Jane Hẻm,Thừa Thiên Huế,VN,594758
3485,new,1750291200.0,28/05/1998,M,Thành Hoàng,0 Jane Dãy,Hải Phòng,VN,481986
4346,new,1750291200.0,20/03/2006,F,Bà Hồng Mai,351 Jane Ngõ,Quảng Ninh,VN,896555
1112,new,1750377600.0,09/04/1999,M,Chi Đặng,985 Nguyễn Dãy,Lâm Đồng,VN,533645
3461,new,1750377600.0,08/08/1988,M,Chị An Phạm,79 Dương Dãy,Bình Dương,VN,930851
3866,new,1750377600.0,11/02/1992,F,Hà Hữu Mai,25 Jane Khu,Nghệ An,VN,847090
2763,update,1750377600.0,07/07/1979,F,Ông Châu Mai,60 Jane Đường,Hồ Chí Minh,VN,330137
4898,update,1750377600.0,04/07/2003,F,Bà Thảo Lê,4 Bùi Khu,Lâm Đồng,VN,359106
3482,update,1750377600.0,26/05/1999,M,Huy Lê,969 Hoàng Số,Hải Phòng,VN,963582
2444,update,1750377600.0,19/08/1983,M,Chị Linh Phạm,0 Lê Ngõ,Bắc Ninh,VN,747021
4977,new,1750377600.0,05/06/1986,M,Chị Hà Bùi,3 Jane Đường,Bà Rịa - Vũng Tàu,VN,946577
1825,new,1750464000.0,28/04/1995,M,Thành Phạm,913 Jane Dãy,Bà Rịa - Vũng Tàu,VN,698397
1154,new,1750464000.0,21/06/2007,F,Hải Phú Vũ,72 Phạm Ngõ,Nghệ An,VN,483611
3750,new,1750464000.0,12/07/1998,M,Quý cô Chi Phạm,450 Jane Số,Cần Thơ,VN,395038
4614,new,1750464000.0,12/12/2000,M,Lâm Quang Đặng,31 Dương Làng,Hải Dương,VN,173921
2392,new,1750550400.0,10/09/1990,M,Hà Đặng,98 Mai Đường,Bà Rịa - Vũng Tàu,VN,655849
1991,new,1750550400.0,09/05/1999,F,Cô Ngọc Bùi,9 Lê Ngõ,Khánh Hòa,VN,504723
3414,update,1750550400.0,10/05/1999,M,Bảo Phú Phạm,26 Jane Tổ,Đà Nẵng,VN,670332
4277,update,1750550400.0,11/07/1994,M,Quý ông Phúc Trần,222 Mai Đường,Đà Nẵng,VN,836489
3280,update,1750550400.0,11/06/1996,F,Chị Vi Phạm,305 Jane Số,Cần Thơ,VN,975863
2552,new,1750636800.0,18/03/1984,F,Nhật Dương,70 Phạm Tổ,Quảng Ninh,VN,490253
3763,new,1750636800.0,28/01/2004,F,Hồng Phạm,533 Jane Hẻm,Hải Phòng,VN,844596
2460,new,1750636800.0,05/04/2000,F,Cô An Dương,8 Phạm Dãy,Hải Dương,VN,548540
2521,new,1750636800.0,29/04/2000,M,Dương Phạm,0 Đặng Tổ,Bà Rịa - Vũng Tàu,VN,488006
4939,new,1750723200.0,04/06/2005,F,Bác Nhiên Bùi,4 Vũ Dãy,Cần Thơ,VN,141049
1398,new,1750723200.0,04/03/1993,F,Hà Trí Vũ,99 Jane Tổ,Hải Dương,VN,132268
1184,new,1750723200.0,15/10/1997,F,Nam Phạm,14 Jane Số,Đồng Nai,VN,398084
3003,new,1750723200.0,03/05/1999,M,Vân Phạm,379 Mai Ngõ,Bắc Ninh,VN,175801
1832,update,1750723200.0,27/02/2001,F,Khoa Dương,463 John Tổ,Bình Dương,VN,560972
3696,new,1750809600.0,16/02/1990,M,Chị Lâm Phạm,8 Đặng Làng,Nghệ An,VN,704725
3612,update,1750809600.0,16/04/1975,M,Cô Nhật Hoàng,0 John Đường,Bắc Ninh,VN,810584
1043,new,1750809600.0,07/07/1995,F,Châu Thị Nguyễn,194 Jane Làng,Đà Nẵng,VN,825057
1924,update,1750809600.0,09/10/1998,M,An Dương,326 Jane Hẻm,Hà Nội,VN,520921
4125,new,1750809600.0,15/03/1989,F,Phương Thị Phạm,787 Jane Đường,Bình Dương,VN,235298
4847,update,1750809600.0,30/04/1998,M,Kim Phú Nguyễn,0 Trần Làng,Nha Trang,VN,311750
4609,new,1750809600.0,04/06/2000,M,Ánh Lê,1 John Số,Hồ Chí Minh,VN,762150
3380,new,1750809600.0,30/10/2000,M,Bà Thành Bùi,0 Phạm Làng,Hải Phòng,VN,621564
3424,update,1750896000.0,25/07/1968,M,Cô Lâm Đặng,333 Hoàng Ngõ,Bắc Ninh,VN,465394
3474,new,1750896000.0,14/10/2007,M,Bảo Đặng,02 Vũ Dãy,Khánh Hòa,VN,136404
1218,new,1750896000.0,10/10/1986,M,Cô Hương Bùi,480 John Khu,Hồ Chí Minh,VN,214933
2080,update,1750896000.0,30/12/1984,F,Phương Quang Nguyễn,13 Phạm Dãy,Hải Phòng,VN,481595
2405,new,1750896000.0,25/05/1971,M,Lâm Quang Vũ,157 Jane Hẻm,Hải Phòng,VN,317139
1186,new,1750896000.0,02/04/1998,F,Quý cô Xuân Đặng,12 John Số,Khánh Hòa,VN,964042
2702,update,1750896000.0,09/10/1982,M,Hà Đặng,4 Dương Tổ,Vinh,VN,255977
2688,new,1750982400.0,31/08/1998,F,Bà Bảo Phạm,46 Phạm Tổ,Hải Dương,VN,162439
4737,new,1750982400.0,23/03/2002,F,Ánh Dương,8 Đặng Làng,Cần Thơ,VN,613972
1124,new,1750982400.0,17/03/1969,F,Khoa Mai Bảo Vũ,96 Nguyễn Đường,Cần Thơ,VN,640817
1493,new,1751068800.0,11/11/2004,M,Bà Yến Đặng,3 Jane Hẻm,Hải Dương,VN,300096
4061,new,1751068800.0,10/10/1992,M,Phương Trần,5 John Đường,Cần Thơ,VN,862786
2158,new,1751068800.0,05/06/2002,M,Quý cô Chi Lê,4 Lê Khu,Hồ Chí Minh,VN,946060
3876,new,1751068800.0,08/07/1977,M,Anh Hoàng Lê,3 Jane Đường,Hà Nội,VN,434487
4665,new,1751068800.0,06/06/1969,M,Ông Thành Dương,51 John Hẻm,Khánh Hòa,VN,373754
4708,new,1751068800.0,25/11/1998,F,Quý cô Ngọc Phạm,86 Jane Đường,Hải Dương,VN,166980
3654,new,1751068800.0,25/08/1991,M,Bà Mai Trần,373 Mai Ngõ,Bình Dương,VN,835137
3259,new,1751155200.0,18/09/1966,M,Phương Hải Phạm,903 Hoàng Số,Cần Thơ,VN,517874
1968,new,1751155200.0,17/12/1993,F,Thành Mai Trần,980 Đặng Dãy,Hải Dương,VN,169949
4709,new,1751155200.0,04/10/2005,M,Khoa Nguyễn,57 Lê Tổ,Thừa Thiên Huế,VN,336367
3202,new,1751155200.0,16/10/1996,M,Bà Ánh Dương,06 Bùi Khu,Lâm Đồng,VN,326093
2385,new,1751155200.0,05/01/2001,F,Xuân Dương,5 Jane Khu,Đà Nẵng,VN,605852
2922,new,1751155200.0,21/10/2007,M,Chị Bảo Nguyễn,654 John Ngõ,Hồ Chí Minh,VN,509812
4633,new,1751155200.0,27/08/1968,M,Thành Hải Lê,6 John Ngõ,Hải Phòng,VN,617521
4416,new,1751155200.0,30/08/1998,F,Phương Mai Bảo Nguyễn,62 Phạm Làng,Đà Nẵng,VN,322114
1590,update,1751241600.0,10/03/2000,M,Hoàng Mai Bảo Bùi,9 Lê Làng,Khánh Hòa,VN,994067
2995,new,1751241600.0,05/10/1996,M,Minh Thế Bùi,195 Đặng Khu,Nghệ An,VN,168846
1561,new,1751241600.0,09/12/2004,M,Nhiên Bùi,19 John Ngõ,Bà Rịa - Vũng Tàu,VN,547119
1039,new,1751241600.0,24/10/1969,F,Kim Thế Phạm,266 Trần Ngõ,Bắc Ninh,VN,357431
4246,new,1751241600.0,20/11/2005,F,Vi Vũ,0 Mai Ngõ,Bắc Ninh,VN,235875
3546,update,1751241600.0,28/01/2003,F,Quý cô Nhật Hoàng,864 John Ngõ,Cần Thơ,VN,614980
2683,new,1751241600.0,16/12/2005,M,Quý ông Trọng Phạm,9 Bùi Số,Bắc Ninh,VN,741437
2294,new,1751328000.0,14/06/1997,M,Anh Hữu Hoàng,8 Jane Ngõ,Nghệ An,VN,269248
3619,update,1751328000.0,07/11/1995,F,Khoa Mai Bảo Nguyễn,89 Lê Ngõ,Khánh Hòa,VN,950205
2199,new,1751328000.0,14/08/1992,M,Chị Thảo Dương,729 Trần Hẻm,Hải Dương,VN,179395
1954,update,1751328000.0,06/08/1983,M,Quý cô Nhật Vũ,500 Nguyễn Dãy,Hà Nội,VN,956332
4684,new,1751328000.0,23/01/1988,F,Chi Lê,75 Jane Dãy,Bắc Ninh,VN,329278
4823,update,1751328000.0,21/09/2003,M,Quý cô Yến Nguyễn,283 Mai Đường,Hồ Chí Minh,VN,678270
3345,new,1751328000.0,24/03/1980,F,Quý cô Linh Lê,08 Đặng Khu,Nghệ An,VN,292625
2883,new,1751328000.0,28/01/1990,F,Cô An Hoàng,0 John Tổ,Thừa Thiên Huế,VN,783010
1387,new,1751414400.0,24/11/2006,F,Quang Nguyễn,506 John Ngõ,Đồng Nai,VN,582861
4142,new,1751414400.0,19/03/2006,F,Nhật Thế Bùi,6 Jane Tổ,Đà Nẵng,VN,119583
3950,update,1751500800.0,30/07/1995,M,Châu Trần,22 John Khu,Nghệ An,VN,537247
3921,new,1751500800.0,06/01/2001,F,Linh Dương,5 Vũ Dãy,Đồng Nai,VN,684915
3624,new,1751500800.0,05/11/2004,M,Chị Hà Lê,49 Dương Đường,Khánh Hòa,VN,932160
4631,new,1751500800.0,20/02/1999,F,Nam Hoàng,3 John Số,Lâm Đồng,VN,872465
4406,new,1751500800.0,06/08/2006,M,Anh Hoàng Hoàng,8 Nguyễn Khu,Thừa Thiên Huế,VN,106709
3800,new,1751500800.0,05/06/1982,F,Vũ Hải Bùi,2 Nguyễn Làng,Hà Nội,VN,546215
4490,new,1751500800.0,07/10/2007,M,Quý cô Hải Dương,92 Jane Khu,Đồng Nai,VN,731193
2521,update,1751500800.0,29/04/2000,M,Dương Phạm,00 Bùi Hẻm,Huế,VN,808566
3132,new,1751500800.0,16/10/1965,M,Khoa Mai,585 Mai Khu,Hải Phòng,VN,724358
3206,update,1751500800.0,08/03/2002,F,Anh Châu Nguyễn,9 Trần Khu,Bà Rịa - Vũng Tàu,VN,558473
1519,new,1751587200.0,21/03/1995,M,Ngọc Dương,61 Hoàng Đường,Lâm Đồng,VN,750217
1172,new,1751587200.0,19/07/1995,F,Khoa Dương,71 John Hẻm,Bắc Ninh,VN,707734
3085,new,1751587200.0,24/01/2006,M,Quý ông Anh Nguyễn,952 John Hẻm,Hải Dương,VN,481817
1041,new,1751587200.0,27/03/2004,F,Bà Hà Lê,673 Đặng Tổ,Hải Phòng,VN,868286
2493,new,1751587200.0,09/08/1991,F,Quang Lê,47 Jane Đường,Hà Nội,VN,807476
3283,new,1751673600.0,08/08/1980,M,Châu Bùi,983 Bùi Khu,Đà Nẵng,VN,851366
3721,new,1751673600.0,23/01/1995,F,Hương Mai,2 Trần Làng,Lâm Đồng,VN,408700
1905,update,1751673600.0,11/06/1992,F,Hưng Lê,7 Bùi Tổ,Cần Thơ,VN,822036
3887,new,1751673600.0,19/01/2001,M,Quang Thế Lê,97 Lê Đường,Hồ Chí Minh,VN,595644
1661,new,1751673600.0,08/06/2004,F,Chị Vi Đặng,593 Jane Đường,Cần Thơ,VN,351284
3116,new,1751673600.0,26/08/1980,M,Anh Nam Dương,756 Mai Đường,Khánh Hòa,VN,664377
2909,update,1751673600.0,25/06/1981,F,Bà Hải Bùi,7 Vũ Hẻm,Huế,VN,803145
1062,new,1751673600.0,04/02/2001,M,Hoàng Hoàng,45 John Dãy,Khánh Hòa,VN,680603
4897,new,1751760000.0,30/05/1992,F,Bà Hà Trần,51 Hoàng Dãy,Đà Nẵng,VN,979129
1028,new,1751760000.0,05/12/1996,F,Nhật Dương,1 Lê Dãy,Bình Dương,VN,315917
4393,new,1751846400.0,19/05/2003,M,Vũ Dương,41 Đặng Số,Bắc Ninh,VN,933623
1694,new,1751846400.0,17/03/2002,M,Anh Trí Dương,21 John Số,Bà Rịa - Vũng Tàu,VN,320746
4283,new,1751846400.0,06/08/1998,F,Kim Hải Đặng,187 John Số,Quảng Ninh,VN,165590
3170,new,1751846400.0,03/05/1979,M,Bảo Dương,4 Dương Tổ,Hồ Chí Minh,VN,619310
4659,update,1751846400.0,09/04/1998,F,Nhật Trần,3 John Số,Nghệ An,VN,844556
3927,new,1751846400.0,23/02/2007,F,Hưng Hải Bùi,5 Jane Ngõ,Thừa Thiên Huế,VN,677969
4056,new,1751846400.0,03/11/1975,M,Dũng Bảo Bùi,3 Bùi Đường,Đà Nẵng,VN,896425
4473,new,1751932800.0,13/11/2006,M,Huy Hữu Đặng,32 Vũ Khu,Khánh Hòa,VN,603383
3783,new,1751932800.0,20/07/2003,M,Bà Hải Vũ,589 Jane Đường,Hải Dương,VN,310942
2913,new,1751932800.0,02/02/1999,F,Nhật Trí Mai,0 Jane Ngõ,Bình Dương,VN,732788
1711,new,1751932800.0,13/03/1988,F,Cô Phương Đặng,33 Dương Làng,Thừa Thiên Huế,VN,129295
3738,new,1751932800.0,03/04/1972,F,Chị Xuân Lê,597 John Ngõ,Bà Rịa - Vũng Tàu,VN,254670
3557,new,1751932800.0,15/07/1987,M,Chị Mai Nguyễn,6 Jane Ngõ,Bình Dương,VN,474648
1833,new,1752019200.0,14/09/1999,M,Quang Hoàng,56 Vũ Làng,Khánh Hòa,VN,861524
3120,new,1752019200.0,18/10/1983,F,Ông Hưng Đặng,45 John Hẻm,Cần Thơ,VN,151132
2827,new,1752019200.0,30/05/1965,F,Ánh Bùi,302 Hoàng Đường,Thừa Thiên Huế,VN,822656
3176,new,1752019200.0,19/08/2007,F,Bà Mai Phạm,30 John Số,Hải Phòng,VN,693974
3328,update,1752019200.0,21/10/1981,M,Vân Lê,20 Hoàng Số,Hồ Chí Minh,VN,503188
4411,new,1752019200.0,03/11/2004,F,Khoa Phạm,466 John Làng,Nghệ An,VN,529511
2857,new,1752019200.0,03/03/1966,F,Bà Lâm Lê,72 Nguyễn Khu,Bình Dương,VN,706297
3209,update,1752105600.0,01/05/1989,F,Nhật Mai Bảo Nguyễn,9 Vũ Làng,Huế,VN,207697
1593,new,1752105600.0,19/02/2006,F,Anh Vũ Đặng,1 Jane Dãy,Hải Phòng,VN,907194
3719,new,1752192000.0,01/05/1968,M,Anh Trọng Bùi,7 Jane Khu,Đà Nẵng,VN,651458
3440,update,1752192000.0,07/08/2004,F,Nhật Bùi,19 Bùi Ngõ,Hải Phòng,VN,191402
2823,update,1752192000.0,04/08/1977,F,Quý ông Tú Phạm,2 John Khu,Đà Nẵng,VN,884386
1055,new,1752192000.0,10/12/2006,F,Hoàng Phú Mai,43 Mai Làng,Bình Dương,VN,546686
2610,update,1752192000.0,19/05/2007,F,Tú Hoàng Đặng,163 Jane Đường,Bắc Ninh,VN,165436
4175,update,1752192000.0,07/03/2004,F,Cô Dương Dương,86 Jane Ngõ,Hà Nội,VN,889305
3205,new,1752278400.0,21/03/1991,F,Lâm Thị Trần,34 Trần Khu,Hải Dương,VN,245731
4112,new,1752278400.0,16/12/1981,F,Cô Lâm Lê,744 John Hẻm,Khánh Hòa,VN,759425
3430,new,1752278400.0,23/09/1998,F,Ông Tùng Đặng,379 John Làng,Bình Dương,VN,234733
2995,update,1752278400.0,05/10/1996,M,Minh Thế Bùi,72 John Dãy,Hải Phòng,VN,760903
4264,update,1752278400.0,14/12/1999,M,Chị Nhật Trần,651 Bùi Khu,Khánh Hòa,VN,129499
2891,new,1752278400.0,05/01/2000,F,Chị Nhật Phạm,880 Vũ Tổ,Bắc Ninh,VN,329571
4700,new,1752278400.0,28/07/1982,F,Bác Quang Lê,8 Mai Hẻm,Quảng Ninh,VN,426194
4261,new,1752278400.0,26/05/2005,M,Anh Hưng Bùi,41 Nguyễn Ngõ,Bắc Ninh,VN,211601
4993,update,1752364800.0,25/10/1997,M,Quý cô Ánh Phạm,004 Jane Đường,Nghệ An,VN,773316
1646,new,1752364800.0,11/07/1985,F,Nam Phú Nguyễn,2 Vũ Hẻm,Đồng Nai,VN,842416
1201,new,1752364800.0,22/11/1997,F,Minh Mai,182 John Làng,Cần Thơ,VN,546093
4184,new,1752364800.0,13/02/1985,M,Dương Bùi,2 John Đường,Đà Nẵng,VN,817078
1527,update,1752364800.0,10/04/1999,F,Tùng Nguyễn,0 Vũ Khu,Vinh,VN,628846
2929,new,1752364800.0,19/09/1988,M,Chi Đặng,1 Lê Hẻm,Hà Nội,VN,763625
1689,new,1752364800.0,06/08/2003,M,Hoàng Lê,562 John Số,Bà Rịa - Vũng Tàu,VN,863193
1357,update,1752364800.0,24/05/2007,F,Quý cô Phương Lê,86 John Đường,Nghệ An,VN,609432
4173,new,1752364800.0,24/09/2005,F,Quý cô Lâm Vũ,16 Bùi Tổ,Đồng Nai,VN,315301
3773,update,1752451200.0,17/02/2006,F,Yến Lê,08 Hoàng Khu,Vinh,VN,773936
4373,update,1752451200.0,12/05/2001,F,Hải Thế Vũ,9 Jane Hẻm,Lâm Đồng,VN,795344
2659,new,1752451200.0,24/05/1995,M,Bà Mai Hoàng,487 Đặng Tổ,Hà Nội,VN,951784
1467,new,1752451200.0,06/10/1989,M,Kim Bùi,76 Mai Đường,Bắc Ninh,VN,626202
1760,new,1752451200.0,26/09/2002,F,Dương Mai,59 Vũ Làng,Bắc Ninh,VN,693375
2589,new,1752451200.0,30/11/2002,F,Quý ông Tùng Hoàng,5 Bùi Làng,Hà Nội,VN,593701
4113,new,1752451200.0,28/11/2004,F,Quý cô Hương Trần,1 Vũ Tổ,Đồng Nai,VN,634723
2109,new,1752537600.0,17/03/1997,F,Quý cô Ánh Mai,11 John Tổ,Hà Nội,VN,800183
4695,new,1752537600.0,25/02/1978,M,Tùng Bùi,770 Jane Tổ,Hồ Chí Minh,VN,235007
4462,new,1752537600.0,17/11/1986,M,Vân Bùi,764 Dương Làng,Lâm Đồng,VN,804544
3821,new,1752624000.0,16/06/2001,F,Duyên Nguyễn,8 Hoàng Làng,Đà Nẵng,VN,628673
3442,new,1752624000.0,13/10/1978,F,Hương Hoàng,1 John Làng,Thừa Thiên Huế,VN,758334
4625,new,1752624000.0,27/03/1995,F,Nhật Trần,393 Jane Khu,Đà Nẵng,VN,974793
2757,new,1752624000.0,13/06/1986,M,Bà Lan Phạm,411 Trần Đường,Khánh Hòa,VN,900905
2838,new,1752710400.0,29/08/1996,F,Vân Phạm,150 Jane Dãy,Lâm Đồng,VN,379945
2497,new,1752710400.0,26/05/1995,M,Cô Ánh Vũ,3 Vũ Làng,Đà Nẵng,VN,561240
3964,new,1752710400.0,31/08/1985,F,Quý cô Lan Phạm,415 Đặng Số,Bình Dương,VN,609449
1759,new,1752710400.0,07/04/2005,M,Phúc Mai,034 Phạm Hẻm,Hà Nội,VN,654777
1491,new,1752710400.0,21/12/1992,M,Chi Dương,032 John Ngõ,Hải Dương,VN,264570
4739,new,1752710400.0,08/03/2000,F,Dương Đặng,391 Dương Dãy,Bà Rịa - Vũng Tàu,VN,807212
4359,new,1752710400.0,22/10/1997,F,Ánh Đặng,7 Hoàng Đường,Đà Nẵng,VN,163084
4864,new,1752796800.0,13/05/1975,M,Trung Trần,891 Mai Hẻm,Cần Thơ,VN,946363
2070,new,1752796800.0,06/05/1996,F,Quý cô Chi Lê,2 Lê Dãy,Hải Dương,VN,866079
4875,update,1752796800.0,01/09/1991,F,Linh Hoàng,164 Jane Hẻm,Nha Trang,VN,725186
2301,new,1752796800.0,21/02/1984,M,Hoàng Dương,947 Nguyễn Số,Hà Nội,VN,346603
3904,new,1752796800.0,08/12/1987,F,Chị Khoa Hoàng,11 Jane Khu,Hồ Chí Minh,VN,118920
2641,update,1752796800.0,07/04/1980,F,Tùng Quang Dương,488 Vũ Ngõ,Nghệ An,VN,770545
2429,new,1752796800.0,01/08/1981,F,Khoa Trí Vũ,45 Phạm Làng,Hồ Chí Minh,VN,593290
1249,new,1752796800.0,23/09/2001,M,Phương Thị Trần,7 Vũ Ngõ,Hải Dương,VN,718040
2196,new,1752796800.0,25/10/1998,M,Quý cô Bảo Hoàng,338 Jane Ngõ,Đồng Nai,VN,356162
2506,new,1752796800.0,25/04/1997,F,Khoa Lê,19 John Dãy,Bắc Ninh,VN,300932
4953,new,1752883200.0,04/05/2002,M,Lâm Lê,85 Hoàng Khu,Khánh Hòa,VN,227614
4420,new,1752883200.0,11/10/1998,F,Khoa Vũ,109 Dương Hẻm,Bà Rịa - Vũng Tàu,VN,543410
3576,new,1752883200.0,30/05/1995,M,Chị Xuân Nguyễn,67 Jane Khu,Đồng Nai,VN,804931
3068,new,1752883200.0,08/01/2005,F,Bảo Đức Hoàng,342 Lê Ngõ,Lâm Đồng,VN,759873
1089,new,1752883200.0,14/06/1965,M,Hoàng Xuân Trần,09 Dương Hẻm,Hải Phòng,VN,356078
2155,update,1752883200.0,08/06/1992,F,Huy Phú Hoàng,77 Dương Dãy,Đà Nẵng,VN,195026
4690,new,1752883200.0,16/06/1999,M,Quang Bùi,148 John Khu,Hồ Chí Minh,VN,268280
2915,new,1752969600.0,28/09/1989,F,Hà Trần,68 Vũ Ngõ,Cần Thơ,VN,777464
4387,new,1752969600.0,04/12/1999,F,Hà Phú Bùi,80 Hoàng Dãy,Bình Dương,VN,620589
3261,update,1752969600.0,08/01/2004,F,Bà Hải Dương,369 Lê Khu,Nha Trang,VN,548905
2257,new,1752969600.0,15/10/1975,M,Cô Duyên Nguyễn,417 John Dãy,Khánh Hòa,VN,233716
3724,new,1752969600.0,06/12/2003,M,Nhật Đặng,6 John Dãy,Hà Nội,VN,355962
1399,new,1752969600.0,30/10/1998,M,Bà Lâm Lê,681 Đặng Số,Nghệ An,VN,484294
2414,new,1753056000.0,13/03/1990,M,Ông Châu Trần,59 John Dãy,Nghệ An,VN,707708
4039,update,1753056000.0,12/03/2007,M,Khoa Quang Phạm,91 Dương Đường,Cần Thơ,VN,735148
1214,update,1753142400.0,12/01/1989,F,Nam Vũ,68 Dương Số,Vinh,VN,477388
3443,update,1753142400.0,10/11/2000,F,Thảo Mai,33 Hoàng Đường,Cần Thơ,VN,680802
4974,new,1753142400.0,07/07/2003,F,Quý cô Vi Bùi,773 Nguyễn Khu,Bình Dương,VN,544175
4836,new,1753142400.0,16/05/1977,F,Kim Lê,082 Jane Khu,Thừa Thiên Huế,VN,569843
2067,new,1753228800.0,27/12/1999,F,Huy Nguyễn,479 Hoàng Đường,Khánh Hòa,VN,461286
4761,new,1753228800.0,19/04/1997,M,Tùng Mai,82 Jane Ngõ,Quảng Ninh,VN,307639
4661,new,1753228800.0,25/08/2006,M,Trung Nguyễn,53 Trần Hẻm,Cần Thơ,VN,102649
4118,new,1753228800.0,10/05/2005,M,Lan Dương,852 Nguyễn Số,Cần Thơ,VN,166320
4988,new,1753228800.0,26/10/1980,F,Cô Nhật Mai,1 John Dãy,Cần Thơ,VN,160872
4459,update,1753228800.0,22/01/1969,F,Vân Mai,29 Dương Dãy,Huế,VN,186162
3961,new,1753228800.0,12/12/1995,F,Bà Thành Đặng,516 Jane Làng,Hải Phòng,VN,917817
3887,update,1753228800.0,19/01/2001,M,Quang Thế Lê,449 Jane Hẻm,Vinh,VN,319536
4486,new,1753228800.0,30/12/1996,F,Chị Dương Vũ,12 John Hẻm,Hồ Chí Minh,VN,864901
3635,new,1753228800.0,03/11/2000,F,Phúc Đức Hoàng,701 Trần Ngõ,Hồ Chí Minh,VN,619292
1333,new,1753228800.0,01/10/1982,M,Dương Phạm,4 John Làng,Hải Dương,VN,385249
2370,update,1753315200.0,05/02/1979,F,Bà Khoa Phạm,97 Jane Số,Vinh,VN,924768
1222,new,1753315200.0,06/10/1996,F,Trung Văn Phạm,8 Đặng Dãy,Đồng Nai,VN,149933
1854,new,1753315200.0,27/09/2002,M,Thành Dương,56 Mai Khu,Khánh Hòa,VN,593938
2181,update,1753315200.0,04/06/1980,F,Dũng Phú Bùi,48 John Khu,Lâm Đồng,VN,375317
2461,update,1753315200.0,11/03/1980,F,Hạnh Phạm,3 Bùi Tổ,Hải Phòng,VN,196191
4667,new,1753315200.0,13/10/1990,F,Cô Ngọc Nguyễn,9 Jane Số,Lâm Đồng,VN,585677
2689,new,1753401600.0,06/04/1984,F,Nhiên Mai,068 John Ngõ,Hải Phòng,VN,178769
1396,update,1753401600.0,17/08/1998,M,Quý cô Lâm Vũ,38 Lê Tổ,Vinh,VN,358853
1957,update,1753401600.0,06/01/2006,M,Hà Mai Vũ,175 John Đường,Nha Trang,VN,720520
4235,update,1753401600.0,04/07/1992,M,Trọng Trần,821 Trần Khu,Huế,VN,310190
3203,update,1753401600.0,17/09/1992,F,Hải Hữu Vũ,03 Đặng Dãy,Nha Trang,VN,543707
4675,new,1753401600.0,11/01/2000,M,Bác Quang Vũ,608 Vũ Số,Hải Dương,VN,176360
2160,update,1753401600.0,12/06/1970,F,Hưng Hoàng Vũ,0 Phạm Khu,Bà Rịa - Vũng Tàu,VN,420815
1933,new,1753488000.0,15/04/2005,F,Cô Khoa Bùi,432 Đặng Tổ,Quảng Ninh,VN,542188
4458,new,1753488000.0,28/06/1985,F,Trung Trí Đặng,18 John Ngõ,Đà Nẵng,VN,324018
3351,new,1753488000.0,07/10/1991,M,Ông Nhiên Vũ,357 Jane Ngõ,Nghệ An,VN,893159
2892,new,1753488000.0,02/12/2000,F,Anh Khoa Dương,95 Jane Tổ,Khánh Hòa,VN,986478
1670,new,1753488000.0,30/01/1993,M,Ông Tùng Vũ,5 John Khu,Hải Phòng,VN,663983
1599,new,1753488000.0,29/12/2006,F,Ngọc Phạm,69 Mai Ngõ,Hồ Chí Minh,VN,203205
3259,update,1753488000.0,18/09/1966,M,Thành Dương,903 Hoàng Số,Cần Thơ,VN,517874
1553,new,1753488000.0,10/11/2001,M,Ông Bảo Vũ,9 Jane Tổ,Quảng Ninh,VN,224643
4731,new,1753574400.0,12/06/1996,F,Anh Hưng Đặng,6 John Tổ,Nghệ An,VN,946459
1032,new,1753574400.0,08/02/1989,F,Quý cô Mai Bùi,07 Jane Dãy,Quảng Ninh,VN,398324
2528,update,1753574400.0,02/03/2003,M,Phương Thị Nguyễn,66 John Khu,Huế,VN,912419
4242,new,1753574400.0,02/07/1980,F,Bà Hải Đặng,866 Lê Đường,Quảng Ninh,VN,879205
1499,new,1753574400.0,05/05/1967,F,Anh Huy Vũ,971 Phạm Số,Thừa Thiên Huế,VN,300078
1884,new,1753574400.0,14/12/1995,F,Tùng Đức Dương,160 John Ngõ,Hải Phòng,VN,970620
4979,new,1753574400.0,17/06/1989,F,Ngọc Dương,962 Jane Ngõ,Quảng Ninh,VN,544334
1822,new,1753574400.0,07/05/1995,M,Khoa Mai Bảo Mai,94 Jane Số,Lâm Đồng,VN,124768
3432,new,1753574400.0,04/04/1997,M,Xuân Phạm,63 Mai Đường,Cần Thơ,VN,712168
3199,new,1753660800.0,29/11/2000,M,Thành Mai Bảo Phạm,40 John Dãy,Thừa Thiên Huế,VN,297497
2148,new,1753660800.0,25/04/1999,M,Phương Hoàng,5 John Tổ,Hải Dương,VN,266149
2414,update,1753660800.0,13/03/1990,M,Ông Châu Trần,134 John Ngõ,Hải Phòng,VN,705966
1722,new,1753747200.0,24/03/1991,M,Bác Minh Hoàng,494 John Làng,Bình Dương,VN,684340
1190,new,1753747200.0,21/11/1983,F,Quý cô Hương Trần,5 John Đường,Cần Thơ,VN,338295
3563,new,1753747200.0,24/09/2001,M,Anh Quang Hoàng,1 Nguyễn Khu,Nghệ An,VN,771490
2942,new,1753747200.0,01/11/2003,F,Quang Dương,88 Trần Ngõ,Hồ Chí Minh,VN,471975
1928,new,1753833600.0,12/04/2006,F,Quang Văn Trần,750 Phạm Tổ,Hồ Chí Minh,VN,353505
4803,new,1753833600.0,30/05/1995,M,Lâm Văn Lê,22 Jane Ngõ,Cần Thơ,VN,749721
1807,new,1753833600.0,24/02/2004,F,Quý ông Phúc Dương,5 Phạm Tổ,Đồng Nai,VN,247872
4717,new,1753833600.0,13/12/2000,F,Hạnh Nguyễn,6 Trần Ngõ,Lâm Đồng,VN,160051
4407,new,1753833600.0,22/11/2007,F,Bác Thành Đặng,595 John Hẻm,Hải Phòng,VN,668263
2668,new,1753833600.0,27/05/1991,F,Lâm Mai Mai,3 Jane Làng,Hà Nội,VN,796155
2264,new,1753833600.0,27/02/2002,M,Châu Hoàng,1 Vũ Dãy,Khánh Hòa,VN,574242
2154,update,1753833600.0,14/03/2006,F,An Hoàng,67 John Đường,Cần Thơ,VN,551530
2038,new,1753920000.0,05/06/1996,F,Chị Hải Đặng,917 Jane Ngõ,Lâm Đồng,VN,780777
4526,new,1753920000.0,13/01/2001,F,Hương Phạm,314 Mai Hẻm,Hồ Chí Minh,VN,848451
3281,new,1753920000.0,01/12/1996,F,Tùng Đức Phạm,271 Nguyễn Đường,Hải Phòng,VN,827695
2224,new,1753920000.0,03/09/2002,M,Cô Vi Hoàng,3 Phạm Số,Thừa Thiên Huế,VN,950796
4387,update,1753920000.0,04/12/1999,F,Hà Phú Bùi,807 Jane Đường,Nha Trang,VN,820820
1430,new,1754006400.0,21/08/2001,F,Lâm Mai Trần,0 Vũ Tổ,Nghệ An,VN,397075
3056,new,1754006400.0,06/06/2002,M,Vũ Trần,94 Hoàng Làng,Bình Dương,VN,935920
4929,new,1754006400.0,30/04/1984,F,Quý cô Hạnh Vũ,9 Jane Khu,Khánh Hòa,VN,848479
3092,new,1754006400.0,24/12/1977,F,Anh Quang Mai,34 Đặng Dãy,Hải Phòng,VN,863181
2463,new,1754006400.0,02/11/2001,M,Duyên Dương,82 Hoàng Hẻm,Cần Thơ,VN,316380
1160,update,1754006400.0,10/03/1992,M,Anh Mai Bảo Trần,310 Trần Khu,Huế,VN,450402
1143,new,1754006400.0,25/04/1965,F,Vũ Hoàng,50 Bùi Hẻm,Đà Nẵng,VN,620547
1785,update,1754006400.0,11/03/1998,M,Cô Hà Trần,813 John Dãy,Cần Thơ,VN,260687
4814,new,1754092800.0,11/03/1986,M,Bà Ngọc Vũ,621 Dương Ngõ,Quảng Ninh,VN,243546
1044,update,1754092800.0,16/11/1987,F,Kim Lê,327 John Làng,Đà Nẵng,VN,695982
4388,new,1754092800.0,03/02/1991,F,Hạnh Hoàng,17 Mai Số,Khánh Hòa,VN,923726
1478,new,1754092800.0,22/11/1980,F,Bảo Vũ,01 Trần Làng,Bình Dương,VN,107821
4606,new,1754092800.0,18/12/1991,M,Quý ông Thành Vũ,0 Trần Ngõ,Hải Dương,VN,882677
2530,update,1754092800.0,17/05/1990,M,Chị Lan Mai,7 John Làng,Bắc Ninh,VN,482159
1925,update,1754092800.0,27/03/1967,F,Bà Nhật Dương,026 Jane Làng,Hải Phòng,VN,712645
2439,new,1754179200.0,26/02/1999,M,An Đức Dương,8 Jane Hẻm,Hải Phòng,VN,805901
4367,new,1754179200.0,11/03/1999,F,Minh Trí Mai,7 Jane Dãy,Bình Dương,VN,333494
1450,new,1754179200.0,03/06/1995,M,Cô Hương Vũ,863 Nguyễn Làng,Thừa Thiên Huế,VN,148930
4547,new,1754179200.0,05/09/1994,M,Chị Hạnh Mai,59 Jane Đường,Đồng Nai,VN,426799
3717,new,1754265600.0,26/02/2003,F,Khoa Mai Bảo Hoàng,1 John Dãy,Cần Thơ,VN,604953
3968,new,1754265600.0,19/07/1996,M,Chi Lê,4 John Đường,Hải Phòng,VN,898930
4893,new,1754265600.0,29/09/1996,F,Anh Tú Trần,226 Jane Hẻm,Hải Dương,VN,874746
4698,update,1754265600.0,05/12/2001,F,Cô Thảo Dương,7 Mai Ngõ,Bà Rịa - Vũng Tàu,VN,615787
4397,new,1754265600.0,10/09/1976,F,Quý cô Phương Phạm,9 John Tổ,Hà Nội,VN,623205
1970,new,1754265600.0,13/02/2001,M,Thành Hoàng,09 Lê Làng,Hà Nội,VN,557620
3135,new,1754265600.0,20/09/1982,F,Khoa Phạm,65 John Ngõ,Hà Nội,VN,365602
1987,new,1754265600.0,22/11/2000,M,Chị Vi Lê,354 Jane Đường,Bắc Ninh,VN,737942
1815,new,1754352000.0,10/11/2002,F,Nam Vũ,11 Vũ Số,Thừa Thiên Huế,VN,465527
3842,new,1754352000.0,29/03/1999,M,Mai Trần,71 John Khu,Bình Dương,VN,425002
4774,new,1754352000.0,05/02/1983,M,Chị Ánh Nguyễn,60 Jane Hẻm,Quảng Ninh,VN,632826
4417,new,1754352000.0,27/01/1986,F,Khoa Lê,33 Dương Làng,Thừa Thiên Huế,VN,515729
2477,new,1754352000.0,12/06/2003,F,Khoa Đức Dương,080 John Dãy,Bà Rịa - Vũng Tàu,VN,941843
1681,new,1754352000.0,12/07/2002,M,Quý cô Yến Hoàng,24 Hoàng Khu,Hà Nội,VN,285613
3961,update,1754352000.0,12/12/1995,F,Bà Thành Đặng,2 Jane Làng,Đà Nẵng,VN,376578
3148,new,1754438400.0,21/08/2003,M,Thành Bùi,893 Jane Tổ,Thừa Thiên Huế,VN,520736
4059,update,1754438400.0,04/02/1996,F,Chị Vi Nguyễn,90 Jane Tổ,Bà Rịa - Vũng Tàu,VN,479841
2081,new,1754438400.0,23/08/1994,M,Bà Nhật Nguyễn,6 Lê Làng,Cần Thơ,VN,652904
4303,new,1754438400.0,19/12/1999,M,Quý cô Xuân Phạm,29 John Số,Bắc Ninh,VN,753261
1867,new,1754438400.0,01/08/1994,M,Trung Phú Đặng,96 Phạm Hẻm,Quảng Ninh,VN,291132
4868,new,1754438400.0,25/10/2003,M,Dũng Trần,2 Jane Hẻm,Hồ Chí Minh,VN,426800
1639,new,1754438400.0,17/08/1994,F,Quý ông Minh Đặng,592 Bùi Khu,Bà Rịa - Vũng Tàu,VN,139787
3246,new,1754438400.0,19/09/1997,F,Quý ông Tùng Nguyễn,43 Jane Hẻm,Thừa Thiên Huế,VN,320584
3123,new,1754438400.0,03/04/1986,M,Cô Khoa Phạm,854 Lê Tổ,Nghệ An,VN,312009
4515,new,1754524800.0,02/07/1997,M,Nhiên Vũ,258 John Ngõ,Hà Nội,VN,608379
3549,new,1754524800.0,03/09/2006,F,Anh Trí Mai,94 Dương Làng,Hải Phòng,VN,980596
3716,new,1754524800.0,30/06/2002,M,Hải Tấn Vũ,497 Jane Tổ,Hồ Chí Minh,VN,281961
3064,update,1754524800.0,19/12/1969,M,Thành Lê,663 John Hẻm,Hải Dương,VN,549620
2934,update,1754524800.0,06/05/1996,F,Thành Phạm,43 Lê Tổ,Đà Nẵng,VN,683416
3258,new,1754524800.0,01/03/1999,F,Quý ông Trọng Bùi,40 Jane Số,Đồng Nai,VN,867731
3072,new,1754524800.0,14/04/1982,F,Ông Huy Trần,5 John Số,Khánh Hòa,VN,784408
3717,update,1754611200.0,26/02/2003,F,Phúc Mai,1 John Dãy,Cần Thơ,VN,604953
2012,new,1754611200.0,19/02/1983,M,Ông Thành Mai,5 Mai Hẻm,Bà Rịa - Vũng Tàu,VN,352974
1917,new,1754697600.0,27/12/1995,F,Tùng Đức Phạm,8 Dương Đường,Bà Rịa - Vũng Tàu,VN,382848
1390,new,1754697600.0,04/09/1999,F,Dũng Phạm,8 Mai Đường,Quảng Ninh,VN,265913
4504,new,1754697600.0,11/08/1994,M,Lan Trần,1 John Làng,Hà Nội,VN,293204
4640,update,1754697600.0,28/07/1995,F,An Mai,511 Jane Dãy,Cần Thơ,VN,831383
3408,new,1754697600.0,11/07/2004,F,Cô Thảo Bùi,91 John Khu,Hà Nội,VN,719917
4170,new,1754697600.0,21/09/1985,M,Nhật Mai Trần,7 Jane Số,Thừa Thiên Huế,VN,513196
1074,new,1754697600.0,30/04/1999,F,Quý cô Yến Mai,406 John Làng,Bắc Ninh,VN,862146
2025,update,1754784000.0,22/08/1965,F,Anh Trung Nguyễn,60 Jane Khu,Vinh,VN,156076
3043,new,1754784000.0,27/10/1989,F,Phúc Hữu Phạm,3 John Đường,Hải Phòng,VN,150772
3019,new,1754784000.0,21/12/2002,M,Quý cô Hương Nguyễn,4 John Hẻm,Cần Thơ,VN,496535
1155,new,1754784000.0,26/11/1988,F,Nhật Hải Dương,3 John Ngõ,Quảng Ninh,VN,819723
1971,new,1754870400.0,05/11/1971,F,Bảo Bảo Hoàng,6 Nguyễn Làng,Bà Rịa - Vũng Tàu,VN,765886
2627,update,1754870400.0,19/03/1997,F,Anh Phúc Phạm,5 Lê Đường,Huế,VN,654429
2975,new,1754870400.0,13/10/2003,M,Kim Phú Mai,77 Jane Dãy,Hồ Chí Minh,VN,529278
3742,new,1754870400.0,07/07/1988,M,Trọng Phạm,890 Mai Hẻm,Nghệ An,VN,384046
2829,update,1754870400.0,12/07/2001,F,Phương Nguyễn,023 Bùi Khu,Hồ Chí Minh,VN,674631
3772,new,1754870400.0,09/07/1999,F,Cô Nhật Bùi,65 John Đường,Bắc Ninh,VN,525516
4088,update,1754870400.0,20/11/1997,F,Bảo Hải Dương,74 Jane Làng,Quảng Ninh,VN,970090
3477,new,1754870400.0,26/02/1989,F,Phương Phạm,58 John Tổ,Lâm Đồng,VN,499305
1032,update,1754870400.0,08/02/1989,F,Quý ông Phúc Trần,07 Jane Dãy,Quảng Ninh,VN,398324
1271,update,1754870400.0,24/02/1970,F,Trung Trí Hoàng,075 Jane Hẻm,Hải Dương,VN,321820
2187,update,1754956800.0,28/06/2004,F,Khoa Mai Bùi,89 John Tổ,Hải Phòng,VN,561913
4310,new,1754956800.0,01/03/2000,M,Chi Bùi,39 Phạm Hẻm,Thừa Thiên Huế,VN,503274
3953,new,1754956800.0,09/03/1992,F,Khoa Phạm,528 Vũ Hẻm,Quảng Ninh,VN,720966
3822,new,1754956800.0,27/07/2006,F,Kim Hoàng,8 Đặng Làng,Đà Nẵng,VN,166833
2189,new,1754956800.0,31/05/1999,F,Chi Hoàng,587 Bùi Hẻm,Bình Dương,VN,654170
2157,new,1754956800.0,18/12/1971,M,Hoàng Bùi,89 Jane Số,Bà Rịa - Vũng Tàu,VN,149061
1404,new,1754956800.0,09/05/1977,F,Quý cô Khoa Mai,871 John Số,Bắc Ninh,VN,341014
1710,new,1754956800.0,22/05/2001,F,Nhiên Dương,611 Jane Làng,Lâm Đồng,VN,856706
3426,new,1754956800.0,11/03/2002,F,Minh Lê,1 John Làng,Lâm Đồng,VN,643479
4440,new,1755043200.0,05/12/1993,M,Thành Thế Mai,926 Mai Ngõ,Hải Phòng,VN,550356
3476,new,1755043200.0,21/04/1998,M,Anh Hưng Phạm,79 Nguyễn Tổ,Quảng Ninh,VN,486967
3801,update,1755043200.0,17/10/2006,F,Nhật Trí Dương,18 Đặng Khu,Vinh,VN,799176
3130,new,1755043200.0,05/09/2002,M,Chị Nhật Trần,813 John Ngõ,Thừa Thiên Huế,VN,975062
4683,new,1755043200.0,07/05/1991,F,Quý cô Bảo Nguyễn,63 John Ngõ,Khánh Hòa,VN,610736
2624,new,1755043200.0,08/01/1995,F,Cô An Vũ,712 John Hẻm,Đà Nẵng,VN,584358
4542,new,1755043200.0,30/10/1995,F,Khoa Lê,4 Dương Khu,Cần Thơ,VN,301452
2054,update,1755043200.0,03/03/2005,F,Cô Ánh Trần,70 Jane Làng,Hồ Chí Minh,VN,743944
2116,new,1755043200.0,16/02/2005,M,Nhật Đức Lê,82 Jane Đường,Bình Dương,VN,906554
3375,new,1755043200.0,06/11/1994,M,Duyên Phạm,09 Trần Hẻm,Đồng Nai,VN,242342
4109,new,1755043200.0,09/12/1966,F,Cô An Nguyễn,2 Hoàng Hẻm,Hà Nội,VN,116842
2659,update,1755043200.0,24/05/1995,M,Quý cô Phương Bùi,487 Đặng Tổ,Hà Nội,VN,951784
4523,new,1755043200.0,19/11/2002,F,Khoa Bùi,75 Jane Khu,Hải Dương,VN,522807
1152,update,1755129600.0,27/04/1992,F,Chị Vân Đặng,602 Hoàng Ngõ,Quảng Ninh,VN,675483
2489,new,1755129600.0,15/10/1981,M,Hải Hữu Phạm,7 Jane Làng,Nghệ An,VN,730453
3675,new,1755129600.0,20/04/2002,M,Cô Nhật Nguyễn,720 Trần Hẻm,Hải Phòng,VN,223405
4493,new,1755129600.0,16/02/2001,M,Chị Yến Lê,6 Đặng Hẻm,Lâm Đồng,VN,268391
4876,new,1755129600.0,09/07/1988,M,Hạnh Mai,18 Jane Số,Bắc Ninh,VN,965483
4034,new,1755129600.0,16/09/1990,F,Vi Đặng,11 Mai Tổ,Đồng Nai,VN,709240
1212,new,1755129600.0,06/02/1996,F,Ông Huy Mai,9 Đặng Đường,Quảng Ninh,VN,227286
3188,new,1755129600.0,22/03/1988,M,Bà Hạnh Lê,57 Hoàng Đường,Lâm Đồng,VN,615326
3366,new,1755216000.0,12/07/1998,F,Hạnh Trần,02 Dương Dãy,Hải Phòng,VN,446627
3993,new,1755216000.0,28/02/2000,M,Phúc Mai Bảo Đặng,71 Jane Số,Hà Nội,VN,942037
3246,update,1755216000.0,19/09/1997,F,Cô Yến Nguyễn,43 Jane Hẻm,Thừa Thiên Huế,VN,320584
1946,new,1755216000.0,18/04/1997,F,An Thế Bùi,7 Đặng Làng,Lâm Đồng,VN,673869
1481,new,1755216000.0,19/10/2001,F,Quý ông Trung Hoàng,3 Nguyễn Tổ,Khánh Hòa,VN,663166
3702,new,1755216000.0,07/10/2001,M,Bảo Quang Dương,4 Jane Ngõ,Đà Nẵng,VN,451710
2445,new,1755216000.0,21/08/1966,F,Kim Thị Hoàng,50 Đặng Số,Hải Dương,VN,892568
4191,update,1755216000.0,11/02/2007,M,Thành Vũ,25 Hoàng Khu,Cần Thơ,VN,537534
4795,new,1755302400.0,31/03/1982,M,Lan Đặng,884 Mai Ngõ,Hải Phòng,VN,908061
3792,new,1755302400.0,12/11/1995,M,Bác Khoa Bùi,47 John Ngõ,Hồ Chí Minh,VN,971625
2612,new,1755302400.0,25/06/1995,F,An Đặng,23 John Khu,Đồng Nai,VN,408150
2303,new,1755302400.0,06/08/2004,M,Chị An Đặng,471 Đặng Hẻm,Lâm Đồng,VN,324524
1614,new,1755302400.0,02/04/1993,F,Khoa Trần,19 Lê Hẻm,Hồ Chí Minh,VN,940255
3571,new,1755388800.0,18/05/2001,M,Nhật Mai Bảo Bùi,29 Đặng Tổ,Cần Thơ,VN,628755
1770,new,1755388800.0,08/12/1996,F,Vân Bùi,5 John Số,Hải Dương,VN,691586
2505,new,1755388800.0,22/09/1992,F,Minh Thị Dương,8 Nguyễn Số,Hải Dương,VN,403883
1036,new,1755388800.0,20/08/1999,M,Phúc Mai Bảo Bùi,396 Nguyễn Làng,Thừa Thiên Huế,VN,874616
3535,new,1755388800.0,23/10/1990,M,Lâm Dương,2 Lê Số,Hà Nội,VN,753488
4967,new,1755388800.0,01/05/1998,F,Lan Phạm,88 Phạm Làng,Khánh Hòa,VN,233832
1070,update,1755388800.0,30/08/1974,M,Trung Phú Hoàng,80 Jane Dãy,Đà Nẵng,VN,560855
2402,new,1755475200.0,04/12/1970,F,Châu Vũ,709 John Khu,Bình Dương,VN,891851
3558,new,1755475200.0,09/07/1999,M,Hà Lê,14 Jane Dãy,Hà Nội,VN,537721
3871,new,1755475200.0,09/05/1977,M,Thảo Đặng,19 John Ngõ,Bình Dương,VN,610380
4617,new,1755561600.0,26/08/2007,F,Quý ông Nam Dương,534 Dương Hẻm,Quảng Ninh,VN,633741
1913,new,1755561600.0,24/12/1996,F,Thảo Dương,0 Hoàng Khu,Bình Dương,VN,745180
3172,new,1755561600.0,22/10/1989,M,Thảo Trần,845 John Số,Hải Phòng,VN,489228
4518,new,1755561600.0,13/09/1980,F,Quý ông Quang Lê,71 Jane Ngõ,Nghệ An,VN,864663
3844,new,1755561600.0,13/12/1972,M,Bác Huy Phạm,567 Jane Ngõ,Hà Nội,VN,701126
3051,update,1755561600.0,26/09/1997,M,Nam Hoàng Đặng,370 Jane Hẻm,Quảng Ninh,VN,332455
3606,update,1755561600.0,28/05/2003,M,Khoa Đặng,778 Jane Làng,Cần Thơ,VN,183475
2032,new,1755561600.0,03/09/1990,F,Cô Hồng Bùi,945 Phạm Dãy,Thừa Thiên Huế,VN,387742
3412,new,1755561600.0,26/12/1976,M,Anh Tú Vũ,73 Vũ Khu,Bà Rịa - Vũng Tàu,VN,877492
2257,update,1755561600.0,15/10/1975,M,Cô Duyên Nguyễn,0 Jane Số,Hà Nội,VN,959419
1166,new,1755561600.0,13/02/2004,M,Huy Mai Hoàng,00 Jane Làng,Hải Phòng,VN,974161
3608,new,1755561600.0,22/07/2000,M,Bà Lan Lê,82 Jane Tổ,Bắc Ninh,VN,266797
2401,new,1755648000.0,30/12/2003,F,Hải Phạm,9 John Số,Khánh Hòa,VN,416401
2960,new,1755648000.0,18/01/2005,F,Bà Khoa Lê,40 John Khu,Cần Thơ,VN,258776
1911,new,1755648000.0,15/10/2004,F,Lâm Đức Đặng,53 John Ngõ,Bắc Ninh,VN,784831
3657,new,1755734400.0,10/05/1995,F,Quý cô Khoa Mai,8 John Tổ,Thừa Thiên Huế,VN,731488
3415,new,1755734400.0,07/09/1981,M,Phúc Phạm,830 Phạm Tổ,Bà Rịa - Vũng Tàu,VN,828250
2609,new,1755734400.0,26/06/2003,F,Anh Anh Mai,314 Bùi Số,Hà Nội,VN,542730
2359,new,1755734400.0,29/06/2001,F,Khoa Tấn Bùi,0 Jane Ngõ,Quảng Ninh,VN,602719
3702,update,1755734400.0,07/10/2001,M,Bảo Quang Dương,3 Lê Ngõ,Đà Nẵng,VN,354098
3058,new,1755734400.0,03/09/1993,M,Ánh Vũ,988 Nguyễn Khu,Thừa Thiên Huế,VN,966396
1384,new,1755734400.0,03/01/2007,M,Lâm Trần,735 John Hẻm,Nghệ An,VN,263426
1557,new,1755820800.0,30/01/2002,F,Bác Huy Lê,566 Lê Ngõ,Cần Thơ,VN,256578
2120,new,1755820800.0,11/12/1983,F,Phương Xuân Dương,2 John Dãy,Cần Thơ,VN,656329
2179,new,1755820800.0,11/09/1975,F,An Đức Đặng,9 Jane Ngõ,Quảng Ninh,VN,110385
1804,new,1755820800.0,16/03/1980,F,Quý ông Châu Phạm,1 Đặng Đường,Quảng Ninh,VN,341016
2380,new,1755820800.0,27/09/1994,F,Kim Hoàng,35 Lê Đường,Nghệ An,VN,850252
1606,update,1755820800.0,22/04/1979,F,Bảo Tấn Nguyễn,093 John Hẻm,Cần Thơ,VN,641822
3766,update,1755907200.0,26/04/1993,M,Mai Bùi,8 Trần Ngõ,Nha Trang,VN,640106
1826,new,1755907200.0,01/01/1993,M,Kim Hoàng Đặng,76 Jane Tổ,Đồng Nai,VN,662880
1219,new,1755993600.0,16/10/2007,F,Vũ Bảo Nguyễn,8 Mai Số,Khánh Hòa,VN,936845
1941,update,1755993600.0,30/04/2007,F,Hương Hoàng,68 Phạm Dãy,Hồ Chí Minh,VN,229437
2564,new,1755993600.0,23/02/1996,M,Chị Nhật Hoàng,265 Nguyễn Khu,Hải Phòng,VN,790826
3617,new,1755993600.0,07/01/1966,F,Thành Nguyễn,008 Đặng Đường,Cần Thơ,VN,292857
4904,new,1755993600.0,20/08/1986,F,Vi Nguyễn,159 John Tổ,Hải Phòng,VN,888971
3739,new,1756080000.0,29/07/1990,F,Thành Nguyễn,6 Jane Làng,Cần Thơ,VN,873370
3790,new,1756080000.0,22/03/1998,F,Huy Đức Mai,2 Jane Dãy,Quảng Ninh,VN,369513
3554,new,1756080000.0,08/07/1969,F,Ông Bảo Phạm,8 Trần Số,Cần Thơ,VN,741773
2162,update,1756080000.0,09/01/2001,M,Phương Xuân Nguyễn,8 Trần Số,Hải Phòng,VN,714533
1306,new,1756080000.0,21/07/1995,M,Hạnh Bảo Vũ,4 John Dãy,Bà Rịa - Vũng Tàu,VN,275435
4776,new,1756080000.0,02/01/1996,M,Phúc Hoàng,2 Lê Số,Đà Nẵng,VN,165416
1684,new,1756080000.0,15/12/1998,F,Vân Trần,6 Hoàng Làng,Hải Dương,VN,178504
4943,new,1756166400.0,16/11/1996,F,Kim Bảo Mai,913 Jane Đường,Hà Nội,VN,177209
2339,new,1756166400.0,14/10/1983,M,Quang Phú Lê,18 Jane Tổ,Quảng Ninh,VN,148768
1735,new,1756166400.0,01/08/2005,M,Huy Bùi,64 Jane Đường,Hải Phòng,VN,532889
3958,update,1756166400.0,23/09/2007,M,Ông Anh Đặng,4 Jane Đường,Vinh,VN,274180
2441,new,1756166400.0,18/04/1985,M,Anh Trí Nguyễn,856 John Số,Cần Thơ,VN,425187
1663,new,1756166400.0,01/06/2003,F,Quý ông Tú Trần,546 John Số,Quảng Ninh,VN,646934
2452,new,1756166400.0,05/03/1995,M,Trọng Văn Phạm,98 Hoàng Làng,Đồng Nai,VN,816013
3129,new,1756252800.0,07/03/1989,F,Quý cô Hạnh Phạm,56 Mai Khu,Cần Thơ,VN,340708
3404,new,1756252800.0,22/07/1992,M,Vân Phạm,06 Jane Số,Hải Phòng,VN,565807
1700,new,1756252800.0,22/12/2004,M,Lâm Thị Lê,27 Jane Tổ,Cần Thơ,VN,442525
4309,new,1756252800.0,27/03/2004,M,Huy Phạm,849 Jane Hẻm,Hải Dương,VN,957825
4773,new,1756252800.0,27/08/1975,M,Cô Hà Hoàng,1 Nguyễn Hẻm,Lâm Đồng,VN,692331
3105,new,1756252800.0,16/09/2007,M,Hưng Hoàng,2 Jane Ngõ,Quảng Ninh,VN,992077
2200,new,1756339200.0,18/10/1988,F,Cô Bảo Nguyễn,63 Đặng Ngõ,Hồ Chí Minh,VN,526821
3101,update,1756339200.0,08/02/1981,M,Nhật Bùi,256 John Số,Hải Dương,VN,139963
2309,new,1756339200.0,24/12/1987,F,Nam Bảo Dương,476 Bùi Dãy,Thừa Thiên Huế,VN,442418
1022,new,1756339200.0,30/12/1999,M,Hạnh Đặng,39 Jane Khu,Hải Phòng,VN,948228
2854,new,1756339200.0,07/05/2007,M,Tú Mai,48 Hoàng Số,Khánh Hòa,VN,335930
4919,new,1756339200.0,30/10/1978,M,Lâm Bảo Lê,245 Jane Khu,Đồng Nai,VN,640478
1817,new,1756425600.0,09/04/2006,F,Thành Đức Bùi,07 Bùi Đường,Hải Phòng,VN,185032
3580,new,1756425600.0,26/01/1995,M,Cô Thành Trần,187 John Số,Bình Dương,VN,491123
2834,new,1756425600.0,04/08/2006,F,Chị Yến Phạm,0 Jane Làng,Hà Nội,VN,154322
2454,new,1756425600.0,01/11/2007,F,Ông Nam Dương,514 John Khu,Lâm Đồng,VN,892578
1545,new,1756425600.0,20/01/2003,M,Thảo Hoàng,0 John Khu,Lâm Đồng,VN,935536
2714,new,1756425600.0,28/01/1991,F,Dũng Hoàng Hoàng,486 Lê Tổ,Bà Rịa - Vũng Tàu,VN,776366
4560,new,1756425600.0,10/03/2002,M,Chị Hạnh Bùi,038 John Đường,Bình Dương,VN,255960
1950,new,1756425600.0,26/02/1994,F,Phương Hoàng Dương,61 Hoàng Làng,Bà Rịa - Vũng Tàu,VN,954416
1949,new,1756512000.0,23/04/1995,F,Bác Vũ Dương,8 Dương Làng,Thừa Thiên Huế,VN,319572
3301,new,1756512000.0,05/07/2002,M,Thành Tấn Mai,670 Vũ Khu,Khánh Hòa,VN,102336
1255,update,1756512000.0,23/12/1982,M,Hương Đặng,114 Vũ Tổ,Đà Nẵng,VN,272678
1539,new,1756512000.0,03/01/1981,M,Chị Hạnh Dương,544 Mai Đường,Hải Phòng,VN,927028
4383,update,1756512000.0,09/12/1995,F,Dũng Đức Vũ,8 John Làng,Vinh,VN,612601
4327,new,1756512000.0,21/07/1967,F,Hạnh Đặng,146 Đặng Làng,Nghệ An,VN,194638
2907,new,1756598400.0,13/12/1998,F,Hà Phạm,231 Jane Khu,Hà Nội,VN,939337
3387,new,1756598400.0,06/07/2000,F,Duyên Hoàng,644 Jane Tổ,Quảng Ninh,VN,754994
1851,new,1756598400.0,10/07/2005,F,Hải Xuân Phạm,684 John Số,Lâm Đồng,VN,331492
4956,new,1756598400.0,15/11/1984,M,Khoa Thế Đặng,466 Lê Khu,Hải Phòng,VN,237121
1662,new,1756598400.0,21/12/1987,M,Hoàng Bảo Vũ,2 Jane Làng,Bình Dương,VN,886047
1609,new,1756598400.0,16/08/1990,F,An Mai Bảo Hoàng,67 John Khu,Hà Nội,VN,249243
3857,new,1756598400.0,24/06/1989,F,Chị Xuân Dương,2 John Khu,Hà Nội,VN,828178
3401,new,1756598400.0,29/11/1986,M,Quý cô Yến Vũ,6 Phạm Hẻm,Bắc Ninh,VN,819468
4895,new,1756684800.0,08/11/2003,M,Chị Phương Lê,154 Hoàng Số,Khánh Hòa,VN,845716
4051,new,1756684800.0,02/11/2004,M,Cô Kim Bùi,921 Hoàng Làng,Bà Rịa - Vũng Tàu,VN,556537
2733,new,1756684800.0,14/06/1999,F,Hạnh Bảo Lê,896 Bùi Số,Bình Dương,VN,934637
3336,new,1756684800.0,13/03/1993,M,Xuân Dương,289 Jane Khu,Bà Rịa - Vũng Tàu,VN,394504
1422,update,1756771200.0,25/12/1983,M,Cô An Vũ,975 Vũ Đường,Quảng Ninh,VN,566538
2767,new,1756771200.0,27/09/1996,M,Cô Hương Trần,923 Jane Tổ,Nghệ An,VN,226627
2649,new,1756857600.0,28/09/1977,F,Quý ông Bảo Trần,76 Phạm Tổ,Thừa Thiên Huế,VN,496353
1052,update,1756857600.0,14/08/1976,M,Bác Quang Nguyễn,06 Nguyễn Dãy,Đồng Nai,VN,545860
2145,new,1756857600.0,18/08/1999,F,Hưng Dương,4 Nguyễn Số,Nghệ An,VN,125321
2853,new,1756857600.0,12/06/2004,F,Ông Hưng Hoàng,875 Đặng Dãy,Khánh Hòa,VN,920603
2371,new,1756857600.0,06/08/2004,M,Khoa Nguyễn,62 Đặng Làng,Nghệ An,VN,565952
2882,new,1756857600.0,09/12/1989,M,Bảo Xuân Đặng,36 Vũ Dãy,Bà Rịa - Vũng Tàu,VN,437993
3134,new,1756944000.0,15/11/1992,F,An Vũ,8 Jane Tổ,Đồng Nai,VN,891095
2866,new,1756944000.0,06/01/2000,F,Bác Dũng Dương,55 Phạm Làng,Hồ Chí Minh,VN,688624
3582,new,1756944000.0,23/08/2000,F,Quang Nguyễn,6 Jane Dãy,Hồ Chí Minh,VN,549720
2247,new,1756944000.0,19/03/2007,M,Yến Vũ,548 Jane Làng,Nghệ An,VN,771976
2486,update,1756944000.0,08/10/2002,M,Trọng Nguyễn,404 John Tổ,Hải Dương,VN,926911
4302,new,1756944000.0,29/07/2001,M,Trung Vũ,6 Mai Ngõ,Bắc Ninh,VN,189283
3090,new,1756944000.0,28/04/2003,M,Bà Nhật Lê,230 Vũ Tổ,Đà Nẵng,VN,754617
2024,new,1756944000.0,06/01/1994,M,Tú Văn Đặng,0 Jane Ngõ,Quảng Ninh,VN,808123
4961,new,1756944000.0,22/07/2003,M,Bảo Đặng,31 Lê Khu,Đồng Nai,VN,207820
4051,update,1757030400.0,02/11/2004,M,Cô Kim Bùi,24 Nguyễn Số,Hồ Chí Minh,VN,298986
4454,update,1757030400.0,01/07/1995,F,Hưng Xuân Đặng,852 Lê Đường,Đồng Nai,VN,729420
2819,new,1757030400.0,23/10/2002,F,Quý ông Trọng Hoàng,5 Hoàng Đường,Bắc Ninh,VN,918608
2970,new,1757030400.0,04/08/1984,M,Ông Vũ Phạm,089 Jane Ngõ,Hải Dương,VN,198486
1464,new,1757030400.0,09/04/2000,M,Anh Huy Phạm,249 Jane Làng,Bắc Ninh,VN,687133
1129,new,1757030400.0,07/12/2005,M,Hải Lê,3 Nguyễn Đường,Hà Nội,VN,666427
3433,new,1757030400.0,01/12/2004,F,Dũng Bùi,88 Jane Làng,Hà Nội,VN,814268
4631,update,1757030400.0,20/02/1999,F,Mai Phạm,3 John Số,Lâm Đồng,VN,872465
4617,update,1757116800.0,26/08/2007,F,Nhật Hữu Dương,534 Dương Hẻm,Quảng Ninh,VN,633741
1915,new,1757116800.0,23/04/1995,F,Khoa Tấn Phạm,81 Vũ Hẻm,Cần Thơ,VN,309180
3917,new,1757116800.0,09/12/2002,M,Thành Đức Đặng,986 Jane Hẻm,Bà Rịa - Vũng Tàu,VN,988217
1338,new,1757116800.0,20/10/1997,F,Dũng Vũ,001 Đặng Số,Lâm Đồng,VN,136934
2863,new,1757203200.0,23/08/1999,F,Bà Linh Vũ,5 John Đường,Đà Nẵng,VN,786403
1792,new,1757203200.0,19/06/1995,M,Anh Dũng Vũ,0 Mai Khu,Hồ Chí Minh,VN,140612
2388,new,1757203200.0,20/01/1991,F,Vũ Văn Phạm,139 John Số,Khánh Hòa,VN,651001
2092,new,1757203200.0,23/01/1999,F,Hồng Vũ,478 John Dãy,Lâm Đồng,VN,993848
2628,new,1757203200.0,11/01/2002,F,An Đặng,527 John Đường,Lâm Đồng,VN,343824
2777,update,1757203200.0,29/01/1984,M,Chị Nhật Trần,450 John Dãy,Đà Nẵng,VN,440026
4382,new,1757203200.0,06/03/1971,F,Cô Vân Mai,61 Đặng Dãy,Đà Nẵng,VN,356607
1763,new,1757203200.0,02/06/1993,F,Lâm Bảo Đặng,4 Dương Dãy,Đà Nẵng,VN,670402
1723,new,1757203200.0,04/12/1999,M,Hải Vũ,6 Hoàng Số,Hải Dương,VN,389556
2836,new,1757289600.0,26/03/1999,M,Lâm Vũ,994 Lê Làng,Hà Nội,VN,706681
1593,update,1757289600.0,19/02/2006,F,Anh Trọng Phạm,1 Jane Dãy,Hải Phòng,VN,907194
3264,new,1757289600.0,24/03/1994,M,Bảo Nguyễn,21 Bùi Ngõ,Nghệ An,VN,257530
3940,new,1757289600.0,08/11/1987,F,Lan Dương,7 Bùi Ngõ,Bà Rịa - Vũng Tàu,VN,796131
2577,new,1757289600.0,08/05/1984,M,Mai Nguyễn,1 John Tổ,Bình Dương,VN,358948
1939,update,1757376000.0,17/11/2002,F,Dũng Vũ,637 Hoàng Đường,Hải Dương,VN,837126
4619,update,1757376000.0,23/05/2007,M,Bảo Trí Nguyễn,53 Hoàng Ngõ,Nha Trang,VN,338356
3003,update,1757376000.0,03/05/1999,M,Vân Phạm,626 Bùi Dãy,Hồ Chí Minh,VN,877549
4842,new,1757376000.0,28/05/1999,M,Bà Nhật Lê,5 Vũ Đường,Nghệ An,VN,690223
1602,new,1757376000.0,25/11/1999,M,Trung Trí Nguyễn,6 Jane Làng,Bà Rịa - Vũng Tàu,VN,653995
4748,new,1757376000.0,25/06/1996,M,Khoa Đặng,79 Jane Tổ,Hà Nội,VN,403999
3025,new,1757376000.0,13/03/1969,F,Huy Xuân Đặng,88 Bùi Tổ,Hải Phòng,VN,937795
1934,new,1757462400.0,25/11/2007,F,Nhật Lê,16 Jane Khu,Hồ Chí Minh,VN,327976
3935,update,1757462400.0,30/12/1988,F,Bà Mai Nguyễn,046 Nguyễn Làng,Cần Thơ,VN,626627
1428,new,1757462400.0,28/11/1999,M,Hoàng Thế Lê,636 John Khu,Hải Dương,VN,583797
4491,new,1757462400.0,08/08/2000,F,Quý ông Tùng Dương,84 Hoàng Số,Bình Dương,VN,110670
1973,new,1757462400.0,24/12/2007,F,Lan Mai,63 Đặng Làng,Thừa Thiên Huế,VN,794281
4202,new,1757462400.0,30/11/2005,M,Ánh Phạm,35 Jane Làng,Đồng Nai,VN,115561
3450,new,1757462400.0,28/08/2000,M,Hoàng Vũ,531 Dương Số,Khánh Hòa,VN,559835
3079,new,1757548800.0,01/10/2004,F,Quý cô Nhật Đặng,107 Mai Hẻm,Bắc Ninh,VN,169847
2518,update,1757548800.0,29/11/1997,M,Bà Thành Bùi,888 Jane Dãy,Vinh,VN,526829
2696,new,1757548800.0,08/12/2006,M,Kim Mai Bảo Trần,58 Mai Số,Lâm Đồng,VN,871342
2596,update,1757548800.0,01/01/1995,F,Trọng Hữu Lê,572 Lê Đường,Huế,VN,866027
1356,new,1757635200.0,09/10/1965,M,Lâm Trí Hoàng,27 Mai Khu,Lâm Đồng,VN,690156
2217,new,1757635200.0,30/06/1999,F,Khoa Nguyễn,64 John Khu,Bình Dương,VN,765767
2577,update,1757635200.0,08/05/1984,M,Mai Nguyễn,799 Jane Ngõ,Hải Phòng,VN,324813
2811,new,1757635200.0,22/10/1995,F,Bà Hương Bùi,92 Jane Số,Đà Nẵng,VN,542870
4598,new,1757635200.0,20/06/2006,F,Duyên Hoàng,7 John Dãy,Nghệ An,VN,825765
3305,new,1757635200.0,12/10/1997,F,Bà Hồng Phạm,306 John Số,Hải Dương,VN,655074
2478,new,1757635200.0,05/05/1995,F,Yến Phạm,24 Hoàng Số,Đà Nẵng,VN,731956
4081,new,1757635200.0,02/10/2000,F,Phương Phú Đặng,40 Nguyễn Hẻm,Đà Nẵng,VN,331101
4478,new,1757721600.0,19/01/2001,F,Khoa Đức Đặng,29 Đặng Số,Hồ Chí Minh,VN,518152
4884,new,1757721600.0,26/03/2001,M,Huy Hải Mai,003 Đặng Đường,Đà Nẵng,VN,827185
4934,new,1757721600.0,23/05/1966,M,Bác Trung Nguyễn,7 Dương Ngõ,Bắc Ninh,VN,692875
2241,new,1757721600.0,28/07/2000,M,Hoàng Trần,39 Nguyễn Ngõ,Hà Nội,VN,391106
1880,new,1757721600.0,06/02/2003,M,Tùng Phú Nguyễn,765 Trần Dãy,Hà Nội,VN,470257
4068,new,1757721600.0,10/05/2006,M,Cô Thảo Hoàng,833 Đặng Hẻm,Nghệ An,VN,259129
4843,update,1757721600.0,05/07/1976,F,Linh Trần,24 John Khu,Hải Phòng,VN,758734
2131,new,1757721600.0,20/12/1991,M,Hương Mai,38 Trần Ngõ,Đồng Nai,VN,625335
3244,new,1757721600.0,29/08/1991,F,Nhật Vũ,50 John Đường,Đồng Nai,VN,848922
3919,new,1757721600.0,31/07/2001,F,Trung Hữu Nguyễn,104 Hoàng Số,Bà Rịa - Vũng Tàu,VN,290085
4776,update,1757808000.0,02/01/1996,M,Quý cô Xuân Lê,2 Lê Số,Đà Nẵng,VN,165416
1248,new,1757808000.0,28/09/2005,F,Hoàng Bùi,48 Jane Dãy,Hồ Chí Minh,VN,288883
4635,update,1757808000.0,23/08/2000,F,Cô An Vũ,777 Jane Hẻm,Nghệ An,VN,864791
3395,update,1757808000.0,07/02/2000,F,Hải Hoàng Hoàng,4 Phạm Số,Đà Nẵng,VN,548041
1027,new,1757808000.0,22/08/1973,F,Chị Yến Đặng,5 Bùi Tổ,Bà Rịa - Vũng Tàu,VN,932702
1170,new,1757808000.0,29/04/1996,M,Trung Hải Hoàng,66 John Đường,Cần Thơ,VN,494323
1228,new,1757808000.0,13/06/1985,F,Chi Mai,6 Dương Tổ,Bình Dương,VN,540578
1636,update,1757808000.0,18/01/1992,F,Quý cô Thành Bùi,9 John Làng,Vinh,VN,907325
1425,update,1757808000.0,14/03/2006,M,An Hải Bùi,2 Jane Đường,Đồng Nai,VN,147716
1563,new,1757808000.0,19/04/1986,F,Quang Mai Dương,41 John Ngõ,Hồ Chí Minh,VN,425424
1779,new,1757808000.0,21/05/1977,F,Chị Ánh Vũ,6 Jane Số,Khánh Hòa,VN,287366
3242,update,1757894400.0,27/09/1998,F,Khoa Trần,340 Jane Dãy,Lâm Đồng,VN,379031
1086,new,1757894400.0,05/11/2003,F,Hưng Thị Đặng,7 Dương Làng,Đà Nẵng,VN,411904
3416,new,1757894400.0,09/06/2006,F,Yến Phạm,076 John Tổ,Hải Phòng,VN,745638
4718,new,1757894400.0,27/07/1986,F,Chị Hạnh Vũ,88 Jane Hẻm,Cần Thơ,VN,937905
2974,new,1757894400.0,22/09/1982,M,Vi Bùi,6 Trần Đường,Bắc Ninh,VN,851308
4533,new,1757894400.0,15/09/2006,F,Chị Nhật Trần,497 John Hẻm,Thừa Thiên Huế,VN,614455
3400,new,1757980800.0,29/03/2007,M,Cô Nhật Bùi,781 Jane Số,Đồng Nai,VN,553783
3296,new,1757980800.0,09/02/1998,F,Nam Thị Đặng,68 Jane Hẻm,Bắc Ninh,VN,992655
4071,update,1757980800.0,27/09/1999,F,Nam Hoàng,698 Jane Làng,Cần Thơ,VN,543495
3454,new,1757980800.0,16/02/2002,M,Hà Phú Nguyễn,11 John Dãy,Bắc Ninh,VN,504228
1738,new,1757980800.0,23/10/1988,M,Chị Hải Hoàng,667 Jane Dãy,Thừa Thiên Huế,VN,713039
4474,new,1757980800.0,31/07/2004,F,Huy Đức Đặng,25 John Ngõ,Khánh Hòa,VN,110592
1902,new,1757980800.0,13/10/1987,M,Lan Đặng,983 Lê Số,Thừa Thiên Huế,VN,825147
1621,new,1758067200.0,20/10/1999,M,Quý cô Mai Vũ,8 Jane Đường,Đồng Nai,VN,877676
3910,new,1758067200.0,25/04/2001,M,Quý cô Hải Lê,43 Jane Đường,Bình Dương,VN,962997
2997,new,1758067200.0,28/06/2007,M,Cô Ngọc Nguyễn,776 Mai Dãy,Đồng Nai,VN,392545
1409,new,1758067200.0,27/01/1984,M,Anh Bảo Hoàng,235 Nguyễn Dãy,Nghệ An,VN,813564
4983,update,1758067200.0,27/08/1984,F,Chị Bảo Nguyễn,2 Vũ Số,Hải Phòng,VN,200473
4758,new,1758240000.0,06/02/2005,F,Chị Hà Dương,960 Đặng Đường,Cần Thơ,VN,617979
2286,new,1758240000.0,02/07/2004,F,Hoàng Phạm,66 Phạm Đường,Đồng Nai,VN,494544
2303,update,1758240000.0,06/08/2004,M,Anh Tú Mai,471 Đặng Hẻm,Lâm Đồng,VN,324524
1459,new,1758240000.0,17/11/2000,M,Quý cô An Đặng,3 Bùi Hẻm,Hồ Chí Minh,VN,466776
3171,new,1758240000.0,30/06/1983,M,Bảo Thị Bùi,943 John Ngõ,Quảng Ninh,VN,943640
4289,new,1758240000.0,25/05/2007,M,Cô Dương Bùi,32 Trần Ngõ,Đồng Nai,VN,897449
2480,new,1758240000.0,24/06/1994,M,Bác Châu Mai,565 Trần Ngõ,Hải Dương,VN,908018
2898,new,1758240000.0,12/10/1986,F,Thành Đặng,4 John Số,Đà Nẵng,VN,653674
2102,new,1758326400.0,12/10/1980,F,Chị Lan Phạm,05 Trần Ngõ,Hà Nội,VN,419220
2669,new,1758326400.0,04/08/1998,F,Ông Phúc Vũ,5 Lê Đường,Hà Nội,VN,294631
2859,new,1758326400.0,30/09/1993,M,Bà Kim Dương,7 Đặng Dãy,Bắc Ninh,VN,695725
3859,new,1758326400.0,09/10/1995,F,Chị Khoa Nguyễn,750 John Số,Đồng Nai,VN,323213
4050,new,1758326400.0,30/12/1990,F,Hạnh Phú Trần,046 Mai Ngõ,Bắc Ninh,VN,499518
3155,update,1758326400.0,11/02/1996,M,Xuân Dương,705 Dương Hẻm,Hà Nội,VN,392931
1592,update,1758326400.0,07/03/1996,F,Hồng Trần,40 John Đường,Hà Nội,VN,308482
3490,new,1758412800.0,25/11/2006,M,Khoa Hoàng Mai,04 Vũ Dãy,Đà Nẵng,VN,474200
1424,new,1758412800.0,03/01/1971,F,Quang Dương,4 Đặng Số,Đồng Nai,VN,287059
4582,new,1758412800.0,08/01/1980,M,An Hải Hoàng,24 Lê Hẻm,Thừa Thiên Huế,VN,714787
1784,new,1758412800.0,05/06/1977,F,Bảo Thị Mai,9 John Ngõ,Quảng Ninh,VN,752393
1965,new,1758412800.0,15/10/1983,M,Tùng Mai Nguyễn,5 John Hẻm,Bình Dương,VN,429674
3684,update,1758499200.0,05/03/1984,F,Quang Lê,477 Bùi Ngõ,Bình Dương,VN,493088
3871,update,1758499200.0,09/05/1977,M,Thảo Đặng,016 Jane Hẻm,Vinh,VN,579798
4968,new,1758499200.0,12/04/2007,M,Anh Lê,84 Nguyễn Khu,Hải Dương,VN,959376
1513,new,1758499200.0,09/04/2001,M,Hoàng Hữu Trần,05 Jane Làng,Hà Nội,VN,993370
3905,new,1758499200.0,13/11/2000,F,Hưng Phú Đặng,86 Dương Ngõ,Quảng Ninh,VN,967436
1056,new,1758499200.0,12/12/1990,M,Quang Bùi,520 John Dãy,Đồng Nai,VN,589837
2654,new,1758585600.0,09/01/2000,M,Quang Thị Đặng,28 Bùi Ngõ,Hải Dương,VN,794898
1827,new,1758585600.0,16/10/2003,F,Bà Thành Mai,7 John Hẻm,Đồng Nai,VN,446718
4752,new,1758672000.0,14/06/2006,M,Kim Mai Đặng,75 Bùi Dãy,Quảng Ninh,VN,706856
1677,new,1758672000.0,06/10/2005,F,Quý cô Nhật Nguyễn,70 Trần Hẻm,Hồ Chí Minh,VN,599665
4999,new,1758672000.0,13/01/1995,M,Nhật Lê,790 Mai Đường,Hải Dương,VN,492400
4723,new,1758672000.0,27/07/1989,M,Hạnh Bảo Hoàng,750 Bùi Số,Hải Dương,VN,867174
1224,update,1758672000.0,05/03/2004,M,Hạnh Lê,786 Jane Ngõ,Hồ Chí Minh,VN,745493
3493,new,1758758400.0,06/01/2006,M,Hương Phạm,62 Trần Khu,Bắc Ninh,VN,637280
1641,update,1758758400.0,19/07/1999,F,Nhật Phạm,761 Nguyễn Hẻm,Vinh,VN,435542
2126,new,1758758400.0,26/05/1983,F,Vũ Hải Vũ,4 John Ngõ,Bắc Ninh,VN,743180
1178,new,1758758400.0,05/05/2007,F,Quang Vũ,3 Jane Tổ,Nghệ An,VN,367446
1903,new,1758758400.0,07/07/1980,F,Vũ Tấn Phạm,46 John Dãy,Hải Dương,VN,848365
1133,new,1758758400.0,08/01/1994,M,Phương Dương,58 Bùi Dãy,Quảng Ninh,VN,529493
4044,new,1758844800.0,18/03/1989,F,Nhật Bùi,44 John Khu,Đà Nẵng,VN,212314
1671,new,1758844800.0,21/11/1998,F,Quý cô Lâm Đặng,09 John Khu,Đà Nẵng,VN,240981
1091,new,1758844800.0,21/09/2004,M,Cô Ánh Dương,40 John Dãy,Cần Thơ,VN,813152
2258,new,1758844800.0,09/01/1968,M,Huy Phạm,859 John Đường,Lâm Đồng,VN,277855
1308,new,1758844800.0,18/06/2006,M,Hoàng Vũ,671 Phạm Dãy,Quảng Ninh,VN,603985
3183,new,1758844800.0,25/09/1992,F,Khoa Quang Đặng,400 John Đường,Đà Nẵng,VN,646143
1123,new,1758844800.0,26/04/1982,M,Cô Thành Hoàng,437 Mai Khu,Hải Phòng,VN,158151
1568,update,1758931200.0,04/10/1994,F,Vân Mai,55 John Khu,Nha Trang,VN,932707
3759,update,1758931200.0,11/05/1982,M,Ông Anh Mai,04 Lê Số,Hà Nội,VN,773617
3249,new,1758931200.0,12/11/1967,F,Nhiên Bùi,31 John Làng,Bà Rịa - Vũng Tàu,VN,568458
1807,update,1758931200.0,24/02/2004,F,Quý ông Phúc Dương,716 Hoàng Đường,Vinh,VN,916757
2757,update,1758931200.0,13/06/1986,M,Hạnh Dương,411 Trần Đường,Khánh Hòa,VN,900905
3150,new,1758931200.0,31/03/1989,F,Bác Nhiên Mai,70 Mai Đường,Hải Dương,VN,228969
3909,new,1758931200.0,12/06/2007,F,Xuân Bùi,83 John Số,Hải Dương,VN,108806
2637,new,1758931200.0,16/01/2002,M,Hà Trí Đặng,984 John Ngõ,Khánh Hòa,VN,198924
2350,new,1758931200.0,15/07/1998,F,Tùng Xuân Hoàng,9 Nguyễn Hẻm,Quảng Ninh,VN,310885
1406,new,1759017600.0,24/01/1999,F,Hạnh Đặng,7 John Làng,Thừa Thiên Huế,VN,792830
1145,new,1759017600.0,20/01/2002,M,Cô Hồng Phạm,230 John Ngõ,Thừa Thiên Huế,VN,654884
4394,new,1759017600.0,23/07/1989,M,Cô An Lê,8 Jane Số,Hồ Chí Minh,VN,805991
2073,update,1759017600.0,14/04/1996,F,Chi Mai,1 Bùi Làng,Bắc Ninh,VN,187166
2232,new,1759017600.0,17/06/1999,F,Hạnh Dương,38 Vũ Hẻm,Quảng Ninh,VN,421042
4440,update,1759017600.0,05/12/1993,M,Hà Tấn Dương,926 Mai Ngõ,Hải Phòng,VN,550356
4353,new,1759104000.0,13/02/2006,M,Cô Nhật Phạm,4 Jane Số,Hồ Chí Minh,VN,259666
3583,update,1759104000.0,05/06/1998,F,Quý cô Phương Phạm,54 John Tổ,Hà Nội,VN,187372
1473,new,1759104000.0,10/09/1969,F,Phương Hoàng Lê,9 John Hẻm,Bà Rịa - Vũng Tàu,VN,590761
2434,new,1759104000.0,16/10/1999,F,Bác Trung Trần,95 Trần Khu,Đồng Nai,VN,463696
4652,new,1759104000.0,29/03/2002,F,Lâm Đức Bùi,326 Trần Dãy,Quảng Ninh,VN,211997
3089,new,1759190400.0,04/02/2001,F,Cô Lan Lê,568 Jane Tổ,Thừa Thiên Huế,VN,281820
4697,new,1759190400.0,18/03/2003,F,Phúc Trần,8 John Khu,Hà Nội,VN,485716
3350,new,1759190400.0,15/06/2003,M,Trọng Mai,324 Jane Khu,Đà Nẵng,VN,985846
2240,new,1759190400.0,07/11/1965,F,Chị Mai Bùi,70 Jane Dãy,Bà Rịa - Vũng Tàu,VN,908942
4119,new,1759190400.0,13/05/1983,F,Bác Dũng Dương,59 Jane Đường,Hà Nội,VN,161925
4834,new,1759276800.0,04/06/1987,F,Kim Mai,60 Lê Ngõ,Bà Rịa - Vũng Tàu,VN,364992
1997,new,1759276800.0,02/04/1993,M,Anh Nhiên Mai,2 Jane Hẻm,Hồ Chí Minh,VN,589198
3743,update,1759276800.0,23/10/2002,M,Nam Hải Lê,4 John Đường,Khánh Hòa,VN,737185
1686,new,1759276800.0,14/04/1988,M,Thành Dương,1 Hoàng Số,Bà Rịa - Vũng Tàu,VN,719401
2898,update,1759276800.0,12/10/1986,F,Khoa Văn Mai,4 John Số,Đà Nẵng,VN,653674
1819,new,1759363200.0,02/09/2004,M,Phúc Nguyễn,12 Bùi Ngõ,Bình Dương,VN,873098
3452,new,1759363200.0,03/08/1982,M,Tùng Tấn Đặng,24 Nguyễn Số,Đà Nẵng,VN,366803
4085,update,1759363200.0,03/11/1988,M,Bác Dũng Mai,45 John Tổ,Nha Trang,VN,871004
4934,update,1759363200.0,23/05/1966,M,Thành Dương,7 Dương Ngõ,Bắc Ninh,VN,692875
4671,new,1759449600.0,16/04/1995,F,Bảo Trần,84 Jane Đường,Bà Rịa - Vũng Tàu,VN,275860
1358,update,1759449600.0,19/07/1976,M,Trọng Nguyễn,6 Jane Đường,Đà Nẵng,VN,975874
3292,update,1759449600.0,30/04/1999,F,Dương Đặng,6 Vũ Khu,Đà Nẵng,VN,214380
2944,new,1759449600.0,18/01/1996,F,Quý cô Khoa Lê,709 Jane Số,Hải Dương,VN,573361
3682,new,1759449600.0,26/01/2003,F,Khoa Thế Bùi,15 John Hẻm,Hải Phòng,VN,634703
3789,update,1759536000.0,28/09/2002,M,Cô Hạnh Vũ,82 Jane Tổ,Đà Nẵng,VN,229278
3449,new,1759536000.0,10/02/1990,F,Duyên Hoàng,0 John Tổ,Đồng Nai,VN,883148
3097,new,1759536000.0,04/01/1998,F,Nhật Quang Phạm,0 Jane Số,Khánh Hòa,VN,892370
3542,new,1759536000.0,11/01/2000,F,Ông Trọng Lê,6 Jane Tổ,Khánh Hòa,VN,337190
2900,new,1759536000.0,13/08/2001,M,Cô Dương Lê,0 Vũ Tổ,Bà Rịa - Vũng Tàu,VN,347766
2140,update,1759536000.0,08/04/1983,M,Anh Phúc Nguyễn,5 Bùi Khu,Đà Nẵng,VN,828472
4212,update,1759536000.0,27/06/1968,F,Bà Ngọc Lê,36 Jane Đường,Hải Phòng,VN,773271
2112,update,1759536000.0,17/01/1997,F,Bác Tú Dương,529 Đặng Hẻm,Hà Nội,VN,917600
3341,new,1759622400.0,01/11/1967,M,Khoa Trần,378 Mai Tổ,Bắc Ninh,VN,208135
1176,new,1759622400.0,12/06/1995,F,Tùng Đức Mai,82 Hoàng Số,Lâm Đồng,VN,657787
2108,update,1759622400.0,23/07/2006,F,Bà Khoa Hoàng,628 Vũ Tổ,Hồ Chí Minh,VN,555383
3131,update,1759622400.0,21/06/1997,F,Thành Trần,20 John Dãy,Hà Nội,VN,141534
1772,new,1759708800.0,10/06/2002,F,Cô Hương Lê,0 John Đường,Bà Rịa - Vũng Tàu,VN,576023
2551,new,1759708800.0,21/07/1983,M,Mai Đặng,62 John Tổ,Bắc Ninh,VN,545164
4145,update,1759708800.0,21/04/2005,M,Ông Bảo Vũ,611 John Đường,Hải Phòng,VN,511484
4074,new,1759708800.0,20/06/1965,M,Quý cô Nhật Hoàng,042 John Hẻm,Quảng Ninh,VN,888912
3811,new,1759708800.0,28/09/1969,F,Khoa Thế Lê,7 Jane Đường,Lâm Đồng,VN,292576
1208,new,1759795200.0,27/02/1996,F,Hạnh Hải Dương,49 Jane Đường,Bà Rịa - Vũng Tàu,VN,159712
2971,update,1759795200.0,21/08/1973,F,Khoa Phạm,2 Jane Dãy,Vinh,VN,246599
1714,new,1759795200.0,05/01/1982,M,Phương Trí Phạm,744 John Đường,Hồ Chí Minh,VN,793661
3754,new,1759795200.0,05/10/2005,M,Bảo Mai Dương,070 Phạm Ngõ,Thừa Thiên Huế,VN,935957
4522,new,1759795200.0,22/07/1971,F,Chi Đặng,468 John Ngõ,Hải Phòng,VN,348463
3168,new,1759795200.0,13/01/1984,F,Vũ Hoàng Phạm,03 Bùi Tổ,Bà Rịa - Vũng Tàu,VN,898718
2504,new,1759795200.0,17/07/1990,M,Bác Bảo Lê,6 John Làng,Cần Thơ,VN,969648
4856,new,1759881600.0,07/11/2001,M,Dương Phạm,241 Lê Ngõ,Bắc Ninh,VN,554238
1337,new,1759881600.0,30/08/1993,M,Thảo Phạm,8 Trần Làng,Hải Phòng,VN,833751
1577,new,1759881600.0,08/12/1982,M,Lan Nguyễn,776 Nguyễn Tổ,Hồ Chí Minh,VN,605491
4006,new,1759881600.0,14/03/2003,F,Minh Phú Lê,676 Phạm Dãy,Quảng Ninh,VN,214898
1147,new,1759881600.0,21/09/2007,M,Quý ông Minh Nguyễn,4 Phạm Khu,Cần Thơ,VN,235451
1385,new,1759881600.0,04/01/1969,M,Phương Mai,227 Dương Ngõ,Lâm Đồng,VN,841863
3040,new,1759881600.0,19/07/2005,M,Nhiên Mai,8 Hoàng Ngõ,Đồng Nai,VN,391389
1706,new,1759881600.0,29/05/1984,M,Huy Phạm,26 Jane Làng,Quảng Ninh,VN,834796
2742,new,1759881600.0,13/09/1979,M,Quý cô Ngọc Mai,77 Vũ Hẻm,Hồ Chí Minh,VN,614057
4963,update,1759968000.0,17/09/1969,M,Cô Nhật Hoàng,999 Jane Ngõ,Cần Thơ,VN,451248
1087,new,1759968000.0,23/11/1993,M,Dương Nguyễn,003 Vũ Làng,Thừa Thiên Huế,VN,718417
2041,update,1759968000.0,15/10/1996,F,Thành Vũ,712 Nguyễn Dãy,Đà Nẵng,VN,550152
4341,update,1759968000.0,09/08/1969,F,Quý cô Bảo Đặng,963 Lê Dãy,Bà Rịa - Vũng Tàu,VN,832150
1607,new,1759968000.0,28/11/1998,F,Trọng Vũ,88 Jane Hẻm,Lâm Đồng,VN,481945
4280,new,1759968000.0,10/11/1998,F,Hạnh Bảo Bùi,58 Jane Khu,Hải Phòng,VN,574002
2885,new,1759968000.0,10/02/1969,M,Quý cô Nhật Đặng,52 Nguyễn Ngõ,Hà Nội,VN,528256
3938,new,1760054400.0,05/04/1983,F,Lâm Bùi,10 John Số,Bình Dương,VN,130814
4243,new,1760054400.0,07/03/1981,M,Nhật Hoàng,71 John Tổ,Bình Dương,VN,557321
4782,new,1760054400.0,21/09/1988,F,Bà Lâm Mai,026 Trần Hẻm,Hải Phòng,VN,741325
3300,new,1760140800.0,06/07/1997,F,Chi Nguyễn,773 John Dãy,Bình Dương,VN,937966
4036,new,1760140800.0,02/10/2003,M,Quý cô Bảo Trần,1 Dương Số,Bà Rịa - Vũng Tàu,VN,840038
3585,new,1760140800.0,13/12/1998,F,Tùng Lê,657 Nguyễn Hẻm,Bắc Ninh,VN,531298
2030,new,1760140800.0,06/01/1988,F,Anh Hưng Đặng,205 Jane Làng,Hồ Chí Minh,VN,923780
4256,new,1760140800.0,07/02/2007,F,Quý ông Dũng Vũ,17 John Số,Thừa Thiên Huế,VN,274226
2734,new,1760140800.0,04/05/2001,F,Thành Hữu Trần,4 John Số,Đà Nẵng,VN,883630
2269,new,1760227200.0,29/11/1981,F,Vũ Trần,75 Hoàng Đường,Cần Thơ,VN,837720
1071,new,1760227200.0,09/02/1980,F,Anh Trung Dương,163 Jane Dãy,Lâm Đồng,VN,767041
4285,update,1760227200.0,13/04/1984,M,Trung Hoàng Trần,652 Phạm Hẻm,Hải Dương,VN,633284
3519,new,1760227200.0,28/10/2005,M,Hải Thế Hoàng,4 Hoàng Đường,Lâm Đồng,VN,793833
1644,new,1760227200.0,09/12/2006,F,Quý ông Nhiên Hoàng,5 Bùi Dãy,Hồ Chí Minh,VN,405110
3693,update,1760227200.0,28/10/2005,M,Hưng Đặng,3 Jane Dãy,Đà Nẵng,VN,291081
3599,new,1760227200.0,06/11/1996,M,Chị Ánh Lê,2 Jane Dãy,Bình Dương,VN,469002
3969,new,1760313600.0,11/03/2003,M,Minh Phạm,590 Jane Hẻm,Hải Dương,VN,930294
1695,update,1760313600.0,07/04/1980,F,Anh Minh Lê,6 Trần Khu,Hồ Chí Minh,VN,585082
3112,new,1760313600.0,13/10/2002,F,Anh Thành Hoàng,20 Jane Số,Đồng Nai,VN,751229
4057,update,1760313600.0,23/08/1982,M,Vũ Văn Nguyễn,15 Mai Làng,Hồ Chí Minh,VN,190445
2877,new,1760313600.0,04/07/2003,M,Quang Mai,1 Vũ Dãy,Nghệ An,VN,181351
3454,update,1760313600.0,16/02/2002,M,Hà Phú Nguyễn,70 John Làng,Hồ Chí Minh,VN,332839
1600,new,1760313600.0,30/05/2005,F,Tùng Phạm,319 John Dãy,Thừa Thiên Huế,VN,494929
4710,new,1760313600.0,03/01/1999,F,Lâm Trần,48 John Khu,Hải Dương,VN,324588
2300,new,1760313600.0,28/02/1996,F,Hồng Mai,5 Lê Làng,Bà Rịa - Vũng Tàu,VN,526206
4681,new,1760400000.0,17/12/1993,M,Quang Bùi,37 Đặng Đường,Hải Phòng,VN,267297
3385,new,1760400000.0,09/02/1999,F,Lan Bùi,535 Jane Tổ,Nghệ An,VN,471304
3660,new,1760400000.0,21/09/2007,F,Vi Vũ,639 John Số,Hải Phòng,VN,908672
3094,new,1760400000.0,26/09/2000,M,Tùng Đặng,2 Trần Số,Lâm Đồng,VN,848512
1066,new,1760400000.0,07/07/2004,F,Vũ Quang Phạm,42 Jane Làng,Hà Nội,VN,168052
4577,new,1760400000.0,17/07/2000,F,Chi Dương,86 Jane Làng,Bình Dương,VN,587628
3382,update,1760400000.0,29/01/2001,F,Lâm Phú Vũ,1 John Ngõ,Bà Rịa - Vũng Tàu,VN,769504
4932,new,1760486400.0,12/12/1998,F,Minh Tấn Mai,70 Đặng Ngõ,Hồ Chí Minh,VN,356762
3941,update,1760486400.0,19/07/1982,F,Chị Ánh Dương,267 John Số,Vinh,VN,250139
2706,new,1760486400.0,08/02/1987,M,Quang Phạm,89 Nguyễn Đường,Hải Phòng,VN,599561
4410,new,1760486400.0,10/09/1998,F,Anh Hoàng Đặng,48 Đặng Tổ,Đồng Nai,VN,825799
1985,new,1760486400.0,26/07/2002,F,Bác Anh Phạm,8 Lê Khu,Hà Nội,VN,502967
1208,update,1760486400.0,27/02/1996,F,Tùng Hoàng,49 Jane Đường,Bà Rịa - Vũng Tàu,VN,159712
4530,new,1760486400.0,02/04/1985,F,Quang Phạm,94 Đặng Dãy,Đồng Nai,VN,481929
2529,new,1760486400.0,11/12/1999,M,Cô Mai Lê,4 John Tổ,Hải Phòng,VN,565562
1066,update,1760486400.0,07/07/2004,F,Vũ Quang Phạm,66 Phạm Tổ,Đà Nẵng,VN,112801
3813,new,1760572800.0,18/01/1995,M,Phương Mai,524 Hoàng Ngõ,Bà Rịa - Vũng Tàu,VN,615674
2441,update,1760572800.0,18/04/1985,M,Nhật Lê,856 John Số,Cần Thơ,VN,425187
2114,new,1760572800.0,11/06/2006,M,Anh Dương,0 Dương Khu,Đà Nẵng,VN,851454
1307,new,1760572800.0,11/09/1996,F,Kim Mai Bùi,19 Jane Ngõ,Bà Rịa - Vũng Tàu,VN,570860
1005,new,1760572800.0,24/02/2001,F,Bà Phương Mai,207 Phạm Dãy,Thừa Thiên Huế,VN,249759
1760,update,1760572800.0,26/09/2002,F,Dương Mai,30 Jane Đường,Huế,VN,923795
2974,update,1760659200.0,22/09/1982,M,Khoa Tấn Lê,6 Trần Đường,Bắc Ninh,VN,851308
4236,update,1760659200.0,17/10/2005,M,Vũ Tấn Hoàng,772 Phạm Tổ,Cần Thơ,VN,156060
3282,new,1760659200.0,13/11/2006,F,Quý cô Thành Vũ,21 Phạm Khu,Hải Dương,VN,732833
1649,new,1760659200.0,15/04/1969,F,Khoa Vũ,872 Jane Tổ,Đà Nẵng,VN,494962
2093,update,1760659200.0,28/02/2006,F,Thảo Hoàng,11 Jane Số,Cần Thơ,VN,688884
1581,new,1760659200.0,09/01/2003,F,Thành Nguyễn,251 Jane Làng,Khánh Hòa,VN,641518
3323,new,1760745600.0,28/10/1991,M,Thành Thế Trần,08 Jane Số,Cần Thơ,VN,582444
3049,new,1760745600.0,13/06/1965,F,Nhiên Bảo Dương,479 Trần Ngõ,Lâm Đồng,VN,479842
2001,new,1760745600.0,04/08/2001,M,Quang Nguyễn,49 Jane Số,Bắc Ninh,VN,832128
2837,new,1760745600.0,05/04/1997,F,Quang Quang Đặng,1 Mai Hẻm,Khánh Hòa,VN,425021
1508,new,1760832000.0,08/08/2001,F,Quý ông Trọng Hoàng,83 John Khu,Đà Nẵng,VN,697123
1078,update,1760832000.0,14/12/2006,F,Hải Đặng,75 John Tổ,Thừa Thiên Huế,VN,611383
1961,new,1760832000.0,02/08/1995,F,Hạnh Vũ,991 Jane Khu,Đà Nẵng,VN,250508
2229,new,1760832000.0,03/10/1999,F,Nhật Trí Dương,28 Lê Đường,Đồng Nai,VN,104881
3505,new,1760918400.0,14/08/1968,M,Cô Hà Hoàng,17 Jane Số,Lâm Đồng,VN,453198
3805,new,1760918400.0,01/08/2000,F,Hải Hoàng Bùi,49 Jane Hẻm,Hải Phòng,VN,718706
2494,new,1760918400.0,01/02/1986,M,Minh Dương,8 Nguyễn Tổ,Hải Dương,VN,534278
4244,new,1760918400.0,14/04/1997,M,Chị Hương Lê,6 Mai Khu,Khánh Hòa,VN,292035
2249,new,1760918400.0,19/08/2006,F,Quý cô Bảo Hoàng,8 Hoàng Tổ,Hồ Chí Minh,VN,640841
1707,new,1760918400.0,17/06/2005,M,Hạnh Bảo Mai,0 Mai Ngõ,Đồng Nai,VN,615384
4124,new,1760918400.0,15/06/2002,F,Hưng Phạm,80 Nguyễn Tổ,Hồ Chí Minh,VN,817442
1805,new,1761004800.0,16/02/1998,M,Duyên Phạm,935 John Tổ,Đồng Nai,VN,944066
4811,update,1761004800.0,22/05/1997,F,Chị Khoa Bùi,625 Trần Số,Cần Thơ,VN,166570
3690,new,1761004800.0,16/04/1993,M,Cô Kim Dương,02 Vũ Khu,Lâm Đồng,VN,365278
4642,update,1761004800.0,09/04/1995,F,Anh Quang Lê,167 John Khu,Đà Nẵng,VN,632441
1174,update,1761091200.0,27/03/1994,M,Ông Trung Trần,8 Vũ Đường,Khánh Hòa,VN,534883
3760,update,1761091200.0,16/08/2001,F,Kim Dương,37 Lê Số,Cần Thơ,VN,204601
4211,new,1761091200.0,16/01/1997,M,Minh Trần,9 Dương Hẻm,Đà Nẵng,VN,384132
3230,new,1761091200.0,29/11/1998,M,Bà Thành Mai,2 Trần Số,Bình Dương,VN,536687
2948,new,1761091200.0,28/07/1988,F,Hương Vũ,1 Dương Hẻm,Cần Thơ,VN,632153
2496,new,1761091200.0,18/10/2003,M,Hạnh Đức Lê,8 Lê Số,Quảng Ninh,VN,302597
4009,new,1761091200.0,05/03/2005,F,Chị Nhật Đặng,99 Hoàng Ngõ,Bình Dương,VN,784543
1633,new,1761091200.0,19/02/2003,M,Cô Yến Mai,2 Lê Đường,Hải Phòng,VN,292737
4625,update,1761091200.0,27/03/1995,F,Thảo Đặng,393 Jane Khu,Đà Nẵng,VN,974793
4562,new,1761177600.0,30/03/1996,F,Hạnh Quang Đặng,39 Jane Làng,Hải Phòng,VN,994081
4714,new,1761177600.0,26/08/1995,F,Cô Duyên Vũ,062 John Đường,Đà Nẵng,VN,277760
4916,new,1761177600.0,03/03/2005,F,Hải Hoàng Hoàng,34 John Số,Bình Dương,VN,703770
3506,new,1761177600.0,17/08/1996,M,Khoa Hoàng Mai,19 Đặng Hẻm,Hải Dương,VN,853937
2983,new,1761177600.0,14/08/2002,F,Quý cô Kim Nguyễn,221 Jane Hẻm,Hải Dương,VN,787044
1896,new,1761177600.0,18/03/2004,M,Quý cô Hồng Dương,2 Dương Tổ,Đồng Nai,VN,604588
3168,update,1761177600.0,13/01/1984,F,Khoa Trần,03 Bùi Tổ,Bà Rịa - Vũng Tàu,VN,898718
4639,new,1761264000.0,17/01/1995,F,Anh Quang Nguyễn,4 Jane Dãy,Bình Dương,VN,713513
3175,update,1761264000.0,06/05/1980,M,Bà Lan Mai,77 John Đường,Quảng Ninh,VN,692426
2986,new,1761264000.0,20/07/2006,F,Ông Quang Đặng,566 Lê Ngõ,Khánh Hòa,VN,421092
3472,new,1761264000.0,14/07/1998,M,Quý cô Nhật Dương,76 Jane Dãy,Hà Nội,VN,779298
3654,update,1761264000.0,25/08/1991,M,Bà Mai Trần,727 Jane Tổ,Hồ Chí Minh,VN,274139
2379,new,1761264000.0,02/05/1995,M,Thành Đặng,4 Dương Số,Hà Nội,VN,237337
1548,new,1761264000.0,22/02/2007,M,Lan Nguyễn,5 John Khu,Đà Nẵng,VN,596361
1219,update,1761264000.0,16/10/2007,F,Vi Vũ,8 Mai Số,Khánh Hòa,VN,936845
2471,update,1761264000.0,17/11/1997,F,Trung Bảo Phạm,08 Trần Đường,Hải Dương,VN,993593
4595,new,1761264000.0,22/02/2001,F,Khoa Mai,9 Bùi Hẻm,Bắc Ninh,VN,282280
2384,new,1761350400.0,28/01/1994,F,Ngọc Phạm,894 Jane Ngõ,Quảng Ninh,VN,271900
3542,update,1761350400.0,11/01/2000,F,Ông Trọng Lê,68 John Làng,Nha Trang,VN,965942
3907,update,1761350400.0,17/03/1985,M,Hoàng Đức Mai,892 Lê Hẻm,Bắc Ninh,VN,501001
1689,update,1761350400.0,06/08/2003,M,Trung Trần,562 John Số,Bà Rịa - Vũng Tàu,VN,863193
1854,update,1761350400.0,27/09/2002,M,Thành Dương,3 John Làng,Hồ Chí Minh,VN,571991
4749,new,1761436800.0,25/07/1980,M,Phúc Thị Phạm,474 Dương Tổ,Lâm Đồng,VN,628854
3671,new,1761436800.0,06/03/1989,M,Hồng Phạm,351 Jane Làng,Đà Nẵng,VN,606067
2320,new,1761436800.0,04/07/1983,F,Vân Nguyễn,9 Nguyễn Ngõ,Đồng Nai,VN,741144
1595,new,1761523200.0,12/02/1976,F,Chi Nguyễn,935 Mai Hẻm,Thừa Thiên Huế,VN,510815
1480,new,1761523200.0,14/09/1996,M,Lâm Bùi,14 John Tổ,Bình Dương,VN,298142
2087,update,1761523200.0,06/10/1976,M,Ông Thành Phạm,201 John Làng,Nha Trang,VN,807993
3661,new,1761523200.0,21/12/1982,F,Bà Mai Mai,953 Jane Làng,Đà Nẵng,VN,398478
3275,new,1761523200.0,08/01/1991,F,Nhiên Bảo Phạm,71 Jane Ngõ,Hà Nội,VN,201588
2216,update,1761609600.0,03/11/1977,M,Khoa Mai,72 Jane Khu,Nghệ An,VN,409062
2214,new,1761609600.0,30/03/1996,F,Hà Xuân Đặng,8 John Đường,Cần Thơ,VN,241672
3635,update,1761609600.0,03/11/2000,F,Phúc Đức Hoàng,9 Phạm Làng,Đà Nẵng,VN,974048
4764,new,1761609600.0,23/10/1981,M,Lâm Bùi,982 Jane Đường,Cần Thơ,VN,463674
1591,new,1761609600.0,27/12/2003,M,An Đức Nguyễn,0 John Số,Hải Dương,VN,293759
4400,new,1761609600.0,07/10/2003,F,Yến Trần,263 Trần Số,Hải Phòng,VN,758555
4063,update,1761696000.0,16/11/1971,F,Lâm Đức Đặng,5 Phạm Tổ,Nha Trang,VN,662686
2773,new,1761782400.0,21/01/1999,M,Tú Mai Mai,39 Lê Ngõ,Khánh Hòa,VN,110614
2167,new,1761782400.0,08/01/1985,M,Tùng Lê,7 Phạm Số,Nghệ An,VN,466114
1054,new,1761782400.0,15/10/1984,F,Tú Mai Bảo Mai,8 Lê Làng,Quảng Ninh,VN,998212
3418,update,1761782400.0,03/11/1995,F,Huy Phạm,92 John Đường,Quảng Ninh,VN,166588
2848,new,1761782400.0,24/02/1995,M,Tú Đức Mai,8 Jane Hẻm,Hải Phòng,VN,595562
3538,new,1761782400.0,18/06/1993,M,Quý cô Hồng Bùi,8 Jane Số,Hà Nội,VN,561914
4329,new,1761868800.0,27/04/1997,F,Bác Phúc Trần,0 Vũ Tổ,Bình Dương,VN,107158
1010,new,1761868800.0,30/05/1976,F,Chị Hà Mai,30 John Đường,Đà Nẵng,VN,637198
4750,new,1761868800.0,21/01/1999,F,Dương Lê,9 John Ngõ,Quảng Ninh,VN,413202
2519,new,1761868800.0,29/09/1998,M,Linh Vũ,9 Jane Số,Khánh Hòa,VN,815749
2256,new,1761868800.0,06/04/1994,F,Anh Châu Nguyễn,472 Hoàng Làng,Nghệ An,VN,815913
3765,new,1761868800.0,02/12/1984,F,Hưng Dương,08 Bùi Đường,Nghệ An,VN,781887
1310,new,1761868800.0,05/02/1993,F,Quý ông Hưng Lê,077 Jane Số,Hồ Chí Minh,VN,770680
1284,new,1761868800.0,17/09/2001,F,Nhật Hải Hoàng,115 Trần Số,Hải Phòng,VN,150786
3162,new,1761955200.0,29/09/1983,F,Chị Mai Nguyễn,1 Vũ Làng,Bình Dương,VN,293837
3250,new,1761955200.0,25/06/1996,F,Anh Quang Trần,58 Jane Tổ,Thừa Thiên Huế,VN,461892
3817,new,1761955200.0,26/04/2000,F,Anh Phạm,185 Hoàng Khu,Bắc Ninh,VN,555137
1720,update,1761955200.0,10/11/1973,M,Châu Dương,29 John Hẻm,Nghệ An,VN,284463
1987,update,1761955200.0,22/11/2000,M,Chị Vi Lê,0 John Ngõ,Nha Trang,VN,248927
1359,new,1761955200.0,01/09/1985,F,Mai Hoàng,892 Trần Dãy,Hà Nội,VN,627950
4495,update,1762041600.0,17/02/1986,F,Nhật Bảo Đặng,2 Đặng Hẻm,Vinh,VN,995622
4225,new,1762041600.0,27/10/2000,F,Ông Anh Mai,434 Phạm Làng,Khánh Hòa,VN,744493
3905,update,1762041600.0,13/11/2000,F,Hải Đức Mai,86 Dương Ngõ,Quảng Ninh,VN,967436
1731,new,1762041600.0,19/09/2007,M,Trung Lê,21 Jane Đường,Hà Nội,VN,942644
4691,update,1762041600.0,27/12/1979,M,Quý ông Anh Hoàng,3 Jane Đường,Hải Phòng,VN,764634
4646,new,1762041600.0,23/10/1992,M,An Phạm,57 Trần Tổ,Bà Rịa - Vũng Tàu,VN,867987
2698,new,1762041600.0,01/11/1989,F,Bảo Quang Mai,24 John Số,Khánh Hòa,VN,539094
4576,new,1762041600.0,11/10/2004,M,Huy Phạm,035 Dương Hẻm,Bắc Ninh,VN,665701
4389,new,1762041600.0,17/01/1986,M,Quang Vũ,3 Jane Dãy,Quảng Ninh,VN,870354
2792,update,1762041600.0,22/04/1985,M,Cô Mai Vũ,53 Jane Khu,Đồng Nai,VN,111654
4221,new,1762128000.0,03/05/2005,F,Khoa Đức Vũ,311 John Số,Đồng Nai,VN,756716
4453,new,1762128000.0,21/06/1994,F,Khoa Mai,2 Dương Tổ,Hồ Chí Minh,VN,163615
1200,new,1762128000.0,12/08/1984,M,Minh Xuân Bùi,612 Bùi Ngõ,Nghệ An,VN,345583
2579,update,1762128000.0,22/07/2003,M,Huy Mai Bảo Phạm,14 Lê Số,Hà Nội,VN,407055
2280,new,1762128000.0,19/01/1970,M,Bà Phương Phạm,21 Phạm Làng,Thừa Thiên Huế,VN,120449
3081,update,1762214400.0,22/02/1999,M,Quý ông Nhiên Dương,4 Dương Hẻm,Hà Nội,VN,686542
4888,new,1762214400.0,19/10/2004,F,Duyên Trần,3 Dương Làng,Nghệ An,VN,617510
2813,new,1762214400.0,05/05/2007,M,Cô Nhật Vũ,031 John Hẻm,Bắc Ninh,VN,995261
3455,update,1762214400.0,26/12/2007,F,Quý cô Nhật Hoàng,69 Nguyễn Dãy,Cần Thơ,VN,763135
3041,update,1762214400.0,05/09/1991,M,Xuân Nguyễn,40 Đặng Khu,Hà Nội,VN,195540
3781,new,1762214400.0,19/06/1985,M,Khoa Nguyễn,2 Vũ Tổ,Đà Nẵng,VN,610379
1669,new,1762214400.0,19/07/1983,M,Chị Lan Nguyễn,356 Phạm Khu,Nghệ An,VN,264810
1828,update,1762300800.0,26/01/1995,F,Tùng Nguyễn,612 Dương Ngõ,Nha Trang,VN,975235
1098,new,1762300800.0,06/06/2007,M,Bác Anh Lê,8 John Hẻm,Bắc Ninh,VN,283472
2926,new,1762300800.0,09/05/2004,M,Tú Bùi,161 Jane Dãy,Hà Nội,VN,950869
4705,new,1762300800.0,29/04/1992,F,Lâm Thị Bùi,9 John Tổ,Bắc Ninh,VN,498969
3782,new,1762300800.0,24/08/1995,M,Nhật Vũ,25 Hoàng Làng,Thừa Thiên Huế,VN,347068
4131,new,1762300800.0,07/06/1987,M,Hà Thị Vũ,55 Trần Đường,Hải Phòng,VN,666285
1904,new,1762300800.0,10/01/2006,F,Cô Ánh Nguyễn,295 Dương Ngõ,Hồ Chí Minh,VN,932462
3744,new,1762300800.0,20/08/2000,M,Bảo Hoàng,2 Hoàng Ngõ,Lâm Đồng,VN,427854
4873,update,1762387200.0,26/03/2004,F,Minh Bùi,1 Hoàng Ngõ,Quảng Ninh,VN,543373
4536,new,1762387200.0,19/08/2005,M,Tú Vũ,980 John Khu,Khánh Hòa,VN,603692
2687,new,1762387200.0,28/11/1978,F,Trung Hoàng Phạm,280 Vũ Tổ,Bắc Ninh,VN,618578
1998,new,1762473600.0,28/04/1973,F,Nhiên Đức Hoàng,185 Jane Tổ,Bình Dương,VN,204637
4755,new,1762473600.0,12/10/1989,F,Nhật Phạm,7 Jane Khu,Hải Dương,VN,338634
1011,new,1762560000.0,05/10/1971,F,Ngọc Dương,6 Nguyễn Khu,Bà Rịa - Vũng Tàu,VN,944705
4458,update,1762560000.0,28/06/1985,F,Trung Trí Đặng,1 Nguyễn Dãy,Cần Thơ,VN,979502
4947,new,1762560000.0,13/08/1988,M,Linh Bùi,397 Đặng Đường,Khánh Hòa,VN,798590
2086,update,1762560000.0,05/07/1980,F,Trọng Trần,3 Bùi Dãy,Quảng Ninh,VN,230501
2268,new,1762646400.0,28/08/2001,M,Hà Đức Nguyễn,13 Jane Đường,Lâm Đồng,VN,585664
4814,update,1762646400.0,11/03/1986,M,Bà Ngọc Vũ,171 Mai Đường,Hồ Chí Minh,VN,824613
2300,update,1762646400.0,28/02/1996,F,Hồng Mai,802 John Đường,Nha Trang,VN,318578
3697,new,1762646400.0,27/12/1996,F,Hoàng Hoàng Dương,683 Hoàng Làng,Bình Dương,VN,398814
3944,new,1762646400.0,10/10/1969,F,Ánh Nguyễn,32 Vũ Làng,Hải Phòng,VN,378967
1953,new,1762646400.0,04/11/1999,M,Châu Tấn Phạm,486 Jane Đường,Nghệ An,VN,754702
1872,new,1762646400.0,22/06/1997,F,Cô An Bùi,0 Jane Làng,Khánh Hòa,VN,225091
1698,update,1762646400.0,13/03/1997,M,Chị Hương Nguyễn,603 Trần Đường,Đà Nẵng,VN,516523
1804,update,1762732800.0,16/03/1980,F,Quý ông Châu Phạm,059 Hoàng Khu,Đà Nẵng,VN,436474
1679,update,1762732800.0,21/02/1988,F,Bà Duyên Lê,588 Jane Số,Hải Phòng,VN,369120
1304,new,1762732800.0,29/07/1998,M,Vân Mai,79 Jane Đường,Hà Nội,VN,104794
3632,new,1762732800.0,17/06/1997,F,Cô Vi Đặng,73 Jane Tổ,Thừa Thiên Huế,VN,980035
4747,new,1762732800.0,22/10/1999,F,An Quang Phạm,7 Vũ Khu,Lâm Đồng,VN,157562
2466,new,1762732800.0,08/11/1984,F,Ông Phúc Phạm,816 John Hẻm,Đà Nẵng,VN,325523
2463,update,1762732800.0,02/11/2001,M,Duyên Dương,20 Nguyễn Hẻm,Hồ Chí Minh,VN,899027
2457,new,1762732800.0,08/10/2001,M,Hà Đức Bùi,26 John Hẻm,Bắc Ninh,VN,955042
2784,new,1762732800.0,13/05/1989,M,An Bùi,2 Jane Số,Hải Phòng,VN,934818
3886,new,1762732800.0,02/06/1973,M,Anh Thành Phạm,72 Dương Làng,Hà Nội,VN,745358
4994,new,1762732800.0,05/08/2006,M,Bà Hương Đặng,596 Jane Làng,Lâm Đồng,VN,407184
4254,new,1762732800.0,03/10/1993,F,Anh Châu Nguyễn,80 Vũ Đường,Bắc Ninh,VN,956545
3560,update,1762732800.0,25/11/2004,F,Dũng Thị Vũ,5 Đặng Khu,Cần Thơ,VN,377936
2956,new,1762819200.0,30/08/1983,F,Bà Chi Bùi,745 Jane Hẻm,Khánh Hòa,VN,144185
4155,new,1762819200.0,05/02/1999,F,Phúc Đặng,77 Jane Ngõ,Bà Rịa - Vũng Tàu,VN,739852
4501,new,1762819200.0,30/09/1984,F,Quang Xuân Lê,7 John Dãy,Đà Nẵng,VN,485136
2963,new,1762819200.0,16/03/1997,F,Lâm Bùi,744 John Số,Hồ Chí Minh,VN,881072
1923,new,1762819200.0,03/10/2007,F,Hà Quang Nguyễn,35 Vũ Hẻm,Hà Nội,VN,420467
1498,new,1762819200.0,26/09/1996,F,Hải Vũ,19 Đặng Đường,Bình Dương,VN,843010
1051,new,1762819200.0,23/02/2007,M,Phương Lê,155 Jane Hẻm,Khánh Hòa,VN,908730
3865,new,1762819200.0,18/12/2007,M,Nam Quang Phạm,71 Jane Dãy,Hải Phòng,VN,199372
4783,new,1762905600.0,14/05/2006,F,Ông Quang Nguyễn,2 Jane Đường,Hà Nội,VN,551795
3856,update,1762905600.0,09/03/2005,F,Quý ông Quang Đặng,98 Vũ Khu,Hà Nội,VN,910502
1532,new,1762905600.0,18/06/1973,F,Hải Đức Hoàng,2 Jane Tổ,Lâm Đồng,VN,633218
4913,new,1762905600.0,02/05/2003,M,Ông Nhiên Đặng,6 Jane Ngõ,Hải Phòng,VN,792314
3988,new,1762905600.0,12/02/2006,M,Thành Lê,39 Bùi Số,Nghệ An,VN,762787
3314,update,1762992000.0,01/05/1997,M,Nhiên Văn Mai,479 Jane Dãy,Hải Phòng,VN,877828
1643,new,1762992000.0,12/11/1982,F,Khoa Hữu Bùi,80 John Hẻm,Nghệ An,VN,553905
3565,new,1762992000.0,05/10/1997,M,Kim Quang Dương,85 Bùi Hẻm,Bình Dương,VN,325310
1081,new,1762992000.0,01/02/2002,F,Chị Lan Bùi,482 Dương Ngõ,Khánh Hòa,VN,923985
1755,new,1762992000.0,03/09/1988,M,Nhật Mai,293 Dương Hẻm,Hải Dương,VN,606774
2950,update,1762992000.0,03/12/2003,M,Ngọc Đặng,45 Đặng Đường,Hồ Chí Minh,VN,252545
2299,new,1762992000.0,19/11/2003,M,Kim Trần,519 Vũ Làng,Thừa Thiên Huế,VN,126981
1448,new,1762992000.0,02/08/1975,M,Chị Hồng Mai,616 Dương Dãy,Bình Dương,VN,815995
2771,new,1762992000.0,24/12/2006,F,Huy Trần,2 Lê Đường,Cần Thơ,VN,639596
1209,new,1762992000.0,03/04/2007,F,Quý cô Dương Phạm,8 Lê Làng,Hà Nội,VN,506038
1171,new,1763078400.0,11/08/1996,F,Hoàng Thế Hoàng,1 John Khu,Lâm Đồng,VN,104237
1024,new,1763078400.0,22/04/2007,M,Thành Nguyễn,38 Jane Hẻm,Bà Rịa - Vũng Tàu,VN,274941
2137,new,1763078400.0,08/08/2007,M,Quý cô Nhật Hoàng,601 Bùi Làng,Hồ Chí Minh,VN,603996
1813,new,1763078400.0,15/10/1995,F,Chị Linh Trần,62 Jane Đường,Thừa Thiên Huế,VN,930240
2182,new,1763078400.0,22/05/1982,M,Ông Hưng Phạm,153 Dương Hẻm,Bắc Ninh,VN,217453
1984,new,1763078400.0,15/03/2001,M,Bà Nhật Phạm,3 Vũ Số,Nghệ An,VN,658603
4250,new,1763078400.0,15/02/1995,F,Cô Mai Hoàng,2 John Đường,Bà Rịa - Vũng Tàu,VN,823901
4954,new,1763078400.0,12/06/2006,M,Bảo Phạm,02 Hoàng Khu,Đồng Nai,VN,645739
3611,new,1763078400.0,23/10/2002,F,Tùng Bùi,38 Trần Làng,Bắc Ninh,VN,216270
4450,new,1763078400.0,27/09/2005,F,Yến Đặng,38 John Đường,Bình Dương,VN,399179
4114,new,1763078400.0,07/04/1999,M,Anh Hoàng Bùi,42 Jane Tổ,Hồ Chí Minh,VN,436314
4427,update,1763164800.0,10/06/2002,F,Chị Nhật Đặng,89 Jane Dãy,Cần Thơ,VN,149417
3350,update,1763164800.0,15/06/2003,M,Trọng Mai,0 John Khu,Đà Nẵng,VN,927992
